#! /usr/local/bin/vvp
:ivl_version "13.0 (devel)";
:ivl_delay_selection "TYPICAL";
:vpi_time_precision - 12;
:vpi_module "/usr/local/lib/ivl/system.vpi";
:vpi_module "/usr/local/lib/ivl/vhdl_sys.vpi";
:vpi_module "/usr/local/lib/ivl/vhdl_textio.vpi";
:vpi_module "/usr/local/lib/ivl/v2005_math.vpi";
:vpi_module "/usr/local/lib/ivl/va_math.vpi";
S_0x9fb59a0 .scope module, "hart_tb" "hart_tb" 2 2;
 .timescale -9 -12;
P_0x9d4e130 .param/l "DEBUG" 0 2 3, +C4<00000000000000000000000000000000>;
v0xa43dc90_0 .var "clk", 0 0;
v0xa43dd50_0 .var/i "cycles", 31 0;
v0xa43de30 .array "dmem", 1023 0, 7 0;
v0xa447ec0_0 .net "dmem_addr", 31 0, L_0xa53ef20;  1 drivers
v0xa447f80_0 .net "dmem_mask", 3 0, L_0xa539ce0;  1 drivers
v0xa448090_0 .var "dmem_rdata", 31 0;
v0xa4481e0_0 .net "dmem_ren", 0 0, L_0xa53a890;  1 drivers
v0xa448280_0 .net "dmem_wdata", 31 0, L_0xa54bcf0;  1 drivers
v0xa4483d0_0 .net "dmem_wen", 0 0, L_0xa53ed80;  1 drivers
v0xa448500_0 .net "halt", 0 0, L_0xa549080;  1 drivers
v0xa4485a0 .array "imem", 1023 0, 7 0;
v0xa452670_0 .net "imem_raddr", 31 0, L_0xa4745a0;  1 drivers
v0xa452730_0 .var "imem_rdata", 31 0;
v0xa4527f0_0 .net "inst", 31 0, L_0xa548c10;  1 drivers
v0xa4528b0_0 .net "next_pc", 31 0, L_0xa5499a0;  1 drivers
v0xa452970_0 .var/i "num_instructions", 31 0;
v0xa452a50_0 .net "pc", 31 0, L_0xa5496e0;  1 drivers
v0xa452c20_0 .net "rd_waddr", 4 0, L_0xa549cc0;  1 drivers
RS_0x7f41ebe88938 .resolv tri, L_0xa549320, L_0xa549fc0;
v0xa452ce0_0 .net8 "rd_wdata", 31 0, RS_0x7f41ebe88938;  2 drivers
v0xa452d80_0 .net "retire_dmem_addr", 31 0, L_0xa54ae70;  1 drivers
v0xa452e20_0 .net "retire_dmem_mask", 3 0, L_0xa54b590;  1 drivers
v0xa452ee0_0 .net "retire_dmem_rdata", 31 0, L_0xa54baa0;  1 drivers
v0xa452fa0_0 .net "retire_dmem_ren", 0 0, L_0xa54b0c0;  1 drivers
v0xa453040_0 .net "retire_dmem_wdata", 31 0, L_0xa54b810;  1 drivers
v0xa453100_0 .net "retire_dmem_wen", 0 0, L_0xa54b320;  1 drivers
v0xa4531a0_0 .net "rs1_raddr", 4 0, L_0xa54a2d0;  1 drivers
v0xa453260_0 .net "rs1_rdata", 31 0, L_0xa54a7a0;  1 drivers
v0xa453300_0 .net "rs2_raddr", 4 0, L_0xa54a530;  1 drivers
v0xa4533a0_0 .net "rs2_rdata", 31 0, L_0xa54aa20;  1 drivers
v0xa453440_0 .var "rst", 0 0;
v0xa4534e0_0 .var/i "run", 31 0;
v0xa4535a0_0 .net "trap", 0 0, L_0xa548e40;  1 drivers
v0xa453670_0 .net "valid", 0 0, L_0xa5489a0;  1 drivers
v0xa453740_0 .var/i "watchdog", 31 0;
E_0x9d2df80 .event negedge, v0xa2ee930_0;
v0xa43de30_0 .array/port v0xa43de30, 0;
E_0x9d2e430/0 .event anyedge, v0xa41dbc0_0, v0xa41d920_0, v0xa41d860_0, v0xa43de30_0;
v0xa43de30_1 .array/port v0xa43de30, 1;
v0xa43de30_2 .array/port v0xa43de30, 2;
v0xa43de30_3 .array/port v0xa43de30, 3;
v0xa43de30_4 .array/port v0xa43de30, 4;
E_0x9d2e430/1 .event anyedge, v0xa43de30_1, v0xa43de30_2, v0xa43de30_3, v0xa43de30_4;
v0xa43de30_5 .array/port v0xa43de30, 5;
v0xa43de30_6 .array/port v0xa43de30, 6;
v0xa43de30_7 .array/port v0xa43de30, 7;
v0xa43de30_8 .array/port v0xa43de30, 8;
E_0x9d2e430/2 .event anyedge, v0xa43de30_5, v0xa43de30_6, v0xa43de30_7, v0xa43de30_8;
v0xa43de30_9 .array/port v0xa43de30, 9;
v0xa43de30_10 .array/port v0xa43de30, 10;
v0xa43de30_11 .array/port v0xa43de30, 11;
v0xa43de30_12 .array/port v0xa43de30, 12;
E_0x9d2e430/3 .event anyedge, v0xa43de30_9, v0xa43de30_10, v0xa43de30_11, v0xa43de30_12;
v0xa43de30_13 .array/port v0xa43de30, 13;
v0xa43de30_14 .array/port v0xa43de30, 14;
v0xa43de30_15 .array/port v0xa43de30, 15;
v0xa43de30_16 .array/port v0xa43de30, 16;
E_0x9d2e430/4 .event anyedge, v0xa43de30_13, v0xa43de30_14, v0xa43de30_15, v0xa43de30_16;
v0xa43de30_17 .array/port v0xa43de30, 17;
v0xa43de30_18 .array/port v0xa43de30, 18;
v0xa43de30_19 .array/port v0xa43de30, 19;
v0xa43de30_20 .array/port v0xa43de30, 20;
E_0x9d2e430/5 .event anyedge, v0xa43de30_17, v0xa43de30_18, v0xa43de30_19, v0xa43de30_20;
v0xa43de30_21 .array/port v0xa43de30, 21;
v0xa43de30_22 .array/port v0xa43de30, 22;
v0xa43de30_23 .array/port v0xa43de30, 23;
v0xa43de30_24 .array/port v0xa43de30, 24;
E_0x9d2e430/6 .event anyedge, v0xa43de30_21, v0xa43de30_22, v0xa43de30_23, v0xa43de30_24;
v0xa43de30_25 .array/port v0xa43de30, 25;
v0xa43de30_26 .array/port v0xa43de30, 26;
v0xa43de30_27 .array/port v0xa43de30, 27;
v0xa43de30_28 .array/port v0xa43de30, 28;
E_0x9d2e430/7 .event anyedge, v0xa43de30_25, v0xa43de30_26, v0xa43de30_27, v0xa43de30_28;
v0xa43de30_29 .array/port v0xa43de30, 29;
v0xa43de30_30 .array/port v0xa43de30, 30;
v0xa43de30_31 .array/port v0xa43de30, 31;
v0xa43de30_32 .array/port v0xa43de30, 32;
E_0x9d2e430/8 .event anyedge, v0xa43de30_29, v0xa43de30_30, v0xa43de30_31, v0xa43de30_32;
v0xa43de30_33 .array/port v0xa43de30, 33;
v0xa43de30_34 .array/port v0xa43de30, 34;
v0xa43de30_35 .array/port v0xa43de30, 35;
v0xa43de30_36 .array/port v0xa43de30, 36;
E_0x9d2e430/9 .event anyedge, v0xa43de30_33, v0xa43de30_34, v0xa43de30_35, v0xa43de30_36;
v0xa43de30_37 .array/port v0xa43de30, 37;
v0xa43de30_38 .array/port v0xa43de30, 38;
v0xa43de30_39 .array/port v0xa43de30, 39;
v0xa43de30_40 .array/port v0xa43de30, 40;
E_0x9d2e430/10 .event anyedge, v0xa43de30_37, v0xa43de30_38, v0xa43de30_39, v0xa43de30_40;
v0xa43de30_41 .array/port v0xa43de30, 41;
v0xa43de30_42 .array/port v0xa43de30, 42;
v0xa43de30_43 .array/port v0xa43de30, 43;
v0xa43de30_44 .array/port v0xa43de30, 44;
E_0x9d2e430/11 .event anyedge, v0xa43de30_41, v0xa43de30_42, v0xa43de30_43, v0xa43de30_44;
v0xa43de30_45 .array/port v0xa43de30, 45;
v0xa43de30_46 .array/port v0xa43de30, 46;
v0xa43de30_47 .array/port v0xa43de30, 47;
v0xa43de30_48 .array/port v0xa43de30, 48;
E_0x9d2e430/12 .event anyedge, v0xa43de30_45, v0xa43de30_46, v0xa43de30_47, v0xa43de30_48;
v0xa43de30_49 .array/port v0xa43de30, 49;
v0xa43de30_50 .array/port v0xa43de30, 50;
v0xa43de30_51 .array/port v0xa43de30, 51;
v0xa43de30_52 .array/port v0xa43de30, 52;
E_0x9d2e430/13 .event anyedge, v0xa43de30_49, v0xa43de30_50, v0xa43de30_51, v0xa43de30_52;
v0xa43de30_53 .array/port v0xa43de30, 53;
v0xa43de30_54 .array/port v0xa43de30, 54;
v0xa43de30_55 .array/port v0xa43de30, 55;
v0xa43de30_56 .array/port v0xa43de30, 56;
E_0x9d2e430/14 .event anyedge, v0xa43de30_53, v0xa43de30_54, v0xa43de30_55, v0xa43de30_56;
v0xa43de30_57 .array/port v0xa43de30, 57;
v0xa43de30_58 .array/port v0xa43de30, 58;
v0xa43de30_59 .array/port v0xa43de30, 59;
v0xa43de30_60 .array/port v0xa43de30, 60;
E_0x9d2e430/15 .event anyedge, v0xa43de30_57, v0xa43de30_58, v0xa43de30_59, v0xa43de30_60;
v0xa43de30_61 .array/port v0xa43de30, 61;
v0xa43de30_62 .array/port v0xa43de30, 62;
v0xa43de30_63 .array/port v0xa43de30, 63;
v0xa43de30_64 .array/port v0xa43de30, 64;
E_0x9d2e430/16 .event anyedge, v0xa43de30_61, v0xa43de30_62, v0xa43de30_63, v0xa43de30_64;
v0xa43de30_65 .array/port v0xa43de30, 65;
v0xa43de30_66 .array/port v0xa43de30, 66;
v0xa43de30_67 .array/port v0xa43de30, 67;
v0xa43de30_68 .array/port v0xa43de30, 68;
E_0x9d2e430/17 .event anyedge, v0xa43de30_65, v0xa43de30_66, v0xa43de30_67, v0xa43de30_68;
v0xa43de30_69 .array/port v0xa43de30, 69;
v0xa43de30_70 .array/port v0xa43de30, 70;
v0xa43de30_71 .array/port v0xa43de30, 71;
v0xa43de30_72 .array/port v0xa43de30, 72;
E_0x9d2e430/18 .event anyedge, v0xa43de30_69, v0xa43de30_70, v0xa43de30_71, v0xa43de30_72;
v0xa43de30_73 .array/port v0xa43de30, 73;
v0xa43de30_74 .array/port v0xa43de30, 74;
v0xa43de30_75 .array/port v0xa43de30, 75;
v0xa43de30_76 .array/port v0xa43de30, 76;
E_0x9d2e430/19 .event anyedge, v0xa43de30_73, v0xa43de30_74, v0xa43de30_75, v0xa43de30_76;
v0xa43de30_77 .array/port v0xa43de30, 77;
v0xa43de30_78 .array/port v0xa43de30, 78;
v0xa43de30_79 .array/port v0xa43de30, 79;
v0xa43de30_80 .array/port v0xa43de30, 80;
E_0x9d2e430/20 .event anyedge, v0xa43de30_77, v0xa43de30_78, v0xa43de30_79, v0xa43de30_80;
v0xa43de30_81 .array/port v0xa43de30, 81;
v0xa43de30_82 .array/port v0xa43de30, 82;
v0xa43de30_83 .array/port v0xa43de30, 83;
v0xa43de30_84 .array/port v0xa43de30, 84;
E_0x9d2e430/21 .event anyedge, v0xa43de30_81, v0xa43de30_82, v0xa43de30_83, v0xa43de30_84;
v0xa43de30_85 .array/port v0xa43de30, 85;
v0xa43de30_86 .array/port v0xa43de30, 86;
v0xa43de30_87 .array/port v0xa43de30, 87;
v0xa43de30_88 .array/port v0xa43de30, 88;
E_0x9d2e430/22 .event anyedge, v0xa43de30_85, v0xa43de30_86, v0xa43de30_87, v0xa43de30_88;
v0xa43de30_89 .array/port v0xa43de30, 89;
v0xa43de30_90 .array/port v0xa43de30, 90;
v0xa43de30_91 .array/port v0xa43de30, 91;
v0xa43de30_92 .array/port v0xa43de30, 92;
E_0x9d2e430/23 .event anyedge, v0xa43de30_89, v0xa43de30_90, v0xa43de30_91, v0xa43de30_92;
v0xa43de30_93 .array/port v0xa43de30, 93;
v0xa43de30_94 .array/port v0xa43de30, 94;
v0xa43de30_95 .array/port v0xa43de30, 95;
v0xa43de30_96 .array/port v0xa43de30, 96;
E_0x9d2e430/24 .event anyedge, v0xa43de30_93, v0xa43de30_94, v0xa43de30_95, v0xa43de30_96;
v0xa43de30_97 .array/port v0xa43de30, 97;
v0xa43de30_98 .array/port v0xa43de30, 98;
v0xa43de30_99 .array/port v0xa43de30, 99;
v0xa43de30_100 .array/port v0xa43de30, 100;
E_0x9d2e430/25 .event anyedge, v0xa43de30_97, v0xa43de30_98, v0xa43de30_99, v0xa43de30_100;
v0xa43de30_101 .array/port v0xa43de30, 101;
v0xa43de30_102 .array/port v0xa43de30, 102;
v0xa43de30_103 .array/port v0xa43de30, 103;
v0xa43de30_104 .array/port v0xa43de30, 104;
E_0x9d2e430/26 .event anyedge, v0xa43de30_101, v0xa43de30_102, v0xa43de30_103, v0xa43de30_104;
v0xa43de30_105 .array/port v0xa43de30, 105;
v0xa43de30_106 .array/port v0xa43de30, 106;
v0xa43de30_107 .array/port v0xa43de30, 107;
v0xa43de30_108 .array/port v0xa43de30, 108;
E_0x9d2e430/27 .event anyedge, v0xa43de30_105, v0xa43de30_106, v0xa43de30_107, v0xa43de30_108;
v0xa43de30_109 .array/port v0xa43de30, 109;
v0xa43de30_110 .array/port v0xa43de30, 110;
v0xa43de30_111 .array/port v0xa43de30, 111;
v0xa43de30_112 .array/port v0xa43de30, 112;
E_0x9d2e430/28 .event anyedge, v0xa43de30_109, v0xa43de30_110, v0xa43de30_111, v0xa43de30_112;
v0xa43de30_113 .array/port v0xa43de30, 113;
v0xa43de30_114 .array/port v0xa43de30, 114;
v0xa43de30_115 .array/port v0xa43de30, 115;
v0xa43de30_116 .array/port v0xa43de30, 116;
E_0x9d2e430/29 .event anyedge, v0xa43de30_113, v0xa43de30_114, v0xa43de30_115, v0xa43de30_116;
v0xa43de30_117 .array/port v0xa43de30, 117;
v0xa43de30_118 .array/port v0xa43de30, 118;
v0xa43de30_119 .array/port v0xa43de30, 119;
v0xa43de30_120 .array/port v0xa43de30, 120;
E_0x9d2e430/30 .event anyedge, v0xa43de30_117, v0xa43de30_118, v0xa43de30_119, v0xa43de30_120;
v0xa43de30_121 .array/port v0xa43de30, 121;
v0xa43de30_122 .array/port v0xa43de30, 122;
v0xa43de30_123 .array/port v0xa43de30, 123;
v0xa43de30_124 .array/port v0xa43de30, 124;
E_0x9d2e430/31 .event anyedge, v0xa43de30_121, v0xa43de30_122, v0xa43de30_123, v0xa43de30_124;
v0xa43de30_125 .array/port v0xa43de30, 125;
v0xa43de30_126 .array/port v0xa43de30, 126;
v0xa43de30_127 .array/port v0xa43de30, 127;
v0xa43de30_128 .array/port v0xa43de30, 128;
E_0x9d2e430/32 .event anyedge, v0xa43de30_125, v0xa43de30_126, v0xa43de30_127, v0xa43de30_128;
v0xa43de30_129 .array/port v0xa43de30, 129;
v0xa43de30_130 .array/port v0xa43de30, 130;
v0xa43de30_131 .array/port v0xa43de30, 131;
v0xa43de30_132 .array/port v0xa43de30, 132;
E_0x9d2e430/33 .event anyedge, v0xa43de30_129, v0xa43de30_130, v0xa43de30_131, v0xa43de30_132;
v0xa43de30_133 .array/port v0xa43de30, 133;
v0xa43de30_134 .array/port v0xa43de30, 134;
v0xa43de30_135 .array/port v0xa43de30, 135;
v0xa43de30_136 .array/port v0xa43de30, 136;
E_0x9d2e430/34 .event anyedge, v0xa43de30_133, v0xa43de30_134, v0xa43de30_135, v0xa43de30_136;
v0xa43de30_137 .array/port v0xa43de30, 137;
v0xa43de30_138 .array/port v0xa43de30, 138;
v0xa43de30_139 .array/port v0xa43de30, 139;
v0xa43de30_140 .array/port v0xa43de30, 140;
E_0x9d2e430/35 .event anyedge, v0xa43de30_137, v0xa43de30_138, v0xa43de30_139, v0xa43de30_140;
v0xa43de30_141 .array/port v0xa43de30, 141;
v0xa43de30_142 .array/port v0xa43de30, 142;
v0xa43de30_143 .array/port v0xa43de30, 143;
v0xa43de30_144 .array/port v0xa43de30, 144;
E_0x9d2e430/36 .event anyedge, v0xa43de30_141, v0xa43de30_142, v0xa43de30_143, v0xa43de30_144;
v0xa43de30_145 .array/port v0xa43de30, 145;
v0xa43de30_146 .array/port v0xa43de30, 146;
v0xa43de30_147 .array/port v0xa43de30, 147;
v0xa43de30_148 .array/port v0xa43de30, 148;
E_0x9d2e430/37 .event anyedge, v0xa43de30_145, v0xa43de30_146, v0xa43de30_147, v0xa43de30_148;
v0xa43de30_149 .array/port v0xa43de30, 149;
v0xa43de30_150 .array/port v0xa43de30, 150;
v0xa43de30_151 .array/port v0xa43de30, 151;
v0xa43de30_152 .array/port v0xa43de30, 152;
E_0x9d2e430/38 .event anyedge, v0xa43de30_149, v0xa43de30_150, v0xa43de30_151, v0xa43de30_152;
v0xa43de30_153 .array/port v0xa43de30, 153;
v0xa43de30_154 .array/port v0xa43de30, 154;
v0xa43de30_155 .array/port v0xa43de30, 155;
v0xa43de30_156 .array/port v0xa43de30, 156;
E_0x9d2e430/39 .event anyedge, v0xa43de30_153, v0xa43de30_154, v0xa43de30_155, v0xa43de30_156;
v0xa43de30_157 .array/port v0xa43de30, 157;
v0xa43de30_158 .array/port v0xa43de30, 158;
v0xa43de30_159 .array/port v0xa43de30, 159;
v0xa43de30_160 .array/port v0xa43de30, 160;
E_0x9d2e430/40 .event anyedge, v0xa43de30_157, v0xa43de30_158, v0xa43de30_159, v0xa43de30_160;
v0xa43de30_161 .array/port v0xa43de30, 161;
v0xa43de30_162 .array/port v0xa43de30, 162;
v0xa43de30_163 .array/port v0xa43de30, 163;
v0xa43de30_164 .array/port v0xa43de30, 164;
E_0x9d2e430/41 .event anyedge, v0xa43de30_161, v0xa43de30_162, v0xa43de30_163, v0xa43de30_164;
v0xa43de30_165 .array/port v0xa43de30, 165;
v0xa43de30_166 .array/port v0xa43de30, 166;
v0xa43de30_167 .array/port v0xa43de30, 167;
v0xa43de30_168 .array/port v0xa43de30, 168;
E_0x9d2e430/42 .event anyedge, v0xa43de30_165, v0xa43de30_166, v0xa43de30_167, v0xa43de30_168;
v0xa43de30_169 .array/port v0xa43de30, 169;
v0xa43de30_170 .array/port v0xa43de30, 170;
v0xa43de30_171 .array/port v0xa43de30, 171;
v0xa43de30_172 .array/port v0xa43de30, 172;
E_0x9d2e430/43 .event anyedge, v0xa43de30_169, v0xa43de30_170, v0xa43de30_171, v0xa43de30_172;
v0xa43de30_173 .array/port v0xa43de30, 173;
v0xa43de30_174 .array/port v0xa43de30, 174;
v0xa43de30_175 .array/port v0xa43de30, 175;
v0xa43de30_176 .array/port v0xa43de30, 176;
E_0x9d2e430/44 .event anyedge, v0xa43de30_173, v0xa43de30_174, v0xa43de30_175, v0xa43de30_176;
v0xa43de30_177 .array/port v0xa43de30, 177;
v0xa43de30_178 .array/port v0xa43de30, 178;
v0xa43de30_179 .array/port v0xa43de30, 179;
v0xa43de30_180 .array/port v0xa43de30, 180;
E_0x9d2e430/45 .event anyedge, v0xa43de30_177, v0xa43de30_178, v0xa43de30_179, v0xa43de30_180;
v0xa43de30_181 .array/port v0xa43de30, 181;
v0xa43de30_182 .array/port v0xa43de30, 182;
v0xa43de30_183 .array/port v0xa43de30, 183;
v0xa43de30_184 .array/port v0xa43de30, 184;
E_0x9d2e430/46 .event anyedge, v0xa43de30_181, v0xa43de30_182, v0xa43de30_183, v0xa43de30_184;
v0xa43de30_185 .array/port v0xa43de30, 185;
v0xa43de30_186 .array/port v0xa43de30, 186;
v0xa43de30_187 .array/port v0xa43de30, 187;
v0xa43de30_188 .array/port v0xa43de30, 188;
E_0x9d2e430/47 .event anyedge, v0xa43de30_185, v0xa43de30_186, v0xa43de30_187, v0xa43de30_188;
v0xa43de30_189 .array/port v0xa43de30, 189;
v0xa43de30_190 .array/port v0xa43de30, 190;
v0xa43de30_191 .array/port v0xa43de30, 191;
v0xa43de30_192 .array/port v0xa43de30, 192;
E_0x9d2e430/48 .event anyedge, v0xa43de30_189, v0xa43de30_190, v0xa43de30_191, v0xa43de30_192;
v0xa43de30_193 .array/port v0xa43de30, 193;
v0xa43de30_194 .array/port v0xa43de30, 194;
v0xa43de30_195 .array/port v0xa43de30, 195;
v0xa43de30_196 .array/port v0xa43de30, 196;
E_0x9d2e430/49 .event anyedge, v0xa43de30_193, v0xa43de30_194, v0xa43de30_195, v0xa43de30_196;
v0xa43de30_197 .array/port v0xa43de30, 197;
v0xa43de30_198 .array/port v0xa43de30, 198;
v0xa43de30_199 .array/port v0xa43de30, 199;
v0xa43de30_200 .array/port v0xa43de30, 200;
E_0x9d2e430/50 .event anyedge, v0xa43de30_197, v0xa43de30_198, v0xa43de30_199, v0xa43de30_200;
v0xa43de30_201 .array/port v0xa43de30, 201;
v0xa43de30_202 .array/port v0xa43de30, 202;
v0xa43de30_203 .array/port v0xa43de30, 203;
v0xa43de30_204 .array/port v0xa43de30, 204;
E_0x9d2e430/51 .event anyedge, v0xa43de30_201, v0xa43de30_202, v0xa43de30_203, v0xa43de30_204;
v0xa43de30_205 .array/port v0xa43de30, 205;
v0xa43de30_206 .array/port v0xa43de30, 206;
v0xa43de30_207 .array/port v0xa43de30, 207;
v0xa43de30_208 .array/port v0xa43de30, 208;
E_0x9d2e430/52 .event anyedge, v0xa43de30_205, v0xa43de30_206, v0xa43de30_207, v0xa43de30_208;
v0xa43de30_209 .array/port v0xa43de30, 209;
v0xa43de30_210 .array/port v0xa43de30, 210;
v0xa43de30_211 .array/port v0xa43de30, 211;
v0xa43de30_212 .array/port v0xa43de30, 212;
E_0x9d2e430/53 .event anyedge, v0xa43de30_209, v0xa43de30_210, v0xa43de30_211, v0xa43de30_212;
v0xa43de30_213 .array/port v0xa43de30, 213;
v0xa43de30_214 .array/port v0xa43de30, 214;
v0xa43de30_215 .array/port v0xa43de30, 215;
v0xa43de30_216 .array/port v0xa43de30, 216;
E_0x9d2e430/54 .event anyedge, v0xa43de30_213, v0xa43de30_214, v0xa43de30_215, v0xa43de30_216;
v0xa43de30_217 .array/port v0xa43de30, 217;
v0xa43de30_218 .array/port v0xa43de30, 218;
v0xa43de30_219 .array/port v0xa43de30, 219;
v0xa43de30_220 .array/port v0xa43de30, 220;
E_0x9d2e430/55 .event anyedge, v0xa43de30_217, v0xa43de30_218, v0xa43de30_219, v0xa43de30_220;
v0xa43de30_221 .array/port v0xa43de30, 221;
v0xa43de30_222 .array/port v0xa43de30, 222;
v0xa43de30_223 .array/port v0xa43de30, 223;
v0xa43de30_224 .array/port v0xa43de30, 224;
E_0x9d2e430/56 .event anyedge, v0xa43de30_221, v0xa43de30_222, v0xa43de30_223, v0xa43de30_224;
v0xa43de30_225 .array/port v0xa43de30, 225;
v0xa43de30_226 .array/port v0xa43de30, 226;
v0xa43de30_227 .array/port v0xa43de30, 227;
v0xa43de30_228 .array/port v0xa43de30, 228;
E_0x9d2e430/57 .event anyedge, v0xa43de30_225, v0xa43de30_226, v0xa43de30_227, v0xa43de30_228;
v0xa43de30_229 .array/port v0xa43de30, 229;
v0xa43de30_230 .array/port v0xa43de30, 230;
v0xa43de30_231 .array/port v0xa43de30, 231;
v0xa43de30_232 .array/port v0xa43de30, 232;
E_0x9d2e430/58 .event anyedge, v0xa43de30_229, v0xa43de30_230, v0xa43de30_231, v0xa43de30_232;
v0xa43de30_233 .array/port v0xa43de30, 233;
v0xa43de30_234 .array/port v0xa43de30, 234;
v0xa43de30_235 .array/port v0xa43de30, 235;
v0xa43de30_236 .array/port v0xa43de30, 236;
E_0x9d2e430/59 .event anyedge, v0xa43de30_233, v0xa43de30_234, v0xa43de30_235, v0xa43de30_236;
v0xa43de30_237 .array/port v0xa43de30, 237;
v0xa43de30_238 .array/port v0xa43de30, 238;
v0xa43de30_239 .array/port v0xa43de30, 239;
v0xa43de30_240 .array/port v0xa43de30, 240;
E_0x9d2e430/60 .event anyedge, v0xa43de30_237, v0xa43de30_238, v0xa43de30_239, v0xa43de30_240;
v0xa43de30_241 .array/port v0xa43de30, 241;
v0xa43de30_242 .array/port v0xa43de30, 242;
v0xa43de30_243 .array/port v0xa43de30, 243;
v0xa43de30_244 .array/port v0xa43de30, 244;
E_0x9d2e430/61 .event anyedge, v0xa43de30_241, v0xa43de30_242, v0xa43de30_243, v0xa43de30_244;
v0xa43de30_245 .array/port v0xa43de30, 245;
v0xa43de30_246 .array/port v0xa43de30, 246;
v0xa43de30_247 .array/port v0xa43de30, 247;
v0xa43de30_248 .array/port v0xa43de30, 248;
E_0x9d2e430/62 .event anyedge, v0xa43de30_245, v0xa43de30_246, v0xa43de30_247, v0xa43de30_248;
v0xa43de30_249 .array/port v0xa43de30, 249;
v0xa43de30_250 .array/port v0xa43de30, 250;
v0xa43de30_251 .array/port v0xa43de30, 251;
v0xa43de30_252 .array/port v0xa43de30, 252;
E_0x9d2e430/63 .event anyedge, v0xa43de30_249, v0xa43de30_250, v0xa43de30_251, v0xa43de30_252;
v0xa43de30_253 .array/port v0xa43de30, 253;
v0xa43de30_254 .array/port v0xa43de30, 254;
v0xa43de30_255 .array/port v0xa43de30, 255;
v0xa43de30_256 .array/port v0xa43de30, 256;
E_0x9d2e430/64 .event anyedge, v0xa43de30_253, v0xa43de30_254, v0xa43de30_255, v0xa43de30_256;
v0xa43de30_257 .array/port v0xa43de30, 257;
v0xa43de30_258 .array/port v0xa43de30, 258;
v0xa43de30_259 .array/port v0xa43de30, 259;
v0xa43de30_260 .array/port v0xa43de30, 260;
E_0x9d2e430/65 .event anyedge, v0xa43de30_257, v0xa43de30_258, v0xa43de30_259, v0xa43de30_260;
v0xa43de30_261 .array/port v0xa43de30, 261;
v0xa43de30_262 .array/port v0xa43de30, 262;
v0xa43de30_263 .array/port v0xa43de30, 263;
v0xa43de30_264 .array/port v0xa43de30, 264;
E_0x9d2e430/66 .event anyedge, v0xa43de30_261, v0xa43de30_262, v0xa43de30_263, v0xa43de30_264;
v0xa43de30_265 .array/port v0xa43de30, 265;
v0xa43de30_266 .array/port v0xa43de30, 266;
v0xa43de30_267 .array/port v0xa43de30, 267;
v0xa43de30_268 .array/port v0xa43de30, 268;
E_0x9d2e430/67 .event anyedge, v0xa43de30_265, v0xa43de30_266, v0xa43de30_267, v0xa43de30_268;
v0xa43de30_269 .array/port v0xa43de30, 269;
v0xa43de30_270 .array/port v0xa43de30, 270;
v0xa43de30_271 .array/port v0xa43de30, 271;
v0xa43de30_272 .array/port v0xa43de30, 272;
E_0x9d2e430/68 .event anyedge, v0xa43de30_269, v0xa43de30_270, v0xa43de30_271, v0xa43de30_272;
v0xa43de30_273 .array/port v0xa43de30, 273;
v0xa43de30_274 .array/port v0xa43de30, 274;
v0xa43de30_275 .array/port v0xa43de30, 275;
v0xa43de30_276 .array/port v0xa43de30, 276;
E_0x9d2e430/69 .event anyedge, v0xa43de30_273, v0xa43de30_274, v0xa43de30_275, v0xa43de30_276;
v0xa43de30_277 .array/port v0xa43de30, 277;
v0xa43de30_278 .array/port v0xa43de30, 278;
v0xa43de30_279 .array/port v0xa43de30, 279;
v0xa43de30_280 .array/port v0xa43de30, 280;
E_0x9d2e430/70 .event anyedge, v0xa43de30_277, v0xa43de30_278, v0xa43de30_279, v0xa43de30_280;
v0xa43de30_281 .array/port v0xa43de30, 281;
v0xa43de30_282 .array/port v0xa43de30, 282;
v0xa43de30_283 .array/port v0xa43de30, 283;
v0xa43de30_284 .array/port v0xa43de30, 284;
E_0x9d2e430/71 .event anyedge, v0xa43de30_281, v0xa43de30_282, v0xa43de30_283, v0xa43de30_284;
v0xa43de30_285 .array/port v0xa43de30, 285;
v0xa43de30_286 .array/port v0xa43de30, 286;
v0xa43de30_287 .array/port v0xa43de30, 287;
v0xa43de30_288 .array/port v0xa43de30, 288;
E_0x9d2e430/72 .event anyedge, v0xa43de30_285, v0xa43de30_286, v0xa43de30_287, v0xa43de30_288;
v0xa43de30_289 .array/port v0xa43de30, 289;
v0xa43de30_290 .array/port v0xa43de30, 290;
v0xa43de30_291 .array/port v0xa43de30, 291;
v0xa43de30_292 .array/port v0xa43de30, 292;
E_0x9d2e430/73 .event anyedge, v0xa43de30_289, v0xa43de30_290, v0xa43de30_291, v0xa43de30_292;
v0xa43de30_293 .array/port v0xa43de30, 293;
v0xa43de30_294 .array/port v0xa43de30, 294;
v0xa43de30_295 .array/port v0xa43de30, 295;
v0xa43de30_296 .array/port v0xa43de30, 296;
E_0x9d2e430/74 .event anyedge, v0xa43de30_293, v0xa43de30_294, v0xa43de30_295, v0xa43de30_296;
v0xa43de30_297 .array/port v0xa43de30, 297;
v0xa43de30_298 .array/port v0xa43de30, 298;
v0xa43de30_299 .array/port v0xa43de30, 299;
v0xa43de30_300 .array/port v0xa43de30, 300;
E_0x9d2e430/75 .event anyedge, v0xa43de30_297, v0xa43de30_298, v0xa43de30_299, v0xa43de30_300;
v0xa43de30_301 .array/port v0xa43de30, 301;
v0xa43de30_302 .array/port v0xa43de30, 302;
v0xa43de30_303 .array/port v0xa43de30, 303;
v0xa43de30_304 .array/port v0xa43de30, 304;
E_0x9d2e430/76 .event anyedge, v0xa43de30_301, v0xa43de30_302, v0xa43de30_303, v0xa43de30_304;
v0xa43de30_305 .array/port v0xa43de30, 305;
v0xa43de30_306 .array/port v0xa43de30, 306;
v0xa43de30_307 .array/port v0xa43de30, 307;
v0xa43de30_308 .array/port v0xa43de30, 308;
E_0x9d2e430/77 .event anyedge, v0xa43de30_305, v0xa43de30_306, v0xa43de30_307, v0xa43de30_308;
v0xa43de30_309 .array/port v0xa43de30, 309;
v0xa43de30_310 .array/port v0xa43de30, 310;
v0xa43de30_311 .array/port v0xa43de30, 311;
v0xa43de30_312 .array/port v0xa43de30, 312;
E_0x9d2e430/78 .event anyedge, v0xa43de30_309, v0xa43de30_310, v0xa43de30_311, v0xa43de30_312;
v0xa43de30_313 .array/port v0xa43de30, 313;
v0xa43de30_314 .array/port v0xa43de30, 314;
v0xa43de30_315 .array/port v0xa43de30, 315;
v0xa43de30_316 .array/port v0xa43de30, 316;
E_0x9d2e430/79 .event anyedge, v0xa43de30_313, v0xa43de30_314, v0xa43de30_315, v0xa43de30_316;
v0xa43de30_317 .array/port v0xa43de30, 317;
v0xa43de30_318 .array/port v0xa43de30, 318;
v0xa43de30_319 .array/port v0xa43de30, 319;
v0xa43de30_320 .array/port v0xa43de30, 320;
E_0x9d2e430/80 .event anyedge, v0xa43de30_317, v0xa43de30_318, v0xa43de30_319, v0xa43de30_320;
v0xa43de30_321 .array/port v0xa43de30, 321;
v0xa43de30_322 .array/port v0xa43de30, 322;
v0xa43de30_323 .array/port v0xa43de30, 323;
v0xa43de30_324 .array/port v0xa43de30, 324;
E_0x9d2e430/81 .event anyedge, v0xa43de30_321, v0xa43de30_322, v0xa43de30_323, v0xa43de30_324;
v0xa43de30_325 .array/port v0xa43de30, 325;
v0xa43de30_326 .array/port v0xa43de30, 326;
v0xa43de30_327 .array/port v0xa43de30, 327;
v0xa43de30_328 .array/port v0xa43de30, 328;
E_0x9d2e430/82 .event anyedge, v0xa43de30_325, v0xa43de30_326, v0xa43de30_327, v0xa43de30_328;
v0xa43de30_329 .array/port v0xa43de30, 329;
v0xa43de30_330 .array/port v0xa43de30, 330;
v0xa43de30_331 .array/port v0xa43de30, 331;
v0xa43de30_332 .array/port v0xa43de30, 332;
E_0x9d2e430/83 .event anyedge, v0xa43de30_329, v0xa43de30_330, v0xa43de30_331, v0xa43de30_332;
v0xa43de30_333 .array/port v0xa43de30, 333;
v0xa43de30_334 .array/port v0xa43de30, 334;
v0xa43de30_335 .array/port v0xa43de30, 335;
v0xa43de30_336 .array/port v0xa43de30, 336;
E_0x9d2e430/84 .event anyedge, v0xa43de30_333, v0xa43de30_334, v0xa43de30_335, v0xa43de30_336;
v0xa43de30_337 .array/port v0xa43de30, 337;
v0xa43de30_338 .array/port v0xa43de30, 338;
v0xa43de30_339 .array/port v0xa43de30, 339;
v0xa43de30_340 .array/port v0xa43de30, 340;
E_0x9d2e430/85 .event anyedge, v0xa43de30_337, v0xa43de30_338, v0xa43de30_339, v0xa43de30_340;
v0xa43de30_341 .array/port v0xa43de30, 341;
v0xa43de30_342 .array/port v0xa43de30, 342;
v0xa43de30_343 .array/port v0xa43de30, 343;
v0xa43de30_344 .array/port v0xa43de30, 344;
E_0x9d2e430/86 .event anyedge, v0xa43de30_341, v0xa43de30_342, v0xa43de30_343, v0xa43de30_344;
v0xa43de30_345 .array/port v0xa43de30, 345;
v0xa43de30_346 .array/port v0xa43de30, 346;
v0xa43de30_347 .array/port v0xa43de30, 347;
v0xa43de30_348 .array/port v0xa43de30, 348;
E_0x9d2e430/87 .event anyedge, v0xa43de30_345, v0xa43de30_346, v0xa43de30_347, v0xa43de30_348;
v0xa43de30_349 .array/port v0xa43de30, 349;
v0xa43de30_350 .array/port v0xa43de30, 350;
v0xa43de30_351 .array/port v0xa43de30, 351;
v0xa43de30_352 .array/port v0xa43de30, 352;
E_0x9d2e430/88 .event anyedge, v0xa43de30_349, v0xa43de30_350, v0xa43de30_351, v0xa43de30_352;
v0xa43de30_353 .array/port v0xa43de30, 353;
v0xa43de30_354 .array/port v0xa43de30, 354;
v0xa43de30_355 .array/port v0xa43de30, 355;
v0xa43de30_356 .array/port v0xa43de30, 356;
E_0x9d2e430/89 .event anyedge, v0xa43de30_353, v0xa43de30_354, v0xa43de30_355, v0xa43de30_356;
v0xa43de30_357 .array/port v0xa43de30, 357;
v0xa43de30_358 .array/port v0xa43de30, 358;
v0xa43de30_359 .array/port v0xa43de30, 359;
v0xa43de30_360 .array/port v0xa43de30, 360;
E_0x9d2e430/90 .event anyedge, v0xa43de30_357, v0xa43de30_358, v0xa43de30_359, v0xa43de30_360;
v0xa43de30_361 .array/port v0xa43de30, 361;
v0xa43de30_362 .array/port v0xa43de30, 362;
v0xa43de30_363 .array/port v0xa43de30, 363;
v0xa43de30_364 .array/port v0xa43de30, 364;
E_0x9d2e430/91 .event anyedge, v0xa43de30_361, v0xa43de30_362, v0xa43de30_363, v0xa43de30_364;
v0xa43de30_365 .array/port v0xa43de30, 365;
v0xa43de30_366 .array/port v0xa43de30, 366;
v0xa43de30_367 .array/port v0xa43de30, 367;
v0xa43de30_368 .array/port v0xa43de30, 368;
E_0x9d2e430/92 .event anyedge, v0xa43de30_365, v0xa43de30_366, v0xa43de30_367, v0xa43de30_368;
v0xa43de30_369 .array/port v0xa43de30, 369;
v0xa43de30_370 .array/port v0xa43de30, 370;
v0xa43de30_371 .array/port v0xa43de30, 371;
v0xa43de30_372 .array/port v0xa43de30, 372;
E_0x9d2e430/93 .event anyedge, v0xa43de30_369, v0xa43de30_370, v0xa43de30_371, v0xa43de30_372;
v0xa43de30_373 .array/port v0xa43de30, 373;
v0xa43de30_374 .array/port v0xa43de30, 374;
v0xa43de30_375 .array/port v0xa43de30, 375;
v0xa43de30_376 .array/port v0xa43de30, 376;
E_0x9d2e430/94 .event anyedge, v0xa43de30_373, v0xa43de30_374, v0xa43de30_375, v0xa43de30_376;
v0xa43de30_377 .array/port v0xa43de30, 377;
v0xa43de30_378 .array/port v0xa43de30, 378;
v0xa43de30_379 .array/port v0xa43de30, 379;
v0xa43de30_380 .array/port v0xa43de30, 380;
E_0x9d2e430/95 .event anyedge, v0xa43de30_377, v0xa43de30_378, v0xa43de30_379, v0xa43de30_380;
v0xa43de30_381 .array/port v0xa43de30, 381;
v0xa43de30_382 .array/port v0xa43de30, 382;
v0xa43de30_383 .array/port v0xa43de30, 383;
v0xa43de30_384 .array/port v0xa43de30, 384;
E_0x9d2e430/96 .event anyedge, v0xa43de30_381, v0xa43de30_382, v0xa43de30_383, v0xa43de30_384;
v0xa43de30_385 .array/port v0xa43de30, 385;
v0xa43de30_386 .array/port v0xa43de30, 386;
v0xa43de30_387 .array/port v0xa43de30, 387;
v0xa43de30_388 .array/port v0xa43de30, 388;
E_0x9d2e430/97 .event anyedge, v0xa43de30_385, v0xa43de30_386, v0xa43de30_387, v0xa43de30_388;
v0xa43de30_389 .array/port v0xa43de30, 389;
v0xa43de30_390 .array/port v0xa43de30, 390;
v0xa43de30_391 .array/port v0xa43de30, 391;
v0xa43de30_392 .array/port v0xa43de30, 392;
E_0x9d2e430/98 .event anyedge, v0xa43de30_389, v0xa43de30_390, v0xa43de30_391, v0xa43de30_392;
v0xa43de30_393 .array/port v0xa43de30, 393;
v0xa43de30_394 .array/port v0xa43de30, 394;
v0xa43de30_395 .array/port v0xa43de30, 395;
v0xa43de30_396 .array/port v0xa43de30, 396;
E_0x9d2e430/99 .event anyedge, v0xa43de30_393, v0xa43de30_394, v0xa43de30_395, v0xa43de30_396;
v0xa43de30_397 .array/port v0xa43de30, 397;
v0xa43de30_398 .array/port v0xa43de30, 398;
v0xa43de30_399 .array/port v0xa43de30, 399;
v0xa43de30_400 .array/port v0xa43de30, 400;
E_0x9d2e430/100 .event anyedge, v0xa43de30_397, v0xa43de30_398, v0xa43de30_399, v0xa43de30_400;
v0xa43de30_401 .array/port v0xa43de30, 401;
v0xa43de30_402 .array/port v0xa43de30, 402;
v0xa43de30_403 .array/port v0xa43de30, 403;
v0xa43de30_404 .array/port v0xa43de30, 404;
E_0x9d2e430/101 .event anyedge, v0xa43de30_401, v0xa43de30_402, v0xa43de30_403, v0xa43de30_404;
v0xa43de30_405 .array/port v0xa43de30, 405;
v0xa43de30_406 .array/port v0xa43de30, 406;
v0xa43de30_407 .array/port v0xa43de30, 407;
v0xa43de30_408 .array/port v0xa43de30, 408;
E_0x9d2e430/102 .event anyedge, v0xa43de30_405, v0xa43de30_406, v0xa43de30_407, v0xa43de30_408;
v0xa43de30_409 .array/port v0xa43de30, 409;
v0xa43de30_410 .array/port v0xa43de30, 410;
v0xa43de30_411 .array/port v0xa43de30, 411;
v0xa43de30_412 .array/port v0xa43de30, 412;
E_0x9d2e430/103 .event anyedge, v0xa43de30_409, v0xa43de30_410, v0xa43de30_411, v0xa43de30_412;
v0xa43de30_413 .array/port v0xa43de30, 413;
v0xa43de30_414 .array/port v0xa43de30, 414;
v0xa43de30_415 .array/port v0xa43de30, 415;
v0xa43de30_416 .array/port v0xa43de30, 416;
E_0x9d2e430/104 .event anyedge, v0xa43de30_413, v0xa43de30_414, v0xa43de30_415, v0xa43de30_416;
v0xa43de30_417 .array/port v0xa43de30, 417;
v0xa43de30_418 .array/port v0xa43de30, 418;
v0xa43de30_419 .array/port v0xa43de30, 419;
v0xa43de30_420 .array/port v0xa43de30, 420;
E_0x9d2e430/105 .event anyedge, v0xa43de30_417, v0xa43de30_418, v0xa43de30_419, v0xa43de30_420;
v0xa43de30_421 .array/port v0xa43de30, 421;
v0xa43de30_422 .array/port v0xa43de30, 422;
v0xa43de30_423 .array/port v0xa43de30, 423;
v0xa43de30_424 .array/port v0xa43de30, 424;
E_0x9d2e430/106 .event anyedge, v0xa43de30_421, v0xa43de30_422, v0xa43de30_423, v0xa43de30_424;
v0xa43de30_425 .array/port v0xa43de30, 425;
v0xa43de30_426 .array/port v0xa43de30, 426;
v0xa43de30_427 .array/port v0xa43de30, 427;
v0xa43de30_428 .array/port v0xa43de30, 428;
E_0x9d2e430/107 .event anyedge, v0xa43de30_425, v0xa43de30_426, v0xa43de30_427, v0xa43de30_428;
v0xa43de30_429 .array/port v0xa43de30, 429;
v0xa43de30_430 .array/port v0xa43de30, 430;
v0xa43de30_431 .array/port v0xa43de30, 431;
v0xa43de30_432 .array/port v0xa43de30, 432;
E_0x9d2e430/108 .event anyedge, v0xa43de30_429, v0xa43de30_430, v0xa43de30_431, v0xa43de30_432;
v0xa43de30_433 .array/port v0xa43de30, 433;
v0xa43de30_434 .array/port v0xa43de30, 434;
v0xa43de30_435 .array/port v0xa43de30, 435;
v0xa43de30_436 .array/port v0xa43de30, 436;
E_0x9d2e430/109 .event anyedge, v0xa43de30_433, v0xa43de30_434, v0xa43de30_435, v0xa43de30_436;
v0xa43de30_437 .array/port v0xa43de30, 437;
v0xa43de30_438 .array/port v0xa43de30, 438;
v0xa43de30_439 .array/port v0xa43de30, 439;
v0xa43de30_440 .array/port v0xa43de30, 440;
E_0x9d2e430/110 .event anyedge, v0xa43de30_437, v0xa43de30_438, v0xa43de30_439, v0xa43de30_440;
v0xa43de30_441 .array/port v0xa43de30, 441;
v0xa43de30_442 .array/port v0xa43de30, 442;
v0xa43de30_443 .array/port v0xa43de30, 443;
v0xa43de30_444 .array/port v0xa43de30, 444;
E_0x9d2e430/111 .event anyedge, v0xa43de30_441, v0xa43de30_442, v0xa43de30_443, v0xa43de30_444;
v0xa43de30_445 .array/port v0xa43de30, 445;
v0xa43de30_446 .array/port v0xa43de30, 446;
v0xa43de30_447 .array/port v0xa43de30, 447;
v0xa43de30_448 .array/port v0xa43de30, 448;
E_0x9d2e430/112 .event anyedge, v0xa43de30_445, v0xa43de30_446, v0xa43de30_447, v0xa43de30_448;
v0xa43de30_449 .array/port v0xa43de30, 449;
v0xa43de30_450 .array/port v0xa43de30, 450;
v0xa43de30_451 .array/port v0xa43de30, 451;
v0xa43de30_452 .array/port v0xa43de30, 452;
E_0x9d2e430/113 .event anyedge, v0xa43de30_449, v0xa43de30_450, v0xa43de30_451, v0xa43de30_452;
v0xa43de30_453 .array/port v0xa43de30, 453;
v0xa43de30_454 .array/port v0xa43de30, 454;
v0xa43de30_455 .array/port v0xa43de30, 455;
v0xa43de30_456 .array/port v0xa43de30, 456;
E_0x9d2e430/114 .event anyedge, v0xa43de30_453, v0xa43de30_454, v0xa43de30_455, v0xa43de30_456;
v0xa43de30_457 .array/port v0xa43de30, 457;
v0xa43de30_458 .array/port v0xa43de30, 458;
v0xa43de30_459 .array/port v0xa43de30, 459;
v0xa43de30_460 .array/port v0xa43de30, 460;
E_0x9d2e430/115 .event anyedge, v0xa43de30_457, v0xa43de30_458, v0xa43de30_459, v0xa43de30_460;
v0xa43de30_461 .array/port v0xa43de30, 461;
v0xa43de30_462 .array/port v0xa43de30, 462;
v0xa43de30_463 .array/port v0xa43de30, 463;
v0xa43de30_464 .array/port v0xa43de30, 464;
E_0x9d2e430/116 .event anyedge, v0xa43de30_461, v0xa43de30_462, v0xa43de30_463, v0xa43de30_464;
v0xa43de30_465 .array/port v0xa43de30, 465;
v0xa43de30_466 .array/port v0xa43de30, 466;
v0xa43de30_467 .array/port v0xa43de30, 467;
v0xa43de30_468 .array/port v0xa43de30, 468;
E_0x9d2e430/117 .event anyedge, v0xa43de30_465, v0xa43de30_466, v0xa43de30_467, v0xa43de30_468;
v0xa43de30_469 .array/port v0xa43de30, 469;
v0xa43de30_470 .array/port v0xa43de30, 470;
v0xa43de30_471 .array/port v0xa43de30, 471;
v0xa43de30_472 .array/port v0xa43de30, 472;
E_0x9d2e430/118 .event anyedge, v0xa43de30_469, v0xa43de30_470, v0xa43de30_471, v0xa43de30_472;
v0xa43de30_473 .array/port v0xa43de30, 473;
v0xa43de30_474 .array/port v0xa43de30, 474;
v0xa43de30_475 .array/port v0xa43de30, 475;
v0xa43de30_476 .array/port v0xa43de30, 476;
E_0x9d2e430/119 .event anyedge, v0xa43de30_473, v0xa43de30_474, v0xa43de30_475, v0xa43de30_476;
v0xa43de30_477 .array/port v0xa43de30, 477;
v0xa43de30_478 .array/port v0xa43de30, 478;
v0xa43de30_479 .array/port v0xa43de30, 479;
v0xa43de30_480 .array/port v0xa43de30, 480;
E_0x9d2e430/120 .event anyedge, v0xa43de30_477, v0xa43de30_478, v0xa43de30_479, v0xa43de30_480;
v0xa43de30_481 .array/port v0xa43de30, 481;
v0xa43de30_482 .array/port v0xa43de30, 482;
v0xa43de30_483 .array/port v0xa43de30, 483;
v0xa43de30_484 .array/port v0xa43de30, 484;
E_0x9d2e430/121 .event anyedge, v0xa43de30_481, v0xa43de30_482, v0xa43de30_483, v0xa43de30_484;
v0xa43de30_485 .array/port v0xa43de30, 485;
v0xa43de30_486 .array/port v0xa43de30, 486;
v0xa43de30_487 .array/port v0xa43de30, 487;
v0xa43de30_488 .array/port v0xa43de30, 488;
E_0x9d2e430/122 .event anyedge, v0xa43de30_485, v0xa43de30_486, v0xa43de30_487, v0xa43de30_488;
v0xa43de30_489 .array/port v0xa43de30, 489;
v0xa43de30_490 .array/port v0xa43de30, 490;
v0xa43de30_491 .array/port v0xa43de30, 491;
v0xa43de30_492 .array/port v0xa43de30, 492;
E_0x9d2e430/123 .event anyedge, v0xa43de30_489, v0xa43de30_490, v0xa43de30_491, v0xa43de30_492;
v0xa43de30_493 .array/port v0xa43de30, 493;
v0xa43de30_494 .array/port v0xa43de30, 494;
v0xa43de30_495 .array/port v0xa43de30, 495;
v0xa43de30_496 .array/port v0xa43de30, 496;
E_0x9d2e430/124 .event anyedge, v0xa43de30_493, v0xa43de30_494, v0xa43de30_495, v0xa43de30_496;
v0xa43de30_497 .array/port v0xa43de30, 497;
v0xa43de30_498 .array/port v0xa43de30, 498;
v0xa43de30_499 .array/port v0xa43de30, 499;
v0xa43de30_500 .array/port v0xa43de30, 500;
E_0x9d2e430/125 .event anyedge, v0xa43de30_497, v0xa43de30_498, v0xa43de30_499, v0xa43de30_500;
v0xa43de30_501 .array/port v0xa43de30, 501;
v0xa43de30_502 .array/port v0xa43de30, 502;
v0xa43de30_503 .array/port v0xa43de30, 503;
v0xa43de30_504 .array/port v0xa43de30, 504;
E_0x9d2e430/126 .event anyedge, v0xa43de30_501, v0xa43de30_502, v0xa43de30_503, v0xa43de30_504;
v0xa43de30_505 .array/port v0xa43de30, 505;
v0xa43de30_506 .array/port v0xa43de30, 506;
v0xa43de30_507 .array/port v0xa43de30, 507;
v0xa43de30_508 .array/port v0xa43de30, 508;
E_0x9d2e430/127 .event anyedge, v0xa43de30_505, v0xa43de30_506, v0xa43de30_507, v0xa43de30_508;
v0xa43de30_509 .array/port v0xa43de30, 509;
v0xa43de30_510 .array/port v0xa43de30, 510;
v0xa43de30_511 .array/port v0xa43de30, 511;
v0xa43de30_512 .array/port v0xa43de30, 512;
E_0x9d2e430/128 .event anyedge, v0xa43de30_509, v0xa43de30_510, v0xa43de30_511, v0xa43de30_512;
v0xa43de30_513 .array/port v0xa43de30, 513;
v0xa43de30_514 .array/port v0xa43de30, 514;
v0xa43de30_515 .array/port v0xa43de30, 515;
v0xa43de30_516 .array/port v0xa43de30, 516;
E_0x9d2e430/129 .event anyedge, v0xa43de30_513, v0xa43de30_514, v0xa43de30_515, v0xa43de30_516;
v0xa43de30_517 .array/port v0xa43de30, 517;
v0xa43de30_518 .array/port v0xa43de30, 518;
v0xa43de30_519 .array/port v0xa43de30, 519;
v0xa43de30_520 .array/port v0xa43de30, 520;
E_0x9d2e430/130 .event anyedge, v0xa43de30_517, v0xa43de30_518, v0xa43de30_519, v0xa43de30_520;
v0xa43de30_521 .array/port v0xa43de30, 521;
v0xa43de30_522 .array/port v0xa43de30, 522;
v0xa43de30_523 .array/port v0xa43de30, 523;
v0xa43de30_524 .array/port v0xa43de30, 524;
E_0x9d2e430/131 .event anyedge, v0xa43de30_521, v0xa43de30_522, v0xa43de30_523, v0xa43de30_524;
v0xa43de30_525 .array/port v0xa43de30, 525;
v0xa43de30_526 .array/port v0xa43de30, 526;
v0xa43de30_527 .array/port v0xa43de30, 527;
v0xa43de30_528 .array/port v0xa43de30, 528;
E_0x9d2e430/132 .event anyedge, v0xa43de30_525, v0xa43de30_526, v0xa43de30_527, v0xa43de30_528;
v0xa43de30_529 .array/port v0xa43de30, 529;
v0xa43de30_530 .array/port v0xa43de30, 530;
v0xa43de30_531 .array/port v0xa43de30, 531;
v0xa43de30_532 .array/port v0xa43de30, 532;
E_0x9d2e430/133 .event anyedge, v0xa43de30_529, v0xa43de30_530, v0xa43de30_531, v0xa43de30_532;
v0xa43de30_533 .array/port v0xa43de30, 533;
v0xa43de30_534 .array/port v0xa43de30, 534;
v0xa43de30_535 .array/port v0xa43de30, 535;
v0xa43de30_536 .array/port v0xa43de30, 536;
E_0x9d2e430/134 .event anyedge, v0xa43de30_533, v0xa43de30_534, v0xa43de30_535, v0xa43de30_536;
v0xa43de30_537 .array/port v0xa43de30, 537;
v0xa43de30_538 .array/port v0xa43de30, 538;
v0xa43de30_539 .array/port v0xa43de30, 539;
v0xa43de30_540 .array/port v0xa43de30, 540;
E_0x9d2e430/135 .event anyedge, v0xa43de30_537, v0xa43de30_538, v0xa43de30_539, v0xa43de30_540;
v0xa43de30_541 .array/port v0xa43de30, 541;
v0xa43de30_542 .array/port v0xa43de30, 542;
v0xa43de30_543 .array/port v0xa43de30, 543;
v0xa43de30_544 .array/port v0xa43de30, 544;
E_0x9d2e430/136 .event anyedge, v0xa43de30_541, v0xa43de30_542, v0xa43de30_543, v0xa43de30_544;
v0xa43de30_545 .array/port v0xa43de30, 545;
v0xa43de30_546 .array/port v0xa43de30, 546;
v0xa43de30_547 .array/port v0xa43de30, 547;
v0xa43de30_548 .array/port v0xa43de30, 548;
E_0x9d2e430/137 .event anyedge, v0xa43de30_545, v0xa43de30_546, v0xa43de30_547, v0xa43de30_548;
v0xa43de30_549 .array/port v0xa43de30, 549;
v0xa43de30_550 .array/port v0xa43de30, 550;
v0xa43de30_551 .array/port v0xa43de30, 551;
v0xa43de30_552 .array/port v0xa43de30, 552;
E_0x9d2e430/138 .event anyedge, v0xa43de30_549, v0xa43de30_550, v0xa43de30_551, v0xa43de30_552;
v0xa43de30_553 .array/port v0xa43de30, 553;
v0xa43de30_554 .array/port v0xa43de30, 554;
v0xa43de30_555 .array/port v0xa43de30, 555;
v0xa43de30_556 .array/port v0xa43de30, 556;
E_0x9d2e430/139 .event anyedge, v0xa43de30_553, v0xa43de30_554, v0xa43de30_555, v0xa43de30_556;
v0xa43de30_557 .array/port v0xa43de30, 557;
v0xa43de30_558 .array/port v0xa43de30, 558;
v0xa43de30_559 .array/port v0xa43de30, 559;
v0xa43de30_560 .array/port v0xa43de30, 560;
E_0x9d2e430/140 .event anyedge, v0xa43de30_557, v0xa43de30_558, v0xa43de30_559, v0xa43de30_560;
v0xa43de30_561 .array/port v0xa43de30, 561;
v0xa43de30_562 .array/port v0xa43de30, 562;
v0xa43de30_563 .array/port v0xa43de30, 563;
v0xa43de30_564 .array/port v0xa43de30, 564;
E_0x9d2e430/141 .event anyedge, v0xa43de30_561, v0xa43de30_562, v0xa43de30_563, v0xa43de30_564;
v0xa43de30_565 .array/port v0xa43de30, 565;
v0xa43de30_566 .array/port v0xa43de30, 566;
v0xa43de30_567 .array/port v0xa43de30, 567;
v0xa43de30_568 .array/port v0xa43de30, 568;
E_0x9d2e430/142 .event anyedge, v0xa43de30_565, v0xa43de30_566, v0xa43de30_567, v0xa43de30_568;
v0xa43de30_569 .array/port v0xa43de30, 569;
v0xa43de30_570 .array/port v0xa43de30, 570;
v0xa43de30_571 .array/port v0xa43de30, 571;
v0xa43de30_572 .array/port v0xa43de30, 572;
E_0x9d2e430/143 .event anyedge, v0xa43de30_569, v0xa43de30_570, v0xa43de30_571, v0xa43de30_572;
v0xa43de30_573 .array/port v0xa43de30, 573;
v0xa43de30_574 .array/port v0xa43de30, 574;
v0xa43de30_575 .array/port v0xa43de30, 575;
v0xa43de30_576 .array/port v0xa43de30, 576;
E_0x9d2e430/144 .event anyedge, v0xa43de30_573, v0xa43de30_574, v0xa43de30_575, v0xa43de30_576;
v0xa43de30_577 .array/port v0xa43de30, 577;
v0xa43de30_578 .array/port v0xa43de30, 578;
v0xa43de30_579 .array/port v0xa43de30, 579;
v0xa43de30_580 .array/port v0xa43de30, 580;
E_0x9d2e430/145 .event anyedge, v0xa43de30_577, v0xa43de30_578, v0xa43de30_579, v0xa43de30_580;
v0xa43de30_581 .array/port v0xa43de30, 581;
v0xa43de30_582 .array/port v0xa43de30, 582;
v0xa43de30_583 .array/port v0xa43de30, 583;
v0xa43de30_584 .array/port v0xa43de30, 584;
E_0x9d2e430/146 .event anyedge, v0xa43de30_581, v0xa43de30_582, v0xa43de30_583, v0xa43de30_584;
v0xa43de30_585 .array/port v0xa43de30, 585;
v0xa43de30_586 .array/port v0xa43de30, 586;
v0xa43de30_587 .array/port v0xa43de30, 587;
v0xa43de30_588 .array/port v0xa43de30, 588;
E_0x9d2e430/147 .event anyedge, v0xa43de30_585, v0xa43de30_586, v0xa43de30_587, v0xa43de30_588;
v0xa43de30_589 .array/port v0xa43de30, 589;
v0xa43de30_590 .array/port v0xa43de30, 590;
v0xa43de30_591 .array/port v0xa43de30, 591;
v0xa43de30_592 .array/port v0xa43de30, 592;
E_0x9d2e430/148 .event anyedge, v0xa43de30_589, v0xa43de30_590, v0xa43de30_591, v0xa43de30_592;
v0xa43de30_593 .array/port v0xa43de30, 593;
v0xa43de30_594 .array/port v0xa43de30, 594;
v0xa43de30_595 .array/port v0xa43de30, 595;
v0xa43de30_596 .array/port v0xa43de30, 596;
E_0x9d2e430/149 .event anyedge, v0xa43de30_593, v0xa43de30_594, v0xa43de30_595, v0xa43de30_596;
v0xa43de30_597 .array/port v0xa43de30, 597;
v0xa43de30_598 .array/port v0xa43de30, 598;
v0xa43de30_599 .array/port v0xa43de30, 599;
v0xa43de30_600 .array/port v0xa43de30, 600;
E_0x9d2e430/150 .event anyedge, v0xa43de30_597, v0xa43de30_598, v0xa43de30_599, v0xa43de30_600;
v0xa43de30_601 .array/port v0xa43de30, 601;
v0xa43de30_602 .array/port v0xa43de30, 602;
v0xa43de30_603 .array/port v0xa43de30, 603;
v0xa43de30_604 .array/port v0xa43de30, 604;
E_0x9d2e430/151 .event anyedge, v0xa43de30_601, v0xa43de30_602, v0xa43de30_603, v0xa43de30_604;
v0xa43de30_605 .array/port v0xa43de30, 605;
v0xa43de30_606 .array/port v0xa43de30, 606;
v0xa43de30_607 .array/port v0xa43de30, 607;
v0xa43de30_608 .array/port v0xa43de30, 608;
E_0x9d2e430/152 .event anyedge, v0xa43de30_605, v0xa43de30_606, v0xa43de30_607, v0xa43de30_608;
v0xa43de30_609 .array/port v0xa43de30, 609;
v0xa43de30_610 .array/port v0xa43de30, 610;
v0xa43de30_611 .array/port v0xa43de30, 611;
v0xa43de30_612 .array/port v0xa43de30, 612;
E_0x9d2e430/153 .event anyedge, v0xa43de30_609, v0xa43de30_610, v0xa43de30_611, v0xa43de30_612;
v0xa43de30_613 .array/port v0xa43de30, 613;
v0xa43de30_614 .array/port v0xa43de30, 614;
v0xa43de30_615 .array/port v0xa43de30, 615;
v0xa43de30_616 .array/port v0xa43de30, 616;
E_0x9d2e430/154 .event anyedge, v0xa43de30_613, v0xa43de30_614, v0xa43de30_615, v0xa43de30_616;
v0xa43de30_617 .array/port v0xa43de30, 617;
v0xa43de30_618 .array/port v0xa43de30, 618;
v0xa43de30_619 .array/port v0xa43de30, 619;
v0xa43de30_620 .array/port v0xa43de30, 620;
E_0x9d2e430/155 .event anyedge, v0xa43de30_617, v0xa43de30_618, v0xa43de30_619, v0xa43de30_620;
v0xa43de30_621 .array/port v0xa43de30, 621;
v0xa43de30_622 .array/port v0xa43de30, 622;
v0xa43de30_623 .array/port v0xa43de30, 623;
v0xa43de30_624 .array/port v0xa43de30, 624;
E_0x9d2e430/156 .event anyedge, v0xa43de30_621, v0xa43de30_622, v0xa43de30_623, v0xa43de30_624;
v0xa43de30_625 .array/port v0xa43de30, 625;
v0xa43de30_626 .array/port v0xa43de30, 626;
v0xa43de30_627 .array/port v0xa43de30, 627;
v0xa43de30_628 .array/port v0xa43de30, 628;
E_0x9d2e430/157 .event anyedge, v0xa43de30_625, v0xa43de30_626, v0xa43de30_627, v0xa43de30_628;
v0xa43de30_629 .array/port v0xa43de30, 629;
v0xa43de30_630 .array/port v0xa43de30, 630;
v0xa43de30_631 .array/port v0xa43de30, 631;
v0xa43de30_632 .array/port v0xa43de30, 632;
E_0x9d2e430/158 .event anyedge, v0xa43de30_629, v0xa43de30_630, v0xa43de30_631, v0xa43de30_632;
v0xa43de30_633 .array/port v0xa43de30, 633;
v0xa43de30_634 .array/port v0xa43de30, 634;
v0xa43de30_635 .array/port v0xa43de30, 635;
v0xa43de30_636 .array/port v0xa43de30, 636;
E_0x9d2e430/159 .event anyedge, v0xa43de30_633, v0xa43de30_634, v0xa43de30_635, v0xa43de30_636;
v0xa43de30_637 .array/port v0xa43de30, 637;
v0xa43de30_638 .array/port v0xa43de30, 638;
v0xa43de30_639 .array/port v0xa43de30, 639;
v0xa43de30_640 .array/port v0xa43de30, 640;
E_0x9d2e430/160 .event anyedge, v0xa43de30_637, v0xa43de30_638, v0xa43de30_639, v0xa43de30_640;
v0xa43de30_641 .array/port v0xa43de30, 641;
v0xa43de30_642 .array/port v0xa43de30, 642;
v0xa43de30_643 .array/port v0xa43de30, 643;
v0xa43de30_644 .array/port v0xa43de30, 644;
E_0x9d2e430/161 .event anyedge, v0xa43de30_641, v0xa43de30_642, v0xa43de30_643, v0xa43de30_644;
v0xa43de30_645 .array/port v0xa43de30, 645;
v0xa43de30_646 .array/port v0xa43de30, 646;
v0xa43de30_647 .array/port v0xa43de30, 647;
v0xa43de30_648 .array/port v0xa43de30, 648;
E_0x9d2e430/162 .event anyedge, v0xa43de30_645, v0xa43de30_646, v0xa43de30_647, v0xa43de30_648;
v0xa43de30_649 .array/port v0xa43de30, 649;
v0xa43de30_650 .array/port v0xa43de30, 650;
v0xa43de30_651 .array/port v0xa43de30, 651;
v0xa43de30_652 .array/port v0xa43de30, 652;
E_0x9d2e430/163 .event anyedge, v0xa43de30_649, v0xa43de30_650, v0xa43de30_651, v0xa43de30_652;
v0xa43de30_653 .array/port v0xa43de30, 653;
v0xa43de30_654 .array/port v0xa43de30, 654;
v0xa43de30_655 .array/port v0xa43de30, 655;
v0xa43de30_656 .array/port v0xa43de30, 656;
E_0x9d2e430/164 .event anyedge, v0xa43de30_653, v0xa43de30_654, v0xa43de30_655, v0xa43de30_656;
v0xa43de30_657 .array/port v0xa43de30, 657;
v0xa43de30_658 .array/port v0xa43de30, 658;
v0xa43de30_659 .array/port v0xa43de30, 659;
v0xa43de30_660 .array/port v0xa43de30, 660;
E_0x9d2e430/165 .event anyedge, v0xa43de30_657, v0xa43de30_658, v0xa43de30_659, v0xa43de30_660;
v0xa43de30_661 .array/port v0xa43de30, 661;
v0xa43de30_662 .array/port v0xa43de30, 662;
v0xa43de30_663 .array/port v0xa43de30, 663;
v0xa43de30_664 .array/port v0xa43de30, 664;
E_0x9d2e430/166 .event anyedge, v0xa43de30_661, v0xa43de30_662, v0xa43de30_663, v0xa43de30_664;
v0xa43de30_665 .array/port v0xa43de30, 665;
v0xa43de30_666 .array/port v0xa43de30, 666;
v0xa43de30_667 .array/port v0xa43de30, 667;
v0xa43de30_668 .array/port v0xa43de30, 668;
E_0x9d2e430/167 .event anyedge, v0xa43de30_665, v0xa43de30_666, v0xa43de30_667, v0xa43de30_668;
v0xa43de30_669 .array/port v0xa43de30, 669;
v0xa43de30_670 .array/port v0xa43de30, 670;
v0xa43de30_671 .array/port v0xa43de30, 671;
v0xa43de30_672 .array/port v0xa43de30, 672;
E_0x9d2e430/168 .event anyedge, v0xa43de30_669, v0xa43de30_670, v0xa43de30_671, v0xa43de30_672;
v0xa43de30_673 .array/port v0xa43de30, 673;
v0xa43de30_674 .array/port v0xa43de30, 674;
v0xa43de30_675 .array/port v0xa43de30, 675;
v0xa43de30_676 .array/port v0xa43de30, 676;
E_0x9d2e430/169 .event anyedge, v0xa43de30_673, v0xa43de30_674, v0xa43de30_675, v0xa43de30_676;
v0xa43de30_677 .array/port v0xa43de30, 677;
v0xa43de30_678 .array/port v0xa43de30, 678;
v0xa43de30_679 .array/port v0xa43de30, 679;
v0xa43de30_680 .array/port v0xa43de30, 680;
E_0x9d2e430/170 .event anyedge, v0xa43de30_677, v0xa43de30_678, v0xa43de30_679, v0xa43de30_680;
v0xa43de30_681 .array/port v0xa43de30, 681;
v0xa43de30_682 .array/port v0xa43de30, 682;
v0xa43de30_683 .array/port v0xa43de30, 683;
v0xa43de30_684 .array/port v0xa43de30, 684;
E_0x9d2e430/171 .event anyedge, v0xa43de30_681, v0xa43de30_682, v0xa43de30_683, v0xa43de30_684;
v0xa43de30_685 .array/port v0xa43de30, 685;
v0xa43de30_686 .array/port v0xa43de30, 686;
v0xa43de30_687 .array/port v0xa43de30, 687;
v0xa43de30_688 .array/port v0xa43de30, 688;
E_0x9d2e430/172 .event anyedge, v0xa43de30_685, v0xa43de30_686, v0xa43de30_687, v0xa43de30_688;
v0xa43de30_689 .array/port v0xa43de30, 689;
v0xa43de30_690 .array/port v0xa43de30, 690;
v0xa43de30_691 .array/port v0xa43de30, 691;
v0xa43de30_692 .array/port v0xa43de30, 692;
E_0x9d2e430/173 .event anyedge, v0xa43de30_689, v0xa43de30_690, v0xa43de30_691, v0xa43de30_692;
v0xa43de30_693 .array/port v0xa43de30, 693;
v0xa43de30_694 .array/port v0xa43de30, 694;
v0xa43de30_695 .array/port v0xa43de30, 695;
v0xa43de30_696 .array/port v0xa43de30, 696;
E_0x9d2e430/174 .event anyedge, v0xa43de30_693, v0xa43de30_694, v0xa43de30_695, v0xa43de30_696;
v0xa43de30_697 .array/port v0xa43de30, 697;
v0xa43de30_698 .array/port v0xa43de30, 698;
v0xa43de30_699 .array/port v0xa43de30, 699;
v0xa43de30_700 .array/port v0xa43de30, 700;
E_0x9d2e430/175 .event anyedge, v0xa43de30_697, v0xa43de30_698, v0xa43de30_699, v0xa43de30_700;
v0xa43de30_701 .array/port v0xa43de30, 701;
v0xa43de30_702 .array/port v0xa43de30, 702;
v0xa43de30_703 .array/port v0xa43de30, 703;
v0xa43de30_704 .array/port v0xa43de30, 704;
E_0x9d2e430/176 .event anyedge, v0xa43de30_701, v0xa43de30_702, v0xa43de30_703, v0xa43de30_704;
v0xa43de30_705 .array/port v0xa43de30, 705;
v0xa43de30_706 .array/port v0xa43de30, 706;
v0xa43de30_707 .array/port v0xa43de30, 707;
v0xa43de30_708 .array/port v0xa43de30, 708;
E_0x9d2e430/177 .event anyedge, v0xa43de30_705, v0xa43de30_706, v0xa43de30_707, v0xa43de30_708;
v0xa43de30_709 .array/port v0xa43de30, 709;
v0xa43de30_710 .array/port v0xa43de30, 710;
v0xa43de30_711 .array/port v0xa43de30, 711;
v0xa43de30_712 .array/port v0xa43de30, 712;
E_0x9d2e430/178 .event anyedge, v0xa43de30_709, v0xa43de30_710, v0xa43de30_711, v0xa43de30_712;
v0xa43de30_713 .array/port v0xa43de30, 713;
v0xa43de30_714 .array/port v0xa43de30, 714;
v0xa43de30_715 .array/port v0xa43de30, 715;
v0xa43de30_716 .array/port v0xa43de30, 716;
E_0x9d2e430/179 .event anyedge, v0xa43de30_713, v0xa43de30_714, v0xa43de30_715, v0xa43de30_716;
v0xa43de30_717 .array/port v0xa43de30, 717;
v0xa43de30_718 .array/port v0xa43de30, 718;
v0xa43de30_719 .array/port v0xa43de30, 719;
v0xa43de30_720 .array/port v0xa43de30, 720;
E_0x9d2e430/180 .event anyedge, v0xa43de30_717, v0xa43de30_718, v0xa43de30_719, v0xa43de30_720;
v0xa43de30_721 .array/port v0xa43de30, 721;
v0xa43de30_722 .array/port v0xa43de30, 722;
v0xa43de30_723 .array/port v0xa43de30, 723;
v0xa43de30_724 .array/port v0xa43de30, 724;
E_0x9d2e430/181 .event anyedge, v0xa43de30_721, v0xa43de30_722, v0xa43de30_723, v0xa43de30_724;
v0xa43de30_725 .array/port v0xa43de30, 725;
v0xa43de30_726 .array/port v0xa43de30, 726;
v0xa43de30_727 .array/port v0xa43de30, 727;
v0xa43de30_728 .array/port v0xa43de30, 728;
E_0x9d2e430/182 .event anyedge, v0xa43de30_725, v0xa43de30_726, v0xa43de30_727, v0xa43de30_728;
v0xa43de30_729 .array/port v0xa43de30, 729;
v0xa43de30_730 .array/port v0xa43de30, 730;
v0xa43de30_731 .array/port v0xa43de30, 731;
v0xa43de30_732 .array/port v0xa43de30, 732;
E_0x9d2e430/183 .event anyedge, v0xa43de30_729, v0xa43de30_730, v0xa43de30_731, v0xa43de30_732;
v0xa43de30_733 .array/port v0xa43de30, 733;
v0xa43de30_734 .array/port v0xa43de30, 734;
v0xa43de30_735 .array/port v0xa43de30, 735;
v0xa43de30_736 .array/port v0xa43de30, 736;
E_0x9d2e430/184 .event anyedge, v0xa43de30_733, v0xa43de30_734, v0xa43de30_735, v0xa43de30_736;
v0xa43de30_737 .array/port v0xa43de30, 737;
v0xa43de30_738 .array/port v0xa43de30, 738;
v0xa43de30_739 .array/port v0xa43de30, 739;
v0xa43de30_740 .array/port v0xa43de30, 740;
E_0x9d2e430/185 .event anyedge, v0xa43de30_737, v0xa43de30_738, v0xa43de30_739, v0xa43de30_740;
v0xa43de30_741 .array/port v0xa43de30, 741;
v0xa43de30_742 .array/port v0xa43de30, 742;
v0xa43de30_743 .array/port v0xa43de30, 743;
v0xa43de30_744 .array/port v0xa43de30, 744;
E_0x9d2e430/186 .event anyedge, v0xa43de30_741, v0xa43de30_742, v0xa43de30_743, v0xa43de30_744;
v0xa43de30_745 .array/port v0xa43de30, 745;
v0xa43de30_746 .array/port v0xa43de30, 746;
v0xa43de30_747 .array/port v0xa43de30, 747;
v0xa43de30_748 .array/port v0xa43de30, 748;
E_0x9d2e430/187 .event anyedge, v0xa43de30_745, v0xa43de30_746, v0xa43de30_747, v0xa43de30_748;
v0xa43de30_749 .array/port v0xa43de30, 749;
v0xa43de30_750 .array/port v0xa43de30, 750;
v0xa43de30_751 .array/port v0xa43de30, 751;
v0xa43de30_752 .array/port v0xa43de30, 752;
E_0x9d2e430/188 .event anyedge, v0xa43de30_749, v0xa43de30_750, v0xa43de30_751, v0xa43de30_752;
v0xa43de30_753 .array/port v0xa43de30, 753;
v0xa43de30_754 .array/port v0xa43de30, 754;
v0xa43de30_755 .array/port v0xa43de30, 755;
v0xa43de30_756 .array/port v0xa43de30, 756;
E_0x9d2e430/189 .event anyedge, v0xa43de30_753, v0xa43de30_754, v0xa43de30_755, v0xa43de30_756;
v0xa43de30_757 .array/port v0xa43de30, 757;
v0xa43de30_758 .array/port v0xa43de30, 758;
v0xa43de30_759 .array/port v0xa43de30, 759;
v0xa43de30_760 .array/port v0xa43de30, 760;
E_0x9d2e430/190 .event anyedge, v0xa43de30_757, v0xa43de30_758, v0xa43de30_759, v0xa43de30_760;
v0xa43de30_761 .array/port v0xa43de30, 761;
v0xa43de30_762 .array/port v0xa43de30, 762;
v0xa43de30_763 .array/port v0xa43de30, 763;
v0xa43de30_764 .array/port v0xa43de30, 764;
E_0x9d2e430/191 .event anyedge, v0xa43de30_761, v0xa43de30_762, v0xa43de30_763, v0xa43de30_764;
v0xa43de30_765 .array/port v0xa43de30, 765;
v0xa43de30_766 .array/port v0xa43de30, 766;
v0xa43de30_767 .array/port v0xa43de30, 767;
v0xa43de30_768 .array/port v0xa43de30, 768;
E_0x9d2e430/192 .event anyedge, v0xa43de30_765, v0xa43de30_766, v0xa43de30_767, v0xa43de30_768;
v0xa43de30_769 .array/port v0xa43de30, 769;
v0xa43de30_770 .array/port v0xa43de30, 770;
v0xa43de30_771 .array/port v0xa43de30, 771;
v0xa43de30_772 .array/port v0xa43de30, 772;
E_0x9d2e430/193 .event anyedge, v0xa43de30_769, v0xa43de30_770, v0xa43de30_771, v0xa43de30_772;
v0xa43de30_773 .array/port v0xa43de30, 773;
v0xa43de30_774 .array/port v0xa43de30, 774;
v0xa43de30_775 .array/port v0xa43de30, 775;
v0xa43de30_776 .array/port v0xa43de30, 776;
E_0x9d2e430/194 .event anyedge, v0xa43de30_773, v0xa43de30_774, v0xa43de30_775, v0xa43de30_776;
v0xa43de30_777 .array/port v0xa43de30, 777;
v0xa43de30_778 .array/port v0xa43de30, 778;
v0xa43de30_779 .array/port v0xa43de30, 779;
v0xa43de30_780 .array/port v0xa43de30, 780;
E_0x9d2e430/195 .event anyedge, v0xa43de30_777, v0xa43de30_778, v0xa43de30_779, v0xa43de30_780;
v0xa43de30_781 .array/port v0xa43de30, 781;
v0xa43de30_782 .array/port v0xa43de30, 782;
v0xa43de30_783 .array/port v0xa43de30, 783;
v0xa43de30_784 .array/port v0xa43de30, 784;
E_0x9d2e430/196 .event anyedge, v0xa43de30_781, v0xa43de30_782, v0xa43de30_783, v0xa43de30_784;
v0xa43de30_785 .array/port v0xa43de30, 785;
v0xa43de30_786 .array/port v0xa43de30, 786;
v0xa43de30_787 .array/port v0xa43de30, 787;
v0xa43de30_788 .array/port v0xa43de30, 788;
E_0x9d2e430/197 .event anyedge, v0xa43de30_785, v0xa43de30_786, v0xa43de30_787, v0xa43de30_788;
v0xa43de30_789 .array/port v0xa43de30, 789;
v0xa43de30_790 .array/port v0xa43de30, 790;
v0xa43de30_791 .array/port v0xa43de30, 791;
v0xa43de30_792 .array/port v0xa43de30, 792;
E_0x9d2e430/198 .event anyedge, v0xa43de30_789, v0xa43de30_790, v0xa43de30_791, v0xa43de30_792;
v0xa43de30_793 .array/port v0xa43de30, 793;
v0xa43de30_794 .array/port v0xa43de30, 794;
v0xa43de30_795 .array/port v0xa43de30, 795;
v0xa43de30_796 .array/port v0xa43de30, 796;
E_0x9d2e430/199 .event anyedge, v0xa43de30_793, v0xa43de30_794, v0xa43de30_795, v0xa43de30_796;
v0xa43de30_797 .array/port v0xa43de30, 797;
v0xa43de30_798 .array/port v0xa43de30, 798;
v0xa43de30_799 .array/port v0xa43de30, 799;
v0xa43de30_800 .array/port v0xa43de30, 800;
E_0x9d2e430/200 .event anyedge, v0xa43de30_797, v0xa43de30_798, v0xa43de30_799, v0xa43de30_800;
v0xa43de30_801 .array/port v0xa43de30, 801;
v0xa43de30_802 .array/port v0xa43de30, 802;
v0xa43de30_803 .array/port v0xa43de30, 803;
v0xa43de30_804 .array/port v0xa43de30, 804;
E_0x9d2e430/201 .event anyedge, v0xa43de30_801, v0xa43de30_802, v0xa43de30_803, v0xa43de30_804;
v0xa43de30_805 .array/port v0xa43de30, 805;
v0xa43de30_806 .array/port v0xa43de30, 806;
v0xa43de30_807 .array/port v0xa43de30, 807;
v0xa43de30_808 .array/port v0xa43de30, 808;
E_0x9d2e430/202 .event anyedge, v0xa43de30_805, v0xa43de30_806, v0xa43de30_807, v0xa43de30_808;
v0xa43de30_809 .array/port v0xa43de30, 809;
v0xa43de30_810 .array/port v0xa43de30, 810;
v0xa43de30_811 .array/port v0xa43de30, 811;
v0xa43de30_812 .array/port v0xa43de30, 812;
E_0x9d2e430/203 .event anyedge, v0xa43de30_809, v0xa43de30_810, v0xa43de30_811, v0xa43de30_812;
v0xa43de30_813 .array/port v0xa43de30, 813;
v0xa43de30_814 .array/port v0xa43de30, 814;
v0xa43de30_815 .array/port v0xa43de30, 815;
v0xa43de30_816 .array/port v0xa43de30, 816;
E_0x9d2e430/204 .event anyedge, v0xa43de30_813, v0xa43de30_814, v0xa43de30_815, v0xa43de30_816;
v0xa43de30_817 .array/port v0xa43de30, 817;
v0xa43de30_818 .array/port v0xa43de30, 818;
v0xa43de30_819 .array/port v0xa43de30, 819;
v0xa43de30_820 .array/port v0xa43de30, 820;
E_0x9d2e430/205 .event anyedge, v0xa43de30_817, v0xa43de30_818, v0xa43de30_819, v0xa43de30_820;
v0xa43de30_821 .array/port v0xa43de30, 821;
v0xa43de30_822 .array/port v0xa43de30, 822;
v0xa43de30_823 .array/port v0xa43de30, 823;
v0xa43de30_824 .array/port v0xa43de30, 824;
E_0x9d2e430/206 .event anyedge, v0xa43de30_821, v0xa43de30_822, v0xa43de30_823, v0xa43de30_824;
v0xa43de30_825 .array/port v0xa43de30, 825;
v0xa43de30_826 .array/port v0xa43de30, 826;
v0xa43de30_827 .array/port v0xa43de30, 827;
v0xa43de30_828 .array/port v0xa43de30, 828;
E_0x9d2e430/207 .event anyedge, v0xa43de30_825, v0xa43de30_826, v0xa43de30_827, v0xa43de30_828;
v0xa43de30_829 .array/port v0xa43de30, 829;
v0xa43de30_830 .array/port v0xa43de30, 830;
v0xa43de30_831 .array/port v0xa43de30, 831;
v0xa43de30_832 .array/port v0xa43de30, 832;
E_0x9d2e430/208 .event anyedge, v0xa43de30_829, v0xa43de30_830, v0xa43de30_831, v0xa43de30_832;
v0xa43de30_833 .array/port v0xa43de30, 833;
v0xa43de30_834 .array/port v0xa43de30, 834;
v0xa43de30_835 .array/port v0xa43de30, 835;
v0xa43de30_836 .array/port v0xa43de30, 836;
E_0x9d2e430/209 .event anyedge, v0xa43de30_833, v0xa43de30_834, v0xa43de30_835, v0xa43de30_836;
v0xa43de30_837 .array/port v0xa43de30, 837;
v0xa43de30_838 .array/port v0xa43de30, 838;
v0xa43de30_839 .array/port v0xa43de30, 839;
v0xa43de30_840 .array/port v0xa43de30, 840;
E_0x9d2e430/210 .event anyedge, v0xa43de30_837, v0xa43de30_838, v0xa43de30_839, v0xa43de30_840;
v0xa43de30_841 .array/port v0xa43de30, 841;
v0xa43de30_842 .array/port v0xa43de30, 842;
v0xa43de30_843 .array/port v0xa43de30, 843;
v0xa43de30_844 .array/port v0xa43de30, 844;
E_0x9d2e430/211 .event anyedge, v0xa43de30_841, v0xa43de30_842, v0xa43de30_843, v0xa43de30_844;
v0xa43de30_845 .array/port v0xa43de30, 845;
v0xa43de30_846 .array/port v0xa43de30, 846;
v0xa43de30_847 .array/port v0xa43de30, 847;
v0xa43de30_848 .array/port v0xa43de30, 848;
E_0x9d2e430/212 .event anyedge, v0xa43de30_845, v0xa43de30_846, v0xa43de30_847, v0xa43de30_848;
v0xa43de30_849 .array/port v0xa43de30, 849;
v0xa43de30_850 .array/port v0xa43de30, 850;
v0xa43de30_851 .array/port v0xa43de30, 851;
v0xa43de30_852 .array/port v0xa43de30, 852;
E_0x9d2e430/213 .event anyedge, v0xa43de30_849, v0xa43de30_850, v0xa43de30_851, v0xa43de30_852;
v0xa43de30_853 .array/port v0xa43de30, 853;
v0xa43de30_854 .array/port v0xa43de30, 854;
v0xa43de30_855 .array/port v0xa43de30, 855;
v0xa43de30_856 .array/port v0xa43de30, 856;
E_0x9d2e430/214 .event anyedge, v0xa43de30_853, v0xa43de30_854, v0xa43de30_855, v0xa43de30_856;
v0xa43de30_857 .array/port v0xa43de30, 857;
v0xa43de30_858 .array/port v0xa43de30, 858;
v0xa43de30_859 .array/port v0xa43de30, 859;
v0xa43de30_860 .array/port v0xa43de30, 860;
E_0x9d2e430/215 .event anyedge, v0xa43de30_857, v0xa43de30_858, v0xa43de30_859, v0xa43de30_860;
v0xa43de30_861 .array/port v0xa43de30, 861;
v0xa43de30_862 .array/port v0xa43de30, 862;
v0xa43de30_863 .array/port v0xa43de30, 863;
v0xa43de30_864 .array/port v0xa43de30, 864;
E_0x9d2e430/216 .event anyedge, v0xa43de30_861, v0xa43de30_862, v0xa43de30_863, v0xa43de30_864;
v0xa43de30_865 .array/port v0xa43de30, 865;
v0xa43de30_866 .array/port v0xa43de30, 866;
v0xa43de30_867 .array/port v0xa43de30, 867;
v0xa43de30_868 .array/port v0xa43de30, 868;
E_0x9d2e430/217 .event anyedge, v0xa43de30_865, v0xa43de30_866, v0xa43de30_867, v0xa43de30_868;
v0xa43de30_869 .array/port v0xa43de30, 869;
v0xa43de30_870 .array/port v0xa43de30, 870;
v0xa43de30_871 .array/port v0xa43de30, 871;
v0xa43de30_872 .array/port v0xa43de30, 872;
E_0x9d2e430/218 .event anyedge, v0xa43de30_869, v0xa43de30_870, v0xa43de30_871, v0xa43de30_872;
v0xa43de30_873 .array/port v0xa43de30, 873;
v0xa43de30_874 .array/port v0xa43de30, 874;
v0xa43de30_875 .array/port v0xa43de30, 875;
v0xa43de30_876 .array/port v0xa43de30, 876;
E_0x9d2e430/219 .event anyedge, v0xa43de30_873, v0xa43de30_874, v0xa43de30_875, v0xa43de30_876;
v0xa43de30_877 .array/port v0xa43de30, 877;
v0xa43de30_878 .array/port v0xa43de30, 878;
v0xa43de30_879 .array/port v0xa43de30, 879;
v0xa43de30_880 .array/port v0xa43de30, 880;
E_0x9d2e430/220 .event anyedge, v0xa43de30_877, v0xa43de30_878, v0xa43de30_879, v0xa43de30_880;
v0xa43de30_881 .array/port v0xa43de30, 881;
v0xa43de30_882 .array/port v0xa43de30, 882;
v0xa43de30_883 .array/port v0xa43de30, 883;
v0xa43de30_884 .array/port v0xa43de30, 884;
E_0x9d2e430/221 .event anyedge, v0xa43de30_881, v0xa43de30_882, v0xa43de30_883, v0xa43de30_884;
v0xa43de30_885 .array/port v0xa43de30, 885;
v0xa43de30_886 .array/port v0xa43de30, 886;
v0xa43de30_887 .array/port v0xa43de30, 887;
v0xa43de30_888 .array/port v0xa43de30, 888;
E_0x9d2e430/222 .event anyedge, v0xa43de30_885, v0xa43de30_886, v0xa43de30_887, v0xa43de30_888;
v0xa43de30_889 .array/port v0xa43de30, 889;
v0xa43de30_890 .array/port v0xa43de30, 890;
v0xa43de30_891 .array/port v0xa43de30, 891;
v0xa43de30_892 .array/port v0xa43de30, 892;
E_0x9d2e430/223 .event anyedge, v0xa43de30_889, v0xa43de30_890, v0xa43de30_891, v0xa43de30_892;
v0xa43de30_893 .array/port v0xa43de30, 893;
v0xa43de30_894 .array/port v0xa43de30, 894;
v0xa43de30_895 .array/port v0xa43de30, 895;
v0xa43de30_896 .array/port v0xa43de30, 896;
E_0x9d2e430/224 .event anyedge, v0xa43de30_893, v0xa43de30_894, v0xa43de30_895, v0xa43de30_896;
v0xa43de30_897 .array/port v0xa43de30, 897;
v0xa43de30_898 .array/port v0xa43de30, 898;
v0xa43de30_899 .array/port v0xa43de30, 899;
v0xa43de30_900 .array/port v0xa43de30, 900;
E_0x9d2e430/225 .event anyedge, v0xa43de30_897, v0xa43de30_898, v0xa43de30_899, v0xa43de30_900;
v0xa43de30_901 .array/port v0xa43de30, 901;
v0xa43de30_902 .array/port v0xa43de30, 902;
v0xa43de30_903 .array/port v0xa43de30, 903;
v0xa43de30_904 .array/port v0xa43de30, 904;
E_0x9d2e430/226 .event anyedge, v0xa43de30_901, v0xa43de30_902, v0xa43de30_903, v0xa43de30_904;
v0xa43de30_905 .array/port v0xa43de30, 905;
v0xa43de30_906 .array/port v0xa43de30, 906;
v0xa43de30_907 .array/port v0xa43de30, 907;
v0xa43de30_908 .array/port v0xa43de30, 908;
E_0x9d2e430/227 .event anyedge, v0xa43de30_905, v0xa43de30_906, v0xa43de30_907, v0xa43de30_908;
v0xa43de30_909 .array/port v0xa43de30, 909;
v0xa43de30_910 .array/port v0xa43de30, 910;
v0xa43de30_911 .array/port v0xa43de30, 911;
v0xa43de30_912 .array/port v0xa43de30, 912;
E_0x9d2e430/228 .event anyedge, v0xa43de30_909, v0xa43de30_910, v0xa43de30_911, v0xa43de30_912;
v0xa43de30_913 .array/port v0xa43de30, 913;
v0xa43de30_914 .array/port v0xa43de30, 914;
v0xa43de30_915 .array/port v0xa43de30, 915;
v0xa43de30_916 .array/port v0xa43de30, 916;
E_0x9d2e430/229 .event anyedge, v0xa43de30_913, v0xa43de30_914, v0xa43de30_915, v0xa43de30_916;
v0xa43de30_917 .array/port v0xa43de30, 917;
v0xa43de30_918 .array/port v0xa43de30, 918;
v0xa43de30_919 .array/port v0xa43de30, 919;
v0xa43de30_920 .array/port v0xa43de30, 920;
E_0x9d2e430/230 .event anyedge, v0xa43de30_917, v0xa43de30_918, v0xa43de30_919, v0xa43de30_920;
v0xa43de30_921 .array/port v0xa43de30, 921;
v0xa43de30_922 .array/port v0xa43de30, 922;
v0xa43de30_923 .array/port v0xa43de30, 923;
v0xa43de30_924 .array/port v0xa43de30, 924;
E_0x9d2e430/231 .event anyedge, v0xa43de30_921, v0xa43de30_922, v0xa43de30_923, v0xa43de30_924;
v0xa43de30_925 .array/port v0xa43de30, 925;
v0xa43de30_926 .array/port v0xa43de30, 926;
v0xa43de30_927 .array/port v0xa43de30, 927;
v0xa43de30_928 .array/port v0xa43de30, 928;
E_0x9d2e430/232 .event anyedge, v0xa43de30_925, v0xa43de30_926, v0xa43de30_927, v0xa43de30_928;
v0xa43de30_929 .array/port v0xa43de30, 929;
v0xa43de30_930 .array/port v0xa43de30, 930;
v0xa43de30_931 .array/port v0xa43de30, 931;
v0xa43de30_932 .array/port v0xa43de30, 932;
E_0x9d2e430/233 .event anyedge, v0xa43de30_929, v0xa43de30_930, v0xa43de30_931, v0xa43de30_932;
v0xa43de30_933 .array/port v0xa43de30, 933;
v0xa43de30_934 .array/port v0xa43de30, 934;
v0xa43de30_935 .array/port v0xa43de30, 935;
v0xa43de30_936 .array/port v0xa43de30, 936;
E_0x9d2e430/234 .event anyedge, v0xa43de30_933, v0xa43de30_934, v0xa43de30_935, v0xa43de30_936;
v0xa43de30_937 .array/port v0xa43de30, 937;
v0xa43de30_938 .array/port v0xa43de30, 938;
v0xa43de30_939 .array/port v0xa43de30, 939;
v0xa43de30_940 .array/port v0xa43de30, 940;
E_0x9d2e430/235 .event anyedge, v0xa43de30_937, v0xa43de30_938, v0xa43de30_939, v0xa43de30_940;
v0xa43de30_941 .array/port v0xa43de30, 941;
v0xa43de30_942 .array/port v0xa43de30, 942;
v0xa43de30_943 .array/port v0xa43de30, 943;
v0xa43de30_944 .array/port v0xa43de30, 944;
E_0x9d2e430/236 .event anyedge, v0xa43de30_941, v0xa43de30_942, v0xa43de30_943, v0xa43de30_944;
v0xa43de30_945 .array/port v0xa43de30, 945;
v0xa43de30_946 .array/port v0xa43de30, 946;
v0xa43de30_947 .array/port v0xa43de30, 947;
v0xa43de30_948 .array/port v0xa43de30, 948;
E_0x9d2e430/237 .event anyedge, v0xa43de30_945, v0xa43de30_946, v0xa43de30_947, v0xa43de30_948;
v0xa43de30_949 .array/port v0xa43de30, 949;
v0xa43de30_950 .array/port v0xa43de30, 950;
v0xa43de30_951 .array/port v0xa43de30, 951;
v0xa43de30_952 .array/port v0xa43de30, 952;
E_0x9d2e430/238 .event anyedge, v0xa43de30_949, v0xa43de30_950, v0xa43de30_951, v0xa43de30_952;
v0xa43de30_953 .array/port v0xa43de30, 953;
v0xa43de30_954 .array/port v0xa43de30, 954;
v0xa43de30_955 .array/port v0xa43de30, 955;
v0xa43de30_956 .array/port v0xa43de30, 956;
E_0x9d2e430/239 .event anyedge, v0xa43de30_953, v0xa43de30_954, v0xa43de30_955, v0xa43de30_956;
v0xa43de30_957 .array/port v0xa43de30, 957;
v0xa43de30_958 .array/port v0xa43de30, 958;
v0xa43de30_959 .array/port v0xa43de30, 959;
v0xa43de30_960 .array/port v0xa43de30, 960;
E_0x9d2e430/240 .event anyedge, v0xa43de30_957, v0xa43de30_958, v0xa43de30_959, v0xa43de30_960;
v0xa43de30_961 .array/port v0xa43de30, 961;
v0xa43de30_962 .array/port v0xa43de30, 962;
v0xa43de30_963 .array/port v0xa43de30, 963;
v0xa43de30_964 .array/port v0xa43de30, 964;
E_0x9d2e430/241 .event anyedge, v0xa43de30_961, v0xa43de30_962, v0xa43de30_963, v0xa43de30_964;
v0xa43de30_965 .array/port v0xa43de30, 965;
v0xa43de30_966 .array/port v0xa43de30, 966;
v0xa43de30_967 .array/port v0xa43de30, 967;
v0xa43de30_968 .array/port v0xa43de30, 968;
E_0x9d2e430/242 .event anyedge, v0xa43de30_965, v0xa43de30_966, v0xa43de30_967, v0xa43de30_968;
v0xa43de30_969 .array/port v0xa43de30, 969;
v0xa43de30_970 .array/port v0xa43de30, 970;
v0xa43de30_971 .array/port v0xa43de30, 971;
v0xa43de30_972 .array/port v0xa43de30, 972;
E_0x9d2e430/243 .event anyedge, v0xa43de30_969, v0xa43de30_970, v0xa43de30_971, v0xa43de30_972;
v0xa43de30_973 .array/port v0xa43de30, 973;
v0xa43de30_974 .array/port v0xa43de30, 974;
v0xa43de30_975 .array/port v0xa43de30, 975;
v0xa43de30_976 .array/port v0xa43de30, 976;
E_0x9d2e430/244 .event anyedge, v0xa43de30_973, v0xa43de30_974, v0xa43de30_975, v0xa43de30_976;
v0xa43de30_977 .array/port v0xa43de30, 977;
v0xa43de30_978 .array/port v0xa43de30, 978;
v0xa43de30_979 .array/port v0xa43de30, 979;
v0xa43de30_980 .array/port v0xa43de30, 980;
E_0x9d2e430/245 .event anyedge, v0xa43de30_977, v0xa43de30_978, v0xa43de30_979, v0xa43de30_980;
v0xa43de30_981 .array/port v0xa43de30, 981;
v0xa43de30_982 .array/port v0xa43de30, 982;
v0xa43de30_983 .array/port v0xa43de30, 983;
v0xa43de30_984 .array/port v0xa43de30, 984;
E_0x9d2e430/246 .event anyedge, v0xa43de30_981, v0xa43de30_982, v0xa43de30_983, v0xa43de30_984;
v0xa43de30_985 .array/port v0xa43de30, 985;
v0xa43de30_986 .array/port v0xa43de30, 986;
v0xa43de30_987 .array/port v0xa43de30, 987;
v0xa43de30_988 .array/port v0xa43de30, 988;
E_0x9d2e430/247 .event anyedge, v0xa43de30_985, v0xa43de30_986, v0xa43de30_987, v0xa43de30_988;
v0xa43de30_989 .array/port v0xa43de30, 989;
v0xa43de30_990 .array/port v0xa43de30, 990;
v0xa43de30_991 .array/port v0xa43de30, 991;
v0xa43de30_992 .array/port v0xa43de30, 992;
E_0x9d2e430/248 .event anyedge, v0xa43de30_989, v0xa43de30_990, v0xa43de30_991, v0xa43de30_992;
v0xa43de30_993 .array/port v0xa43de30, 993;
v0xa43de30_994 .array/port v0xa43de30, 994;
v0xa43de30_995 .array/port v0xa43de30, 995;
v0xa43de30_996 .array/port v0xa43de30, 996;
E_0x9d2e430/249 .event anyedge, v0xa43de30_993, v0xa43de30_994, v0xa43de30_995, v0xa43de30_996;
v0xa43de30_997 .array/port v0xa43de30, 997;
v0xa43de30_998 .array/port v0xa43de30, 998;
v0xa43de30_999 .array/port v0xa43de30, 999;
v0xa43de30_1000 .array/port v0xa43de30, 1000;
E_0x9d2e430/250 .event anyedge, v0xa43de30_997, v0xa43de30_998, v0xa43de30_999, v0xa43de30_1000;
v0xa43de30_1001 .array/port v0xa43de30, 1001;
v0xa43de30_1002 .array/port v0xa43de30, 1002;
v0xa43de30_1003 .array/port v0xa43de30, 1003;
v0xa43de30_1004 .array/port v0xa43de30, 1004;
E_0x9d2e430/251 .event anyedge, v0xa43de30_1001, v0xa43de30_1002, v0xa43de30_1003, v0xa43de30_1004;
v0xa43de30_1005 .array/port v0xa43de30, 1005;
v0xa43de30_1006 .array/port v0xa43de30, 1006;
v0xa43de30_1007 .array/port v0xa43de30, 1007;
v0xa43de30_1008 .array/port v0xa43de30, 1008;
E_0x9d2e430/252 .event anyedge, v0xa43de30_1005, v0xa43de30_1006, v0xa43de30_1007, v0xa43de30_1008;
v0xa43de30_1009 .array/port v0xa43de30, 1009;
v0xa43de30_1010 .array/port v0xa43de30, 1010;
v0xa43de30_1011 .array/port v0xa43de30, 1011;
v0xa43de30_1012 .array/port v0xa43de30, 1012;
E_0x9d2e430/253 .event anyedge, v0xa43de30_1009, v0xa43de30_1010, v0xa43de30_1011, v0xa43de30_1012;
v0xa43de30_1013 .array/port v0xa43de30, 1013;
v0xa43de30_1014 .array/port v0xa43de30, 1014;
v0xa43de30_1015 .array/port v0xa43de30, 1015;
v0xa43de30_1016 .array/port v0xa43de30, 1016;
E_0x9d2e430/254 .event anyedge, v0xa43de30_1013, v0xa43de30_1014, v0xa43de30_1015, v0xa43de30_1016;
v0xa43de30_1017 .array/port v0xa43de30, 1017;
v0xa43de30_1018 .array/port v0xa43de30, 1018;
v0xa43de30_1019 .array/port v0xa43de30, 1019;
v0xa43de30_1020 .array/port v0xa43de30, 1020;
E_0x9d2e430/255 .event anyedge, v0xa43de30_1017, v0xa43de30_1018, v0xa43de30_1019, v0xa43de30_1020;
v0xa43de30_1021 .array/port v0xa43de30, 1021;
v0xa43de30_1022 .array/port v0xa43de30, 1022;
v0xa43de30_1023 .array/port v0xa43de30, 1023;
E_0x9d2e430/256 .event anyedge, v0xa43de30_1021, v0xa43de30_1022, v0xa43de30_1023;
E_0x9d2e430 .event/or E_0x9d2e430/0, E_0x9d2e430/1, E_0x9d2e430/2, E_0x9d2e430/3, E_0x9d2e430/4, E_0x9d2e430/5, E_0x9d2e430/6, E_0x9d2e430/7, E_0x9d2e430/8, E_0x9d2e430/9, E_0x9d2e430/10, E_0x9d2e430/11, E_0x9d2e430/12, E_0x9d2e430/13, E_0x9d2e430/14, E_0x9d2e430/15, E_0x9d2e430/16, E_0x9d2e430/17, E_0x9d2e430/18, E_0x9d2e430/19, E_0x9d2e430/20, E_0x9d2e430/21, E_0x9d2e430/22, E_0x9d2e430/23, E_0x9d2e430/24, E_0x9d2e430/25, E_0x9d2e430/26, E_0x9d2e430/27, E_0x9d2e430/28, E_0x9d2e430/29, E_0x9d2e430/30, E_0x9d2e430/31, E_0x9d2e430/32, E_0x9d2e430/33, E_0x9d2e430/34, E_0x9d2e430/35, E_0x9d2e430/36, E_0x9d2e430/37, E_0x9d2e430/38, E_0x9d2e430/39, E_0x9d2e430/40, E_0x9d2e430/41, E_0x9d2e430/42, E_0x9d2e430/43, E_0x9d2e430/44, E_0x9d2e430/45, E_0x9d2e430/46, E_0x9d2e430/47, E_0x9d2e430/48, E_0x9d2e430/49, E_0x9d2e430/50, E_0x9d2e430/51, E_0x9d2e430/52, E_0x9d2e430/53, E_0x9d2e430/54, E_0x9d2e430/55, E_0x9d2e430/56, E_0x9d2e430/57, E_0x9d2e430/58, E_0x9d2e430/59, E_0x9d2e430/60, E_0x9d2e430/61, E_0x9d2e430/62, E_0x9d2e430/63, E_0x9d2e430/64, E_0x9d2e430/65, E_0x9d2e430/66, E_0x9d2e430/67, E_0x9d2e430/68, E_0x9d2e430/69, E_0x9d2e430/70, E_0x9d2e430/71, E_0x9d2e430/72, E_0x9d2e430/73, E_0x9d2e430/74, E_0x9d2e430/75, E_0x9d2e430/76, E_0x9d2e430/77, E_0x9d2e430/78, E_0x9d2e430/79, E_0x9d2e430/80, E_0x9d2e430/81, E_0x9d2e430/82, E_0x9d2e430/83, E_0x9d2e430/84, E_0x9d2e430/85, E_0x9d2e430/86, E_0x9d2e430/87, E_0x9d2e430/88, E_0x9d2e430/89, E_0x9d2e430/90, E_0x9d2e430/91, E_0x9d2e430/92, E_0x9d2e430/93, E_0x9d2e430/94, E_0x9d2e430/95, E_0x9d2e430/96, E_0x9d2e430/97, E_0x9d2e430/98, E_0x9d2e430/99, E_0x9d2e430/100, E_0x9d2e430/101, E_0x9d2e430/102, E_0x9d2e430/103, E_0x9d2e430/104, E_0x9d2e430/105, E_0x9d2e430/106, E_0x9d2e430/107, E_0x9d2e430/108, E_0x9d2e430/109, E_0x9d2e430/110, E_0x9d2e430/111, E_0x9d2e430/112, E_0x9d2e430/113, E_0x9d2e430/114, E_0x9d2e430/115, E_0x9d2e430/116, E_0x9d2e430/117, E_0x9d2e430/118, E_0x9d2e430/119, E_0x9d2e430/120, E_0x9d2e430/121, E_0x9d2e430/122, E_0x9d2e430/123, E_0x9d2e430/124, E_0x9d2e430/125, E_0x9d2e430/126, E_0x9d2e430/127, E_0x9d2e430/128, E_0x9d2e430/129, E_0x9d2e430/130, E_0x9d2e430/131, E_0x9d2e430/132, E_0x9d2e430/133, E_0x9d2e430/134, E_0x9d2e430/135, E_0x9d2e430/136, E_0x9d2e430/137, E_0x9d2e430/138, E_0x9d2e430/139, E_0x9d2e430/140, E_0x9d2e430/141, E_0x9d2e430/142, E_0x9d2e430/143, E_0x9d2e430/144, E_0x9d2e430/145, E_0x9d2e430/146, E_0x9d2e430/147, E_0x9d2e430/148, E_0x9d2e430/149, E_0x9d2e430/150, E_0x9d2e430/151, E_0x9d2e430/152, E_0x9d2e430/153, E_0x9d2e430/154, E_0x9d2e430/155, E_0x9d2e430/156, E_0x9d2e430/157, E_0x9d2e430/158, E_0x9d2e430/159, E_0x9d2e430/160, E_0x9d2e430/161, E_0x9d2e430/162, E_0x9d2e430/163, E_0x9d2e430/164, E_0x9d2e430/165, E_0x9d2e430/166, E_0x9d2e430/167, E_0x9d2e430/168, E_0x9d2e430/169, E_0x9d2e430/170, E_0x9d2e430/171, E_0x9d2e430/172, E_0x9d2e430/173, E_0x9d2e430/174, E_0x9d2e430/175, E_0x9d2e430/176, E_0x9d2e430/177, E_0x9d2e430/178, E_0x9d2e430/179, E_0x9d2e430/180, E_0x9d2e430/181, E_0x9d2e430/182, E_0x9d2e430/183, E_0x9d2e430/184, E_0x9d2e430/185, E_0x9d2e430/186, E_0x9d2e430/187, E_0x9d2e430/188, E_0x9d2e430/189, E_0x9d2e430/190, E_0x9d2e430/191, E_0x9d2e430/192, E_0x9d2e430/193, E_0x9d2e430/194, E_0x9d2e430/195, E_0x9d2e430/196, E_0x9d2e430/197, E_0x9d2e430/198, E_0x9d2e430/199, E_0x9d2e430/200, E_0x9d2e430/201, E_0x9d2e430/202, E_0x9d2e430/203, E_0x9d2e430/204, E_0x9d2e430/205, E_0x9d2e430/206, E_0x9d2e430/207, E_0x9d2e430/208, E_0x9d2e430/209, E_0x9d2e430/210, E_0x9d2e430/211, E_0x9d2e430/212, E_0x9d2e430/213, E_0x9d2e430/214, E_0x9d2e430/215, E_0x9d2e430/216, E_0x9d2e430/217, E_0x9d2e430/218, E_0x9d2e430/219, E_0x9d2e430/220, E_0x9d2e430/221, E_0x9d2e430/222, E_0x9d2e430/223, E_0x9d2e430/224, E_0x9d2e430/225, E_0x9d2e430/226, E_0x9d2e430/227, E_0x9d2e430/228, E_0x9d2e430/229, E_0x9d2e430/230, E_0x9d2e430/231, E_0x9d2e430/232, E_0x9d2e430/233, E_0x9d2e430/234, E_0x9d2e430/235, E_0x9d2e430/236, E_0x9d2e430/237, E_0x9d2e430/238, E_0x9d2e430/239, E_0x9d2e430/240, E_0x9d2e430/241, E_0x9d2e430/242, E_0x9d2e430/243, E_0x9d2e430/244, E_0x9d2e430/245, E_0x9d2e430/246, E_0x9d2e430/247, E_0x9d2e430/248, E_0x9d2e430/249, E_0x9d2e430/250, E_0x9d2e430/251, E_0x9d2e430/252, E_0x9d2e430/253, E_0x9d2e430/254, E_0x9d2e430/255, E_0x9d2e430/256;
v0xa4485a0_0 .array/port v0xa4485a0, 0;
v0xa4485a0_1 .array/port v0xa4485a0, 1;
v0xa4485a0_2 .array/port v0xa4485a0, 2;
E_0x9d2eb00/0 .event anyedge, v0xa3c3df0_0, v0xa4485a0_0, v0xa4485a0_1, v0xa4485a0_2;
v0xa4485a0_3 .array/port v0xa4485a0, 3;
v0xa4485a0_4 .array/port v0xa4485a0, 4;
v0xa4485a0_5 .array/port v0xa4485a0, 5;
v0xa4485a0_6 .array/port v0xa4485a0, 6;
E_0x9d2eb00/1 .event anyedge, v0xa4485a0_3, v0xa4485a0_4, v0xa4485a0_5, v0xa4485a0_6;
v0xa4485a0_7 .array/port v0xa4485a0, 7;
v0xa4485a0_8 .array/port v0xa4485a0, 8;
v0xa4485a0_9 .array/port v0xa4485a0, 9;
v0xa4485a0_10 .array/port v0xa4485a0, 10;
E_0x9d2eb00/2 .event anyedge, v0xa4485a0_7, v0xa4485a0_8, v0xa4485a0_9, v0xa4485a0_10;
v0xa4485a0_11 .array/port v0xa4485a0, 11;
v0xa4485a0_12 .array/port v0xa4485a0, 12;
v0xa4485a0_13 .array/port v0xa4485a0, 13;
v0xa4485a0_14 .array/port v0xa4485a0, 14;
E_0x9d2eb00/3 .event anyedge, v0xa4485a0_11, v0xa4485a0_12, v0xa4485a0_13, v0xa4485a0_14;
v0xa4485a0_15 .array/port v0xa4485a0, 15;
v0xa4485a0_16 .array/port v0xa4485a0, 16;
v0xa4485a0_17 .array/port v0xa4485a0, 17;
v0xa4485a0_18 .array/port v0xa4485a0, 18;
E_0x9d2eb00/4 .event anyedge, v0xa4485a0_15, v0xa4485a0_16, v0xa4485a0_17, v0xa4485a0_18;
v0xa4485a0_19 .array/port v0xa4485a0, 19;
v0xa4485a0_20 .array/port v0xa4485a0, 20;
v0xa4485a0_21 .array/port v0xa4485a0, 21;
v0xa4485a0_22 .array/port v0xa4485a0, 22;
E_0x9d2eb00/5 .event anyedge, v0xa4485a0_19, v0xa4485a0_20, v0xa4485a0_21, v0xa4485a0_22;
v0xa4485a0_23 .array/port v0xa4485a0, 23;
v0xa4485a0_24 .array/port v0xa4485a0, 24;
v0xa4485a0_25 .array/port v0xa4485a0, 25;
v0xa4485a0_26 .array/port v0xa4485a0, 26;
E_0x9d2eb00/6 .event anyedge, v0xa4485a0_23, v0xa4485a0_24, v0xa4485a0_25, v0xa4485a0_26;
v0xa4485a0_27 .array/port v0xa4485a0, 27;
v0xa4485a0_28 .array/port v0xa4485a0, 28;
v0xa4485a0_29 .array/port v0xa4485a0, 29;
v0xa4485a0_30 .array/port v0xa4485a0, 30;
E_0x9d2eb00/7 .event anyedge, v0xa4485a0_27, v0xa4485a0_28, v0xa4485a0_29, v0xa4485a0_30;
v0xa4485a0_31 .array/port v0xa4485a0, 31;
v0xa4485a0_32 .array/port v0xa4485a0, 32;
v0xa4485a0_33 .array/port v0xa4485a0, 33;
v0xa4485a0_34 .array/port v0xa4485a0, 34;
E_0x9d2eb00/8 .event anyedge, v0xa4485a0_31, v0xa4485a0_32, v0xa4485a0_33, v0xa4485a0_34;
v0xa4485a0_35 .array/port v0xa4485a0, 35;
v0xa4485a0_36 .array/port v0xa4485a0, 36;
v0xa4485a0_37 .array/port v0xa4485a0, 37;
v0xa4485a0_38 .array/port v0xa4485a0, 38;
E_0x9d2eb00/9 .event anyedge, v0xa4485a0_35, v0xa4485a0_36, v0xa4485a0_37, v0xa4485a0_38;
v0xa4485a0_39 .array/port v0xa4485a0, 39;
v0xa4485a0_40 .array/port v0xa4485a0, 40;
v0xa4485a0_41 .array/port v0xa4485a0, 41;
v0xa4485a0_42 .array/port v0xa4485a0, 42;
E_0x9d2eb00/10 .event anyedge, v0xa4485a0_39, v0xa4485a0_40, v0xa4485a0_41, v0xa4485a0_42;
v0xa4485a0_43 .array/port v0xa4485a0, 43;
v0xa4485a0_44 .array/port v0xa4485a0, 44;
v0xa4485a0_45 .array/port v0xa4485a0, 45;
v0xa4485a0_46 .array/port v0xa4485a0, 46;
E_0x9d2eb00/11 .event anyedge, v0xa4485a0_43, v0xa4485a0_44, v0xa4485a0_45, v0xa4485a0_46;
v0xa4485a0_47 .array/port v0xa4485a0, 47;
v0xa4485a0_48 .array/port v0xa4485a0, 48;
v0xa4485a0_49 .array/port v0xa4485a0, 49;
v0xa4485a0_50 .array/port v0xa4485a0, 50;
E_0x9d2eb00/12 .event anyedge, v0xa4485a0_47, v0xa4485a0_48, v0xa4485a0_49, v0xa4485a0_50;
v0xa4485a0_51 .array/port v0xa4485a0, 51;
v0xa4485a0_52 .array/port v0xa4485a0, 52;
v0xa4485a0_53 .array/port v0xa4485a0, 53;
v0xa4485a0_54 .array/port v0xa4485a0, 54;
E_0x9d2eb00/13 .event anyedge, v0xa4485a0_51, v0xa4485a0_52, v0xa4485a0_53, v0xa4485a0_54;
v0xa4485a0_55 .array/port v0xa4485a0, 55;
v0xa4485a0_56 .array/port v0xa4485a0, 56;
v0xa4485a0_57 .array/port v0xa4485a0, 57;
v0xa4485a0_58 .array/port v0xa4485a0, 58;
E_0x9d2eb00/14 .event anyedge, v0xa4485a0_55, v0xa4485a0_56, v0xa4485a0_57, v0xa4485a0_58;
v0xa4485a0_59 .array/port v0xa4485a0, 59;
v0xa4485a0_60 .array/port v0xa4485a0, 60;
v0xa4485a0_61 .array/port v0xa4485a0, 61;
v0xa4485a0_62 .array/port v0xa4485a0, 62;
E_0x9d2eb00/15 .event anyedge, v0xa4485a0_59, v0xa4485a0_60, v0xa4485a0_61, v0xa4485a0_62;
v0xa4485a0_63 .array/port v0xa4485a0, 63;
v0xa4485a0_64 .array/port v0xa4485a0, 64;
v0xa4485a0_65 .array/port v0xa4485a0, 65;
v0xa4485a0_66 .array/port v0xa4485a0, 66;
E_0x9d2eb00/16 .event anyedge, v0xa4485a0_63, v0xa4485a0_64, v0xa4485a0_65, v0xa4485a0_66;
v0xa4485a0_67 .array/port v0xa4485a0, 67;
v0xa4485a0_68 .array/port v0xa4485a0, 68;
v0xa4485a0_69 .array/port v0xa4485a0, 69;
v0xa4485a0_70 .array/port v0xa4485a0, 70;
E_0x9d2eb00/17 .event anyedge, v0xa4485a0_67, v0xa4485a0_68, v0xa4485a0_69, v0xa4485a0_70;
v0xa4485a0_71 .array/port v0xa4485a0, 71;
v0xa4485a0_72 .array/port v0xa4485a0, 72;
v0xa4485a0_73 .array/port v0xa4485a0, 73;
v0xa4485a0_74 .array/port v0xa4485a0, 74;
E_0x9d2eb00/18 .event anyedge, v0xa4485a0_71, v0xa4485a0_72, v0xa4485a0_73, v0xa4485a0_74;
v0xa4485a0_75 .array/port v0xa4485a0, 75;
v0xa4485a0_76 .array/port v0xa4485a0, 76;
v0xa4485a0_77 .array/port v0xa4485a0, 77;
v0xa4485a0_78 .array/port v0xa4485a0, 78;
E_0x9d2eb00/19 .event anyedge, v0xa4485a0_75, v0xa4485a0_76, v0xa4485a0_77, v0xa4485a0_78;
v0xa4485a0_79 .array/port v0xa4485a0, 79;
v0xa4485a0_80 .array/port v0xa4485a0, 80;
v0xa4485a0_81 .array/port v0xa4485a0, 81;
v0xa4485a0_82 .array/port v0xa4485a0, 82;
E_0x9d2eb00/20 .event anyedge, v0xa4485a0_79, v0xa4485a0_80, v0xa4485a0_81, v0xa4485a0_82;
v0xa4485a0_83 .array/port v0xa4485a0, 83;
v0xa4485a0_84 .array/port v0xa4485a0, 84;
v0xa4485a0_85 .array/port v0xa4485a0, 85;
v0xa4485a0_86 .array/port v0xa4485a0, 86;
E_0x9d2eb00/21 .event anyedge, v0xa4485a0_83, v0xa4485a0_84, v0xa4485a0_85, v0xa4485a0_86;
v0xa4485a0_87 .array/port v0xa4485a0, 87;
v0xa4485a0_88 .array/port v0xa4485a0, 88;
v0xa4485a0_89 .array/port v0xa4485a0, 89;
v0xa4485a0_90 .array/port v0xa4485a0, 90;
E_0x9d2eb00/22 .event anyedge, v0xa4485a0_87, v0xa4485a0_88, v0xa4485a0_89, v0xa4485a0_90;
v0xa4485a0_91 .array/port v0xa4485a0, 91;
v0xa4485a0_92 .array/port v0xa4485a0, 92;
v0xa4485a0_93 .array/port v0xa4485a0, 93;
v0xa4485a0_94 .array/port v0xa4485a0, 94;
E_0x9d2eb00/23 .event anyedge, v0xa4485a0_91, v0xa4485a0_92, v0xa4485a0_93, v0xa4485a0_94;
v0xa4485a0_95 .array/port v0xa4485a0, 95;
v0xa4485a0_96 .array/port v0xa4485a0, 96;
v0xa4485a0_97 .array/port v0xa4485a0, 97;
v0xa4485a0_98 .array/port v0xa4485a0, 98;
E_0x9d2eb00/24 .event anyedge, v0xa4485a0_95, v0xa4485a0_96, v0xa4485a0_97, v0xa4485a0_98;
v0xa4485a0_99 .array/port v0xa4485a0, 99;
v0xa4485a0_100 .array/port v0xa4485a0, 100;
v0xa4485a0_101 .array/port v0xa4485a0, 101;
v0xa4485a0_102 .array/port v0xa4485a0, 102;
E_0x9d2eb00/25 .event anyedge, v0xa4485a0_99, v0xa4485a0_100, v0xa4485a0_101, v0xa4485a0_102;
v0xa4485a0_103 .array/port v0xa4485a0, 103;
v0xa4485a0_104 .array/port v0xa4485a0, 104;
v0xa4485a0_105 .array/port v0xa4485a0, 105;
v0xa4485a0_106 .array/port v0xa4485a0, 106;
E_0x9d2eb00/26 .event anyedge, v0xa4485a0_103, v0xa4485a0_104, v0xa4485a0_105, v0xa4485a0_106;
v0xa4485a0_107 .array/port v0xa4485a0, 107;
v0xa4485a0_108 .array/port v0xa4485a0, 108;
v0xa4485a0_109 .array/port v0xa4485a0, 109;
v0xa4485a0_110 .array/port v0xa4485a0, 110;
E_0x9d2eb00/27 .event anyedge, v0xa4485a0_107, v0xa4485a0_108, v0xa4485a0_109, v0xa4485a0_110;
v0xa4485a0_111 .array/port v0xa4485a0, 111;
v0xa4485a0_112 .array/port v0xa4485a0, 112;
v0xa4485a0_113 .array/port v0xa4485a0, 113;
v0xa4485a0_114 .array/port v0xa4485a0, 114;
E_0x9d2eb00/28 .event anyedge, v0xa4485a0_111, v0xa4485a0_112, v0xa4485a0_113, v0xa4485a0_114;
v0xa4485a0_115 .array/port v0xa4485a0, 115;
v0xa4485a0_116 .array/port v0xa4485a0, 116;
v0xa4485a0_117 .array/port v0xa4485a0, 117;
v0xa4485a0_118 .array/port v0xa4485a0, 118;
E_0x9d2eb00/29 .event anyedge, v0xa4485a0_115, v0xa4485a0_116, v0xa4485a0_117, v0xa4485a0_118;
v0xa4485a0_119 .array/port v0xa4485a0, 119;
v0xa4485a0_120 .array/port v0xa4485a0, 120;
v0xa4485a0_121 .array/port v0xa4485a0, 121;
v0xa4485a0_122 .array/port v0xa4485a0, 122;
E_0x9d2eb00/30 .event anyedge, v0xa4485a0_119, v0xa4485a0_120, v0xa4485a0_121, v0xa4485a0_122;
v0xa4485a0_123 .array/port v0xa4485a0, 123;
v0xa4485a0_124 .array/port v0xa4485a0, 124;
v0xa4485a0_125 .array/port v0xa4485a0, 125;
v0xa4485a0_126 .array/port v0xa4485a0, 126;
E_0x9d2eb00/31 .event anyedge, v0xa4485a0_123, v0xa4485a0_124, v0xa4485a0_125, v0xa4485a0_126;
v0xa4485a0_127 .array/port v0xa4485a0, 127;
v0xa4485a0_128 .array/port v0xa4485a0, 128;
v0xa4485a0_129 .array/port v0xa4485a0, 129;
v0xa4485a0_130 .array/port v0xa4485a0, 130;
E_0x9d2eb00/32 .event anyedge, v0xa4485a0_127, v0xa4485a0_128, v0xa4485a0_129, v0xa4485a0_130;
v0xa4485a0_131 .array/port v0xa4485a0, 131;
v0xa4485a0_132 .array/port v0xa4485a0, 132;
v0xa4485a0_133 .array/port v0xa4485a0, 133;
v0xa4485a0_134 .array/port v0xa4485a0, 134;
E_0x9d2eb00/33 .event anyedge, v0xa4485a0_131, v0xa4485a0_132, v0xa4485a0_133, v0xa4485a0_134;
v0xa4485a0_135 .array/port v0xa4485a0, 135;
v0xa4485a0_136 .array/port v0xa4485a0, 136;
v0xa4485a0_137 .array/port v0xa4485a0, 137;
v0xa4485a0_138 .array/port v0xa4485a0, 138;
E_0x9d2eb00/34 .event anyedge, v0xa4485a0_135, v0xa4485a0_136, v0xa4485a0_137, v0xa4485a0_138;
v0xa4485a0_139 .array/port v0xa4485a0, 139;
v0xa4485a0_140 .array/port v0xa4485a0, 140;
v0xa4485a0_141 .array/port v0xa4485a0, 141;
v0xa4485a0_142 .array/port v0xa4485a0, 142;
E_0x9d2eb00/35 .event anyedge, v0xa4485a0_139, v0xa4485a0_140, v0xa4485a0_141, v0xa4485a0_142;
v0xa4485a0_143 .array/port v0xa4485a0, 143;
v0xa4485a0_144 .array/port v0xa4485a0, 144;
v0xa4485a0_145 .array/port v0xa4485a0, 145;
v0xa4485a0_146 .array/port v0xa4485a0, 146;
E_0x9d2eb00/36 .event anyedge, v0xa4485a0_143, v0xa4485a0_144, v0xa4485a0_145, v0xa4485a0_146;
v0xa4485a0_147 .array/port v0xa4485a0, 147;
v0xa4485a0_148 .array/port v0xa4485a0, 148;
v0xa4485a0_149 .array/port v0xa4485a0, 149;
v0xa4485a0_150 .array/port v0xa4485a0, 150;
E_0x9d2eb00/37 .event anyedge, v0xa4485a0_147, v0xa4485a0_148, v0xa4485a0_149, v0xa4485a0_150;
v0xa4485a0_151 .array/port v0xa4485a0, 151;
v0xa4485a0_152 .array/port v0xa4485a0, 152;
v0xa4485a0_153 .array/port v0xa4485a0, 153;
v0xa4485a0_154 .array/port v0xa4485a0, 154;
E_0x9d2eb00/38 .event anyedge, v0xa4485a0_151, v0xa4485a0_152, v0xa4485a0_153, v0xa4485a0_154;
v0xa4485a0_155 .array/port v0xa4485a0, 155;
v0xa4485a0_156 .array/port v0xa4485a0, 156;
v0xa4485a0_157 .array/port v0xa4485a0, 157;
v0xa4485a0_158 .array/port v0xa4485a0, 158;
E_0x9d2eb00/39 .event anyedge, v0xa4485a0_155, v0xa4485a0_156, v0xa4485a0_157, v0xa4485a0_158;
v0xa4485a0_159 .array/port v0xa4485a0, 159;
v0xa4485a0_160 .array/port v0xa4485a0, 160;
v0xa4485a0_161 .array/port v0xa4485a0, 161;
v0xa4485a0_162 .array/port v0xa4485a0, 162;
E_0x9d2eb00/40 .event anyedge, v0xa4485a0_159, v0xa4485a0_160, v0xa4485a0_161, v0xa4485a0_162;
v0xa4485a0_163 .array/port v0xa4485a0, 163;
v0xa4485a0_164 .array/port v0xa4485a0, 164;
v0xa4485a0_165 .array/port v0xa4485a0, 165;
v0xa4485a0_166 .array/port v0xa4485a0, 166;
E_0x9d2eb00/41 .event anyedge, v0xa4485a0_163, v0xa4485a0_164, v0xa4485a0_165, v0xa4485a0_166;
v0xa4485a0_167 .array/port v0xa4485a0, 167;
v0xa4485a0_168 .array/port v0xa4485a0, 168;
v0xa4485a0_169 .array/port v0xa4485a0, 169;
v0xa4485a0_170 .array/port v0xa4485a0, 170;
E_0x9d2eb00/42 .event anyedge, v0xa4485a0_167, v0xa4485a0_168, v0xa4485a0_169, v0xa4485a0_170;
v0xa4485a0_171 .array/port v0xa4485a0, 171;
v0xa4485a0_172 .array/port v0xa4485a0, 172;
v0xa4485a0_173 .array/port v0xa4485a0, 173;
v0xa4485a0_174 .array/port v0xa4485a0, 174;
E_0x9d2eb00/43 .event anyedge, v0xa4485a0_171, v0xa4485a0_172, v0xa4485a0_173, v0xa4485a0_174;
v0xa4485a0_175 .array/port v0xa4485a0, 175;
v0xa4485a0_176 .array/port v0xa4485a0, 176;
v0xa4485a0_177 .array/port v0xa4485a0, 177;
v0xa4485a0_178 .array/port v0xa4485a0, 178;
E_0x9d2eb00/44 .event anyedge, v0xa4485a0_175, v0xa4485a0_176, v0xa4485a0_177, v0xa4485a0_178;
v0xa4485a0_179 .array/port v0xa4485a0, 179;
v0xa4485a0_180 .array/port v0xa4485a0, 180;
v0xa4485a0_181 .array/port v0xa4485a0, 181;
v0xa4485a0_182 .array/port v0xa4485a0, 182;
E_0x9d2eb00/45 .event anyedge, v0xa4485a0_179, v0xa4485a0_180, v0xa4485a0_181, v0xa4485a0_182;
v0xa4485a0_183 .array/port v0xa4485a0, 183;
v0xa4485a0_184 .array/port v0xa4485a0, 184;
v0xa4485a0_185 .array/port v0xa4485a0, 185;
v0xa4485a0_186 .array/port v0xa4485a0, 186;
E_0x9d2eb00/46 .event anyedge, v0xa4485a0_183, v0xa4485a0_184, v0xa4485a0_185, v0xa4485a0_186;
v0xa4485a0_187 .array/port v0xa4485a0, 187;
v0xa4485a0_188 .array/port v0xa4485a0, 188;
v0xa4485a0_189 .array/port v0xa4485a0, 189;
v0xa4485a0_190 .array/port v0xa4485a0, 190;
E_0x9d2eb00/47 .event anyedge, v0xa4485a0_187, v0xa4485a0_188, v0xa4485a0_189, v0xa4485a0_190;
v0xa4485a0_191 .array/port v0xa4485a0, 191;
v0xa4485a0_192 .array/port v0xa4485a0, 192;
v0xa4485a0_193 .array/port v0xa4485a0, 193;
v0xa4485a0_194 .array/port v0xa4485a0, 194;
E_0x9d2eb00/48 .event anyedge, v0xa4485a0_191, v0xa4485a0_192, v0xa4485a0_193, v0xa4485a0_194;
v0xa4485a0_195 .array/port v0xa4485a0, 195;
v0xa4485a0_196 .array/port v0xa4485a0, 196;
v0xa4485a0_197 .array/port v0xa4485a0, 197;
v0xa4485a0_198 .array/port v0xa4485a0, 198;
E_0x9d2eb00/49 .event anyedge, v0xa4485a0_195, v0xa4485a0_196, v0xa4485a0_197, v0xa4485a0_198;
v0xa4485a0_199 .array/port v0xa4485a0, 199;
v0xa4485a0_200 .array/port v0xa4485a0, 200;
v0xa4485a0_201 .array/port v0xa4485a0, 201;
v0xa4485a0_202 .array/port v0xa4485a0, 202;
E_0x9d2eb00/50 .event anyedge, v0xa4485a0_199, v0xa4485a0_200, v0xa4485a0_201, v0xa4485a0_202;
v0xa4485a0_203 .array/port v0xa4485a0, 203;
v0xa4485a0_204 .array/port v0xa4485a0, 204;
v0xa4485a0_205 .array/port v0xa4485a0, 205;
v0xa4485a0_206 .array/port v0xa4485a0, 206;
E_0x9d2eb00/51 .event anyedge, v0xa4485a0_203, v0xa4485a0_204, v0xa4485a0_205, v0xa4485a0_206;
v0xa4485a0_207 .array/port v0xa4485a0, 207;
v0xa4485a0_208 .array/port v0xa4485a0, 208;
v0xa4485a0_209 .array/port v0xa4485a0, 209;
v0xa4485a0_210 .array/port v0xa4485a0, 210;
E_0x9d2eb00/52 .event anyedge, v0xa4485a0_207, v0xa4485a0_208, v0xa4485a0_209, v0xa4485a0_210;
v0xa4485a0_211 .array/port v0xa4485a0, 211;
v0xa4485a0_212 .array/port v0xa4485a0, 212;
v0xa4485a0_213 .array/port v0xa4485a0, 213;
v0xa4485a0_214 .array/port v0xa4485a0, 214;
E_0x9d2eb00/53 .event anyedge, v0xa4485a0_211, v0xa4485a0_212, v0xa4485a0_213, v0xa4485a0_214;
v0xa4485a0_215 .array/port v0xa4485a0, 215;
v0xa4485a0_216 .array/port v0xa4485a0, 216;
v0xa4485a0_217 .array/port v0xa4485a0, 217;
v0xa4485a0_218 .array/port v0xa4485a0, 218;
E_0x9d2eb00/54 .event anyedge, v0xa4485a0_215, v0xa4485a0_216, v0xa4485a0_217, v0xa4485a0_218;
v0xa4485a0_219 .array/port v0xa4485a0, 219;
v0xa4485a0_220 .array/port v0xa4485a0, 220;
v0xa4485a0_221 .array/port v0xa4485a0, 221;
v0xa4485a0_222 .array/port v0xa4485a0, 222;
E_0x9d2eb00/55 .event anyedge, v0xa4485a0_219, v0xa4485a0_220, v0xa4485a0_221, v0xa4485a0_222;
v0xa4485a0_223 .array/port v0xa4485a0, 223;
v0xa4485a0_224 .array/port v0xa4485a0, 224;
v0xa4485a0_225 .array/port v0xa4485a0, 225;
v0xa4485a0_226 .array/port v0xa4485a0, 226;
E_0x9d2eb00/56 .event anyedge, v0xa4485a0_223, v0xa4485a0_224, v0xa4485a0_225, v0xa4485a0_226;
v0xa4485a0_227 .array/port v0xa4485a0, 227;
v0xa4485a0_228 .array/port v0xa4485a0, 228;
v0xa4485a0_229 .array/port v0xa4485a0, 229;
v0xa4485a0_230 .array/port v0xa4485a0, 230;
E_0x9d2eb00/57 .event anyedge, v0xa4485a0_227, v0xa4485a0_228, v0xa4485a0_229, v0xa4485a0_230;
v0xa4485a0_231 .array/port v0xa4485a0, 231;
v0xa4485a0_232 .array/port v0xa4485a0, 232;
v0xa4485a0_233 .array/port v0xa4485a0, 233;
v0xa4485a0_234 .array/port v0xa4485a0, 234;
E_0x9d2eb00/58 .event anyedge, v0xa4485a0_231, v0xa4485a0_232, v0xa4485a0_233, v0xa4485a0_234;
v0xa4485a0_235 .array/port v0xa4485a0, 235;
v0xa4485a0_236 .array/port v0xa4485a0, 236;
v0xa4485a0_237 .array/port v0xa4485a0, 237;
v0xa4485a0_238 .array/port v0xa4485a0, 238;
E_0x9d2eb00/59 .event anyedge, v0xa4485a0_235, v0xa4485a0_236, v0xa4485a0_237, v0xa4485a0_238;
v0xa4485a0_239 .array/port v0xa4485a0, 239;
v0xa4485a0_240 .array/port v0xa4485a0, 240;
v0xa4485a0_241 .array/port v0xa4485a0, 241;
v0xa4485a0_242 .array/port v0xa4485a0, 242;
E_0x9d2eb00/60 .event anyedge, v0xa4485a0_239, v0xa4485a0_240, v0xa4485a0_241, v0xa4485a0_242;
v0xa4485a0_243 .array/port v0xa4485a0, 243;
v0xa4485a0_244 .array/port v0xa4485a0, 244;
v0xa4485a0_245 .array/port v0xa4485a0, 245;
v0xa4485a0_246 .array/port v0xa4485a0, 246;
E_0x9d2eb00/61 .event anyedge, v0xa4485a0_243, v0xa4485a0_244, v0xa4485a0_245, v0xa4485a0_246;
v0xa4485a0_247 .array/port v0xa4485a0, 247;
v0xa4485a0_248 .array/port v0xa4485a0, 248;
v0xa4485a0_249 .array/port v0xa4485a0, 249;
v0xa4485a0_250 .array/port v0xa4485a0, 250;
E_0x9d2eb00/62 .event anyedge, v0xa4485a0_247, v0xa4485a0_248, v0xa4485a0_249, v0xa4485a0_250;
v0xa4485a0_251 .array/port v0xa4485a0, 251;
v0xa4485a0_252 .array/port v0xa4485a0, 252;
v0xa4485a0_253 .array/port v0xa4485a0, 253;
v0xa4485a0_254 .array/port v0xa4485a0, 254;
E_0x9d2eb00/63 .event anyedge, v0xa4485a0_251, v0xa4485a0_252, v0xa4485a0_253, v0xa4485a0_254;
v0xa4485a0_255 .array/port v0xa4485a0, 255;
v0xa4485a0_256 .array/port v0xa4485a0, 256;
v0xa4485a0_257 .array/port v0xa4485a0, 257;
v0xa4485a0_258 .array/port v0xa4485a0, 258;
E_0x9d2eb00/64 .event anyedge, v0xa4485a0_255, v0xa4485a0_256, v0xa4485a0_257, v0xa4485a0_258;
v0xa4485a0_259 .array/port v0xa4485a0, 259;
v0xa4485a0_260 .array/port v0xa4485a0, 260;
v0xa4485a0_261 .array/port v0xa4485a0, 261;
v0xa4485a0_262 .array/port v0xa4485a0, 262;
E_0x9d2eb00/65 .event anyedge, v0xa4485a0_259, v0xa4485a0_260, v0xa4485a0_261, v0xa4485a0_262;
v0xa4485a0_263 .array/port v0xa4485a0, 263;
v0xa4485a0_264 .array/port v0xa4485a0, 264;
v0xa4485a0_265 .array/port v0xa4485a0, 265;
v0xa4485a0_266 .array/port v0xa4485a0, 266;
E_0x9d2eb00/66 .event anyedge, v0xa4485a0_263, v0xa4485a0_264, v0xa4485a0_265, v0xa4485a0_266;
v0xa4485a0_267 .array/port v0xa4485a0, 267;
v0xa4485a0_268 .array/port v0xa4485a0, 268;
v0xa4485a0_269 .array/port v0xa4485a0, 269;
v0xa4485a0_270 .array/port v0xa4485a0, 270;
E_0x9d2eb00/67 .event anyedge, v0xa4485a0_267, v0xa4485a0_268, v0xa4485a0_269, v0xa4485a0_270;
v0xa4485a0_271 .array/port v0xa4485a0, 271;
v0xa4485a0_272 .array/port v0xa4485a0, 272;
v0xa4485a0_273 .array/port v0xa4485a0, 273;
v0xa4485a0_274 .array/port v0xa4485a0, 274;
E_0x9d2eb00/68 .event anyedge, v0xa4485a0_271, v0xa4485a0_272, v0xa4485a0_273, v0xa4485a0_274;
v0xa4485a0_275 .array/port v0xa4485a0, 275;
v0xa4485a0_276 .array/port v0xa4485a0, 276;
v0xa4485a0_277 .array/port v0xa4485a0, 277;
v0xa4485a0_278 .array/port v0xa4485a0, 278;
E_0x9d2eb00/69 .event anyedge, v0xa4485a0_275, v0xa4485a0_276, v0xa4485a0_277, v0xa4485a0_278;
v0xa4485a0_279 .array/port v0xa4485a0, 279;
v0xa4485a0_280 .array/port v0xa4485a0, 280;
v0xa4485a0_281 .array/port v0xa4485a0, 281;
v0xa4485a0_282 .array/port v0xa4485a0, 282;
E_0x9d2eb00/70 .event anyedge, v0xa4485a0_279, v0xa4485a0_280, v0xa4485a0_281, v0xa4485a0_282;
v0xa4485a0_283 .array/port v0xa4485a0, 283;
v0xa4485a0_284 .array/port v0xa4485a0, 284;
v0xa4485a0_285 .array/port v0xa4485a0, 285;
v0xa4485a0_286 .array/port v0xa4485a0, 286;
E_0x9d2eb00/71 .event anyedge, v0xa4485a0_283, v0xa4485a0_284, v0xa4485a0_285, v0xa4485a0_286;
v0xa4485a0_287 .array/port v0xa4485a0, 287;
v0xa4485a0_288 .array/port v0xa4485a0, 288;
v0xa4485a0_289 .array/port v0xa4485a0, 289;
v0xa4485a0_290 .array/port v0xa4485a0, 290;
E_0x9d2eb00/72 .event anyedge, v0xa4485a0_287, v0xa4485a0_288, v0xa4485a0_289, v0xa4485a0_290;
v0xa4485a0_291 .array/port v0xa4485a0, 291;
v0xa4485a0_292 .array/port v0xa4485a0, 292;
v0xa4485a0_293 .array/port v0xa4485a0, 293;
v0xa4485a0_294 .array/port v0xa4485a0, 294;
E_0x9d2eb00/73 .event anyedge, v0xa4485a0_291, v0xa4485a0_292, v0xa4485a0_293, v0xa4485a0_294;
v0xa4485a0_295 .array/port v0xa4485a0, 295;
v0xa4485a0_296 .array/port v0xa4485a0, 296;
v0xa4485a0_297 .array/port v0xa4485a0, 297;
v0xa4485a0_298 .array/port v0xa4485a0, 298;
E_0x9d2eb00/74 .event anyedge, v0xa4485a0_295, v0xa4485a0_296, v0xa4485a0_297, v0xa4485a0_298;
v0xa4485a0_299 .array/port v0xa4485a0, 299;
v0xa4485a0_300 .array/port v0xa4485a0, 300;
v0xa4485a0_301 .array/port v0xa4485a0, 301;
v0xa4485a0_302 .array/port v0xa4485a0, 302;
E_0x9d2eb00/75 .event anyedge, v0xa4485a0_299, v0xa4485a0_300, v0xa4485a0_301, v0xa4485a0_302;
v0xa4485a0_303 .array/port v0xa4485a0, 303;
v0xa4485a0_304 .array/port v0xa4485a0, 304;
v0xa4485a0_305 .array/port v0xa4485a0, 305;
v0xa4485a0_306 .array/port v0xa4485a0, 306;
E_0x9d2eb00/76 .event anyedge, v0xa4485a0_303, v0xa4485a0_304, v0xa4485a0_305, v0xa4485a0_306;
v0xa4485a0_307 .array/port v0xa4485a0, 307;
v0xa4485a0_308 .array/port v0xa4485a0, 308;
v0xa4485a0_309 .array/port v0xa4485a0, 309;
v0xa4485a0_310 .array/port v0xa4485a0, 310;
E_0x9d2eb00/77 .event anyedge, v0xa4485a0_307, v0xa4485a0_308, v0xa4485a0_309, v0xa4485a0_310;
v0xa4485a0_311 .array/port v0xa4485a0, 311;
v0xa4485a0_312 .array/port v0xa4485a0, 312;
v0xa4485a0_313 .array/port v0xa4485a0, 313;
v0xa4485a0_314 .array/port v0xa4485a0, 314;
E_0x9d2eb00/78 .event anyedge, v0xa4485a0_311, v0xa4485a0_312, v0xa4485a0_313, v0xa4485a0_314;
v0xa4485a0_315 .array/port v0xa4485a0, 315;
v0xa4485a0_316 .array/port v0xa4485a0, 316;
v0xa4485a0_317 .array/port v0xa4485a0, 317;
v0xa4485a0_318 .array/port v0xa4485a0, 318;
E_0x9d2eb00/79 .event anyedge, v0xa4485a0_315, v0xa4485a0_316, v0xa4485a0_317, v0xa4485a0_318;
v0xa4485a0_319 .array/port v0xa4485a0, 319;
v0xa4485a0_320 .array/port v0xa4485a0, 320;
v0xa4485a0_321 .array/port v0xa4485a0, 321;
v0xa4485a0_322 .array/port v0xa4485a0, 322;
E_0x9d2eb00/80 .event anyedge, v0xa4485a0_319, v0xa4485a0_320, v0xa4485a0_321, v0xa4485a0_322;
v0xa4485a0_323 .array/port v0xa4485a0, 323;
v0xa4485a0_324 .array/port v0xa4485a0, 324;
v0xa4485a0_325 .array/port v0xa4485a0, 325;
v0xa4485a0_326 .array/port v0xa4485a0, 326;
E_0x9d2eb00/81 .event anyedge, v0xa4485a0_323, v0xa4485a0_324, v0xa4485a0_325, v0xa4485a0_326;
v0xa4485a0_327 .array/port v0xa4485a0, 327;
v0xa4485a0_328 .array/port v0xa4485a0, 328;
v0xa4485a0_329 .array/port v0xa4485a0, 329;
v0xa4485a0_330 .array/port v0xa4485a0, 330;
E_0x9d2eb00/82 .event anyedge, v0xa4485a0_327, v0xa4485a0_328, v0xa4485a0_329, v0xa4485a0_330;
v0xa4485a0_331 .array/port v0xa4485a0, 331;
v0xa4485a0_332 .array/port v0xa4485a0, 332;
v0xa4485a0_333 .array/port v0xa4485a0, 333;
v0xa4485a0_334 .array/port v0xa4485a0, 334;
E_0x9d2eb00/83 .event anyedge, v0xa4485a0_331, v0xa4485a0_332, v0xa4485a0_333, v0xa4485a0_334;
v0xa4485a0_335 .array/port v0xa4485a0, 335;
v0xa4485a0_336 .array/port v0xa4485a0, 336;
v0xa4485a0_337 .array/port v0xa4485a0, 337;
v0xa4485a0_338 .array/port v0xa4485a0, 338;
E_0x9d2eb00/84 .event anyedge, v0xa4485a0_335, v0xa4485a0_336, v0xa4485a0_337, v0xa4485a0_338;
v0xa4485a0_339 .array/port v0xa4485a0, 339;
v0xa4485a0_340 .array/port v0xa4485a0, 340;
v0xa4485a0_341 .array/port v0xa4485a0, 341;
v0xa4485a0_342 .array/port v0xa4485a0, 342;
E_0x9d2eb00/85 .event anyedge, v0xa4485a0_339, v0xa4485a0_340, v0xa4485a0_341, v0xa4485a0_342;
v0xa4485a0_343 .array/port v0xa4485a0, 343;
v0xa4485a0_344 .array/port v0xa4485a0, 344;
v0xa4485a0_345 .array/port v0xa4485a0, 345;
v0xa4485a0_346 .array/port v0xa4485a0, 346;
E_0x9d2eb00/86 .event anyedge, v0xa4485a0_343, v0xa4485a0_344, v0xa4485a0_345, v0xa4485a0_346;
v0xa4485a0_347 .array/port v0xa4485a0, 347;
v0xa4485a0_348 .array/port v0xa4485a0, 348;
v0xa4485a0_349 .array/port v0xa4485a0, 349;
v0xa4485a0_350 .array/port v0xa4485a0, 350;
E_0x9d2eb00/87 .event anyedge, v0xa4485a0_347, v0xa4485a0_348, v0xa4485a0_349, v0xa4485a0_350;
v0xa4485a0_351 .array/port v0xa4485a0, 351;
v0xa4485a0_352 .array/port v0xa4485a0, 352;
v0xa4485a0_353 .array/port v0xa4485a0, 353;
v0xa4485a0_354 .array/port v0xa4485a0, 354;
E_0x9d2eb00/88 .event anyedge, v0xa4485a0_351, v0xa4485a0_352, v0xa4485a0_353, v0xa4485a0_354;
v0xa4485a0_355 .array/port v0xa4485a0, 355;
v0xa4485a0_356 .array/port v0xa4485a0, 356;
v0xa4485a0_357 .array/port v0xa4485a0, 357;
v0xa4485a0_358 .array/port v0xa4485a0, 358;
E_0x9d2eb00/89 .event anyedge, v0xa4485a0_355, v0xa4485a0_356, v0xa4485a0_357, v0xa4485a0_358;
v0xa4485a0_359 .array/port v0xa4485a0, 359;
v0xa4485a0_360 .array/port v0xa4485a0, 360;
v0xa4485a0_361 .array/port v0xa4485a0, 361;
v0xa4485a0_362 .array/port v0xa4485a0, 362;
E_0x9d2eb00/90 .event anyedge, v0xa4485a0_359, v0xa4485a0_360, v0xa4485a0_361, v0xa4485a0_362;
v0xa4485a0_363 .array/port v0xa4485a0, 363;
v0xa4485a0_364 .array/port v0xa4485a0, 364;
v0xa4485a0_365 .array/port v0xa4485a0, 365;
v0xa4485a0_366 .array/port v0xa4485a0, 366;
E_0x9d2eb00/91 .event anyedge, v0xa4485a0_363, v0xa4485a0_364, v0xa4485a0_365, v0xa4485a0_366;
v0xa4485a0_367 .array/port v0xa4485a0, 367;
v0xa4485a0_368 .array/port v0xa4485a0, 368;
v0xa4485a0_369 .array/port v0xa4485a0, 369;
v0xa4485a0_370 .array/port v0xa4485a0, 370;
E_0x9d2eb00/92 .event anyedge, v0xa4485a0_367, v0xa4485a0_368, v0xa4485a0_369, v0xa4485a0_370;
v0xa4485a0_371 .array/port v0xa4485a0, 371;
v0xa4485a0_372 .array/port v0xa4485a0, 372;
v0xa4485a0_373 .array/port v0xa4485a0, 373;
v0xa4485a0_374 .array/port v0xa4485a0, 374;
E_0x9d2eb00/93 .event anyedge, v0xa4485a0_371, v0xa4485a0_372, v0xa4485a0_373, v0xa4485a0_374;
v0xa4485a0_375 .array/port v0xa4485a0, 375;
v0xa4485a0_376 .array/port v0xa4485a0, 376;
v0xa4485a0_377 .array/port v0xa4485a0, 377;
v0xa4485a0_378 .array/port v0xa4485a0, 378;
E_0x9d2eb00/94 .event anyedge, v0xa4485a0_375, v0xa4485a0_376, v0xa4485a0_377, v0xa4485a0_378;
v0xa4485a0_379 .array/port v0xa4485a0, 379;
v0xa4485a0_380 .array/port v0xa4485a0, 380;
v0xa4485a0_381 .array/port v0xa4485a0, 381;
v0xa4485a0_382 .array/port v0xa4485a0, 382;
E_0x9d2eb00/95 .event anyedge, v0xa4485a0_379, v0xa4485a0_380, v0xa4485a0_381, v0xa4485a0_382;
v0xa4485a0_383 .array/port v0xa4485a0, 383;
v0xa4485a0_384 .array/port v0xa4485a0, 384;
v0xa4485a0_385 .array/port v0xa4485a0, 385;
v0xa4485a0_386 .array/port v0xa4485a0, 386;
E_0x9d2eb00/96 .event anyedge, v0xa4485a0_383, v0xa4485a0_384, v0xa4485a0_385, v0xa4485a0_386;
v0xa4485a0_387 .array/port v0xa4485a0, 387;
v0xa4485a0_388 .array/port v0xa4485a0, 388;
v0xa4485a0_389 .array/port v0xa4485a0, 389;
v0xa4485a0_390 .array/port v0xa4485a0, 390;
E_0x9d2eb00/97 .event anyedge, v0xa4485a0_387, v0xa4485a0_388, v0xa4485a0_389, v0xa4485a0_390;
v0xa4485a0_391 .array/port v0xa4485a0, 391;
v0xa4485a0_392 .array/port v0xa4485a0, 392;
v0xa4485a0_393 .array/port v0xa4485a0, 393;
v0xa4485a0_394 .array/port v0xa4485a0, 394;
E_0x9d2eb00/98 .event anyedge, v0xa4485a0_391, v0xa4485a0_392, v0xa4485a0_393, v0xa4485a0_394;
v0xa4485a0_395 .array/port v0xa4485a0, 395;
v0xa4485a0_396 .array/port v0xa4485a0, 396;
v0xa4485a0_397 .array/port v0xa4485a0, 397;
v0xa4485a0_398 .array/port v0xa4485a0, 398;
E_0x9d2eb00/99 .event anyedge, v0xa4485a0_395, v0xa4485a0_396, v0xa4485a0_397, v0xa4485a0_398;
v0xa4485a0_399 .array/port v0xa4485a0, 399;
v0xa4485a0_400 .array/port v0xa4485a0, 400;
v0xa4485a0_401 .array/port v0xa4485a0, 401;
v0xa4485a0_402 .array/port v0xa4485a0, 402;
E_0x9d2eb00/100 .event anyedge, v0xa4485a0_399, v0xa4485a0_400, v0xa4485a0_401, v0xa4485a0_402;
v0xa4485a0_403 .array/port v0xa4485a0, 403;
v0xa4485a0_404 .array/port v0xa4485a0, 404;
v0xa4485a0_405 .array/port v0xa4485a0, 405;
v0xa4485a0_406 .array/port v0xa4485a0, 406;
E_0x9d2eb00/101 .event anyedge, v0xa4485a0_403, v0xa4485a0_404, v0xa4485a0_405, v0xa4485a0_406;
v0xa4485a0_407 .array/port v0xa4485a0, 407;
v0xa4485a0_408 .array/port v0xa4485a0, 408;
v0xa4485a0_409 .array/port v0xa4485a0, 409;
v0xa4485a0_410 .array/port v0xa4485a0, 410;
E_0x9d2eb00/102 .event anyedge, v0xa4485a0_407, v0xa4485a0_408, v0xa4485a0_409, v0xa4485a0_410;
v0xa4485a0_411 .array/port v0xa4485a0, 411;
v0xa4485a0_412 .array/port v0xa4485a0, 412;
v0xa4485a0_413 .array/port v0xa4485a0, 413;
v0xa4485a0_414 .array/port v0xa4485a0, 414;
E_0x9d2eb00/103 .event anyedge, v0xa4485a0_411, v0xa4485a0_412, v0xa4485a0_413, v0xa4485a0_414;
v0xa4485a0_415 .array/port v0xa4485a0, 415;
v0xa4485a0_416 .array/port v0xa4485a0, 416;
v0xa4485a0_417 .array/port v0xa4485a0, 417;
v0xa4485a0_418 .array/port v0xa4485a0, 418;
E_0x9d2eb00/104 .event anyedge, v0xa4485a0_415, v0xa4485a0_416, v0xa4485a0_417, v0xa4485a0_418;
v0xa4485a0_419 .array/port v0xa4485a0, 419;
v0xa4485a0_420 .array/port v0xa4485a0, 420;
v0xa4485a0_421 .array/port v0xa4485a0, 421;
v0xa4485a0_422 .array/port v0xa4485a0, 422;
E_0x9d2eb00/105 .event anyedge, v0xa4485a0_419, v0xa4485a0_420, v0xa4485a0_421, v0xa4485a0_422;
v0xa4485a0_423 .array/port v0xa4485a0, 423;
v0xa4485a0_424 .array/port v0xa4485a0, 424;
v0xa4485a0_425 .array/port v0xa4485a0, 425;
v0xa4485a0_426 .array/port v0xa4485a0, 426;
E_0x9d2eb00/106 .event anyedge, v0xa4485a0_423, v0xa4485a0_424, v0xa4485a0_425, v0xa4485a0_426;
v0xa4485a0_427 .array/port v0xa4485a0, 427;
v0xa4485a0_428 .array/port v0xa4485a0, 428;
v0xa4485a0_429 .array/port v0xa4485a0, 429;
v0xa4485a0_430 .array/port v0xa4485a0, 430;
E_0x9d2eb00/107 .event anyedge, v0xa4485a0_427, v0xa4485a0_428, v0xa4485a0_429, v0xa4485a0_430;
v0xa4485a0_431 .array/port v0xa4485a0, 431;
v0xa4485a0_432 .array/port v0xa4485a0, 432;
v0xa4485a0_433 .array/port v0xa4485a0, 433;
v0xa4485a0_434 .array/port v0xa4485a0, 434;
E_0x9d2eb00/108 .event anyedge, v0xa4485a0_431, v0xa4485a0_432, v0xa4485a0_433, v0xa4485a0_434;
v0xa4485a0_435 .array/port v0xa4485a0, 435;
v0xa4485a0_436 .array/port v0xa4485a0, 436;
v0xa4485a0_437 .array/port v0xa4485a0, 437;
v0xa4485a0_438 .array/port v0xa4485a0, 438;
E_0x9d2eb00/109 .event anyedge, v0xa4485a0_435, v0xa4485a0_436, v0xa4485a0_437, v0xa4485a0_438;
v0xa4485a0_439 .array/port v0xa4485a0, 439;
v0xa4485a0_440 .array/port v0xa4485a0, 440;
v0xa4485a0_441 .array/port v0xa4485a0, 441;
v0xa4485a0_442 .array/port v0xa4485a0, 442;
E_0x9d2eb00/110 .event anyedge, v0xa4485a0_439, v0xa4485a0_440, v0xa4485a0_441, v0xa4485a0_442;
v0xa4485a0_443 .array/port v0xa4485a0, 443;
v0xa4485a0_444 .array/port v0xa4485a0, 444;
v0xa4485a0_445 .array/port v0xa4485a0, 445;
v0xa4485a0_446 .array/port v0xa4485a0, 446;
E_0x9d2eb00/111 .event anyedge, v0xa4485a0_443, v0xa4485a0_444, v0xa4485a0_445, v0xa4485a0_446;
v0xa4485a0_447 .array/port v0xa4485a0, 447;
v0xa4485a0_448 .array/port v0xa4485a0, 448;
v0xa4485a0_449 .array/port v0xa4485a0, 449;
v0xa4485a0_450 .array/port v0xa4485a0, 450;
E_0x9d2eb00/112 .event anyedge, v0xa4485a0_447, v0xa4485a0_448, v0xa4485a0_449, v0xa4485a0_450;
v0xa4485a0_451 .array/port v0xa4485a0, 451;
v0xa4485a0_452 .array/port v0xa4485a0, 452;
v0xa4485a0_453 .array/port v0xa4485a0, 453;
v0xa4485a0_454 .array/port v0xa4485a0, 454;
E_0x9d2eb00/113 .event anyedge, v0xa4485a0_451, v0xa4485a0_452, v0xa4485a0_453, v0xa4485a0_454;
v0xa4485a0_455 .array/port v0xa4485a0, 455;
v0xa4485a0_456 .array/port v0xa4485a0, 456;
v0xa4485a0_457 .array/port v0xa4485a0, 457;
v0xa4485a0_458 .array/port v0xa4485a0, 458;
E_0x9d2eb00/114 .event anyedge, v0xa4485a0_455, v0xa4485a0_456, v0xa4485a0_457, v0xa4485a0_458;
v0xa4485a0_459 .array/port v0xa4485a0, 459;
v0xa4485a0_460 .array/port v0xa4485a0, 460;
v0xa4485a0_461 .array/port v0xa4485a0, 461;
v0xa4485a0_462 .array/port v0xa4485a0, 462;
E_0x9d2eb00/115 .event anyedge, v0xa4485a0_459, v0xa4485a0_460, v0xa4485a0_461, v0xa4485a0_462;
v0xa4485a0_463 .array/port v0xa4485a0, 463;
v0xa4485a0_464 .array/port v0xa4485a0, 464;
v0xa4485a0_465 .array/port v0xa4485a0, 465;
v0xa4485a0_466 .array/port v0xa4485a0, 466;
E_0x9d2eb00/116 .event anyedge, v0xa4485a0_463, v0xa4485a0_464, v0xa4485a0_465, v0xa4485a0_466;
v0xa4485a0_467 .array/port v0xa4485a0, 467;
v0xa4485a0_468 .array/port v0xa4485a0, 468;
v0xa4485a0_469 .array/port v0xa4485a0, 469;
v0xa4485a0_470 .array/port v0xa4485a0, 470;
E_0x9d2eb00/117 .event anyedge, v0xa4485a0_467, v0xa4485a0_468, v0xa4485a0_469, v0xa4485a0_470;
v0xa4485a0_471 .array/port v0xa4485a0, 471;
v0xa4485a0_472 .array/port v0xa4485a0, 472;
v0xa4485a0_473 .array/port v0xa4485a0, 473;
v0xa4485a0_474 .array/port v0xa4485a0, 474;
E_0x9d2eb00/118 .event anyedge, v0xa4485a0_471, v0xa4485a0_472, v0xa4485a0_473, v0xa4485a0_474;
v0xa4485a0_475 .array/port v0xa4485a0, 475;
v0xa4485a0_476 .array/port v0xa4485a0, 476;
v0xa4485a0_477 .array/port v0xa4485a0, 477;
v0xa4485a0_478 .array/port v0xa4485a0, 478;
E_0x9d2eb00/119 .event anyedge, v0xa4485a0_475, v0xa4485a0_476, v0xa4485a0_477, v0xa4485a0_478;
v0xa4485a0_479 .array/port v0xa4485a0, 479;
v0xa4485a0_480 .array/port v0xa4485a0, 480;
v0xa4485a0_481 .array/port v0xa4485a0, 481;
v0xa4485a0_482 .array/port v0xa4485a0, 482;
E_0x9d2eb00/120 .event anyedge, v0xa4485a0_479, v0xa4485a0_480, v0xa4485a0_481, v0xa4485a0_482;
v0xa4485a0_483 .array/port v0xa4485a0, 483;
v0xa4485a0_484 .array/port v0xa4485a0, 484;
v0xa4485a0_485 .array/port v0xa4485a0, 485;
v0xa4485a0_486 .array/port v0xa4485a0, 486;
E_0x9d2eb00/121 .event anyedge, v0xa4485a0_483, v0xa4485a0_484, v0xa4485a0_485, v0xa4485a0_486;
v0xa4485a0_487 .array/port v0xa4485a0, 487;
v0xa4485a0_488 .array/port v0xa4485a0, 488;
v0xa4485a0_489 .array/port v0xa4485a0, 489;
v0xa4485a0_490 .array/port v0xa4485a0, 490;
E_0x9d2eb00/122 .event anyedge, v0xa4485a0_487, v0xa4485a0_488, v0xa4485a0_489, v0xa4485a0_490;
v0xa4485a0_491 .array/port v0xa4485a0, 491;
v0xa4485a0_492 .array/port v0xa4485a0, 492;
v0xa4485a0_493 .array/port v0xa4485a0, 493;
v0xa4485a0_494 .array/port v0xa4485a0, 494;
E_0x9d2eb00/123 .event anyedge, v0xa4485a0_491, v0xa4485a0_492, v0xa4485a0_493, v0xa4485a0_494;
v0xa4485a0_495 .array/port v0xa4485a0, 495;
v0xa4485a0_496 .array/port v0xa4485a0, 496;
v0xa4485a0_497 .array/port v0xa4485a0, 497;
v0xa4485a0_498 .array/port v0xa4485a0, 498;
E_0x9d2eb00/124 .event anyedge, v0xa4485a0_495, v0xa4485a0_496, v0xa4485a0_497, v0xa4485a0_498;
v0xa4485a0_499 .array/port v0xa4485a0, 499;
v0xa4485a0_500 .array/port v0xa4485a0, 500;
v0xa4485a0_501 .array/port v0xa4485a0, 501;
v0xa4485a0_502 .array/port v0xa4485a0, 502;
E_0x9d2eb00/125 .event anyedge, v0xa4485a0_499, v0xa4485a0_500, v0xa4485a0_501, v0xa4485a0_502;
v0xa4485a0_503 .array/port v0xa4485a0, 503;
v0xa4485a0_504 .array/port v0xa4485a0, 504;
v0xa4485a0_505 .array/port v0xa4485a0, 505;
v0xa4485a0_506 .array/port v0xa4485a0, 506;
E_0x9d2eb00/126 .event anyedge, v0xa4485a0_503, v0xa4485a0_504, v0xa4485a0_505, v0xa4485a0_506;
v0xa4485a0_507 .array/port v0xa4485a0, 507;
v0xa4485a0_508 .array/port v0xa4485a0, 508;
v0xa4485a0_509 .array/port v0xa4485a0, 509;
v0xa4485a0_510 .array/port v0xa4485a0, 510;
E_0x9d2eb00/127 .event anyedge, v0xa4485a0_507, v0xa4485a0_508, v0xa4485a0_509, v0xa4485a0_510;
v0xa4485a0_511 .array/port v0xa4485a0, 511;
v0xa4485a0_512 .array/port v0xa4485a0, 512;
v0xa4485a0_513 .array/port v0xa4485a0, 513;
v0xa4485a0_514 .array/port v0xa4485a0, 514;
E_0x9d2eb00/128 .event anyedge, v0xa4485a0_511, v0xa4485a0_512, v0xa4485a0_513, v0xa4485a0_514;
v0xa4485a0_515 .array/port v0xa4485a0, 515;
v0xa4485a0_516 .array/port v0xa4485a0, 516;
v0xa4485a0_517 .array/port v0xa4485a0, 517;
v0xa4485a0_518 .array/port v0xa4485a0, 518;
E_0x9d2eb00/129 .event anyedge, v0xa4485a0_515, v0xa4485a0_516, v0xa4485a0_517, v0xa4485a0_518;
v0xa4485a0_519 .array/port v0xa4485a0, 519;
v0xa4485a0_520 .array/port v0xa4485a0, 520;
v0xa4485a0_521 .array/port v0xa4485a0, 521;
v0xa4485a0_522 .array/port v0xa4485a0, 522;
E_0x9d2eb00/130 .event anyedge, v0xa4485a0_519, v0xa4485a0_520, v0xa4485a0_521, v0xa4485a0_522;
v0xa4485a0_523 .array/port v0xa4485a0, 523;
v0xa4485a0_524 .array/port v0xa4485a0, 524;
v0xa4485a0_525 .array/port v0xa4485a0, 525;
v0xa4485a0_526 .array/port v0xa4485a0, 526;
E_0x9d2eb00/131 .event anyedge, v0xa4485a0_523, v0xa4485a0_524, v0xa4485a0_525, v0xa4485a0_526;
v0xa4485a0_527 .array/port v0xa4485a0, 527;
v0xa4485a0_528 .array/port v0xa4485a0, 528;
v0xa4485a0_529 .array/port v0xa4485a0, 529;
v0xa4485a0_530 .array/port v0xa4485a0, 530;
E_0x9d2eb00/132 .event anyedge, v0xa4485a0_527, v0xa4485a0_528, v0xa4485a0_529, v0xa4485a0_530;
v0xa4485a0_531 .array/port v0xa4485a0, 531;
v0xa4485a0_532 .array/port v0xa4485a0, 532;
v0xa4485a0_533 .array/port v0xa4485a0, 533;
v0xa4485a0_534 .array/port v0xa4485a0, 534;
E_0x9d2eb00/133 .event anyedge, v0xa4485a0_531, v0xa4485a0_532, v0xa4485a0_533, v0xa4485a0_534;
v0xa4485a0_535 .array/port v0xa4485a0, 535;
v0xa4485a0_536 .array/port v0xa4485a0, 536;
v0xa4485a0_537 .array/port v0xa4485a0, 537;
v0xa4485a0_538 .array/port v0xa4485a0, 538;
E_0x9d2eb00/134 .event anyedge, v0xa4485a0_535, v0xa4485a0_536, v0xa4485a0_537, v0xa4485a0_538;
v0xa4485a0_539 .array/port v0xa4485a0, 539;
v0xa4485a0_540 .array/port v0xa4485a0, 540;
v0xa4485a0_541 .array/port v0xa4485a0, 541;
v0xa4485a0_542 .array/port v0xa4485a0, 542;
E_0x9d2eb00/135 .event anyedge, v0xa4485a0_539, v0xa4485a0_540, v0xa4485a0_541, v0xa4485a0_542;
v0xa4485a0_543 .array/port v0xa4485a0, 543;
v0xa4485a0_544 .array/port v0xa4485a0, 544;
v0xa4485a0_545 .array/port v0xa4485a0, 545;
v0xa4485a0_546 .array/port v0xa4485a0, 546;
E_0x9d2eb00/136 .event anyedge, v0xa4485a0_543, v0xa4485a0_544, v0xa4485a0_545, v0xa4485a0_546;
v0xa4485a0_547 .array/port v0xa4485a0, 547;
v0xa4485a0_548 .array/port v0xa4485a0, 548;
v0xa4485a0_549 .array/port v0xa4485a0, 549;
v0xa4485a0_550 .array/port v0xa4485a0, 550;
E_0x9d2eb00/137 .event anyedge, v0xa4485a0_547, v0xa4485a0_548, v0xa4485a0_549, v0xa4485a0_550;
v0xa4485a0_551 .array/port v0xa4485a0, 551;
v0xa4485a0_552 .array/port v0xa4485a0, 552;
v0xa4485a0_553 .array/port v0xa4485a0, 553;
v0xa4485a0_554 .array/port v0xa4485a0, 554;
E_0x9d2eb00/138 .event anyedge, v0xa4485a0_551, v0xa4485a0_552, v0xa4485a0_553, v0xa4485a0_554;
v0xa4485a0_555 .array/port v0xa4485a0, 555;
v0xa4485a0_556 .array/port v0xa4485a0, 556;
v0xa4485a0_557 .array/port v0xa4485a0, 557;
v0xa4485a0_558 .array/port v0xa4485a0, 558;
E_0x9d2eb00/139 .event anyedge, v0xa4485a0_555, v0xa4485a0_556, v0xa4485a0_557, v0xa4485a0_558;
v0xa4485a0_559 .array/port v0xa4485a0, 559;
v0xa4485a0_560 .array/port v0xa4485a0, 560;
v0xa4485a0_561 .array/port v0xa4485a0, 561;
v0xa4485a0_562 .array/port v0xa4485a0, 562;
E_0x9d2eb00/140 .event anyedge, v0xa4485a0_559, v0xa4485a0_560, v0xa4485a0_561, v0xa4485a0_562;
v0xa4485a0_563 .array/port v0xa4485a0, 563;
v0xa4485a0_564 .array/port v0xa4485a0, 564;
v0xa4485a0_565 .array/port v0xa4485a0, 565;
v0xa4485a0_566 .array/port v0xa4485a0, 566;
E_0x9d2eb00/141 .event anyedge, v0xa4485a0_563, v0xa4485a0_564, v0xa4485a0_565, v0xa4485a0_566;
v0xa4485a0_567 .array/port v0xa4485a0, 567;
v0xa4485a0_568 .array/port v0xa4485a0, 568;
v0xa4485a0_569 .array/port v0xa4485a0, 569;
v0xa4485a0_570 .array/port v0xa4485a0, 570;
E_0x9d2eb00/142 .event anyedge, v0xa4485a0_567, v0xa4485a0_568, v0xa4485a0_569, v0xa4485a0_570;
v0xa4485a0_571 .array/port v0xa4485a0, 571;
v0xa4485a0_572 .array/port v0xa4485a0, 572;
v0xa4485a0_573 .array/port v0xa4485a0, 573;
v0xa4485a0_574 .array/port v0xa4485a0, 574;
E_0x9d2eb00/143 .event anyedge, v0xa4485a0_571, v0xa4485a0_572, v0xa4485a0_573, v0xa4485a0_574;
v0xa4485a0_575 .array/port v0xa4485a0, 575;
v0xa4485a0_576 .array/port v0xa4485a0, 576;
v0xa4485a0_577 .array/port v0xa4485a0, 577;
v0xa4485a0_578 .array/port v0xa4485a0, 578;
E_0x9d2eb00/144 .event anyedge, v0xa4485a0_575, v0xa4485a0_576, v0xa4485a0_577, v0xa4485a0_578;
v0xa4485a0_579 .array/port v0xa4485a0, 579;
v0xa4485a0_580 .array/port v0xa4485a0, 580;
v0xa4485a0_581 .array/port v0xa4485a0, 581;
v0xa4485a0_582 .array/port v0xa4485a0, 582;
E_0x9d2eb00/145 .event anyedge, v0xa4485a0_579, v0xa4485a0_580, v0xa4485a0_581, v0xa4485a0_582;
v0xa4485a0_583 .array/port v0xa4485a0, 583;
v0xa4485a0_584 .array/port v0xa4485a0, 584;
v0xa4485a0_585 .array/port v0xa4485a0, 585;
v0xa4485a0_586 .array/port v0xa4485a0, 586;
E_0x9d2eb00/146 .event anyedge, v0xa4485a0_583, v0xa4485a0_584, v0xa4485a0_585, v0xa4485a0_586;
v0xa4485a0_587 .array/port v0xa4485a0, 587;
v0xa4485a0_588 .array/port v0xa4485a0, 588;
v0xa4485a0_589 .array/port v0xa4485a0, 589;
v0xa4485a0_590 .array/port v0xa4485a0, 590;
E_0x9d2eb00/147 .event anyedge, v0xa4485a0_587, v0xa4485a0_588, v0xa4485a0_589, v0xa4485a0_590;
v0xa4485a0_591 .array/port v0xa4485a0, 591;
v0xa4485a0_592 .array/port v0xa4485a0, 592;
v0xa4485a0_593 .array/port v0xa4485a0, 593;
v0xa4485a0_594 .array/port v0xa4485a0, 594;
E_0x9d2eb00/148 .event anyedge, v0xa4485a0_591, v0xa4485a0_592, v0xa4485a0_593, v0xa4485a0_594;
v0xa4485a0_595 .array/port v0xa4485a0, 595;
v0xa4485a0_596 .array/port v0xa4485a0, 596;
v0xa4485a0_597 .array/port v0xa4485a0, 597;
v0xa4485a0_598 .array/port v0xa4485a0, 598;
E_0x9d2eb00/149 .event anyedge, v0xa4485a0_595, v0xa4485a0_596, v0xa4485a0_597, v0xa4485a0_598;
v0xa4485a0_599 .array/port v0xa4485a0, 599;
v0xa4485a0_600 .array/port v0xa4485a0, 600;
v0xa4485a0_601 .array/port v0xa4485a0, 601;
v0xa4485a0_602 .array/port v0xa4485a0, 602;
E_0x9d2eb00/150 .event anyedge, v0xa4485a0_599, v0xa4485a0_600, v0xa4485a0_601, v0xa4485a0_602;
v0xa4485a0_603 .array/port v0xa4485a0, 603;
v0xa4485a0_604 .array/port v0xa4485a0, 604;
v0xa4485a0_605 .array/port v0xa4485a0, 605;
v0xa4485a0_606 .array/port v0xa4485a0, 606;
E_0x9d2eb00/151 .event anyedge, v0xa4485a0_603, v0xa4485a0_604, v0xa4485a0_605, v0xa4485a0_606;
v0xa4485a0_607 .array/port v0xa4485a0, 607;
v0xa4485a0_608 .array/port v0xa4485a0, 608;
v0xa4485a0_609 .array/port v0xa4485a0, 609;
v0xa4485a0_610 .array/port v0xa4485a0, 610;
E_0x9d2eb00/152 .event anyedge, v0xa4485a0_607, v0xa4485a0_608, v0xa4485a0_609, v0xa4485a0_610;
v0xa4485a0_611 .array/port v0xa4485a0, 611;
v0xa4485a0_612 .array/port v0xa4485a0, 612;
v0xa4485a0_613 .array/port v0xa4485a0, 613;
v0xa4485a0_614 .array/port v0xa4485a0, 614;
E_0x9d2eb00/153 .event anyedge, v0xa4485a0_611, v0xa4485a0_612, v0xa4485a0_613, v0xa4485a0_614;
v0xa4485a0_615 .array/port v0xa4485a0, 615;
v0xa4485a0_616 .array/port v0xa4485a0, 616;
v0xa4485a0_617 .array/port v0xa4485a0, 617;
v0xa4485a0_618 .array/port v0xa4485a0, 618;
E_0x9d2eb00/154 .event anyedge, v0xa4485a0_615, v0xa4485a0_616, v0xa4485a0_617, v0xa4485a0_618;
v0xa4485a0_619 .array/port v0xa4485a0, 619;
v0xa4485a0_620 .array/port v0xa4485a0, 620;
v0xa4485a0_621 .array/port v0xa4485a0, 621;
v0xa4485a0_622 .array/port v0xa4485a0, 622;
E_0x9d2eb00/155 .event anyedge, v0xa4485a0_619, v0xa4485a0_620, v0xa4485a0_621, v0xa4485a0_622;
v0xa4485a0_623 .array/port v0xa4485a0, 623;
v0xa4485a0_624 .array/port v0xa4485a0, 624;
v0xa4485a0_625 .array/port v0xa4485a0, 625;
v0xa4485a0_626 .array/port v0xa4485a0, 626;
E_0x9d2eb00/156 .event anyedge, v0xa4485a0_623, v0xa4485a0_624, v0xa4485a0_625, v0xa4485a0_626;
v0xa4485a0_627 .array/port v0xa4485a0, 627;
v0xa4485a0_628 .array/port v0xa4485a0, 628;
v0xa4485a0_629 .array/port v0xa4485a0, 629;
v0xa4485a0_630 .array/port v0xa4485a0, 630;
E_0x9d2eb00/157 .event anyedge, v0xa4485a0_627, v0xa4485a0_628, v0xa4485a0_629, v0xa4485a0_630;
v0xa4485a0_631 .array/port v0xa4485a0, 631;
v0xa4485a0_632 .array/port v0xa4485a0, 632;
v0xa4485a0_633 .array/port v0xa4485a0, 633;
v0xa4485a0_634 .array/port v0xa4485a0, 634;
E_0x9d2eb00/158 .event anyedge, v0xa4485a0_631, v0xa4485a0_632, v0xa4485a0_633, v0xa4485a0_634;
v0xa4485a0_635 .array/port v0xa4485a0, 635;
v0xa4485a0_636 .array/port v0xa4485a0, 636;
v0xa4485a0_637 .array/port v0xa4485a0, 637;
v0xa4485a0_638 .array/port v0xa4485a0, 638;
E_0x9d2eb00/159 .event anyedge, v0xa4485a0_635, v0xa4485a0_636, v0xa4485a0_637, v0xa4485a0_638;
v0xa4485a0_639 .array/port v0xa4485a0, 639;
v0xa4485a0_640 .array/port v0xa4485a0, 640;
v0xa4485a0_641 .array/port v0xa4485a0, 641;
v0xa4485a0_642 .array/port v0xa4485a0, 642;
E_0x9d2eb00/160 .event anyedge, v0xa4485a0_639, v0xa4485a0_640, v0xa4485a0_641, v0xa4485a0_642;
v0xa4485a0_643 .array/port v0xa4485a0, 643;
v0xa4485a0_644 .array/port v0xa4485a0, 644;
v0xa4485a0_645 .array/port v0xa4485a0, 645;
v0xa4485a0_646 .array/port v0xa4485a0, 646;
E_0x9d2eb00/161 .event anyedge, v0xa4485a0_643, v0xa4485a0_644, v0xa4485a0_645, v0xa4485a0_646;
v0xa4485a0_647 .array/port v0xa4485a0, 647;
v0xa4485a0_648 .array/port v0xa4485a0, 648;
v0xa4485a0_649 .array/port v0xa4485a0, 649;
v0xa4485a0_650 .array/port v0xa4485a0, 650;
E_0x9d2eb00/162 .event anyedge, v0xa4485a0_647, v0xa4485a0_648, v0xa4485a0_649, v0xa4485a0_650;
v0xa4485a0_651 .array/port v0xa4485a0, 651;
v0xa4485a0_652 .array/port v0xa4485a0, 652;
v0xa4485a0_653 .array/port v0xa4485a0, 653;
v0xa4485a0_654 .array/port v0xa4485a0, 654;
E_0x9d2eb00/163 .event anyedge, v0xa4485a0_651, v0xa4485a0_652, v0xa4485a0_653, v0xa4485a0_654;
v0xa4485a0_655 .array/port v0xa4485a0, 655;
v0xa4485a0_656 .array/port v0xa4485a0, 656;
v0xa4485a0_657 .array/port v0xa4485a0, 657;
v0xa4485a0_658 .array/port v0xa4485a0, 658;
E_0x9d2eb00/164 .event anyedge, v0xa4485a0_655, v0xa4485a0_656, v0xa4485a0_657, v0xa4485a0_658;
v0xa4485a0_659 .array/port v0xa4485a0, 659;
v0xa4485a0_660 .array/port v0xa4485a0, 660;
v0xa4485a0_661 .array/port v0xa4485a0, 661;
v0xa4485a0_662 .array/port v0xa4485a0, 662;
E_0x9d2eb00/165 .event anyedge, v0xa4485a0_659, v0xa4485a0_660, v0xa4485a0_661, v0xa4485a0_662;
v0xa4485a0_663 .array/port v0xa4485a0, 663;
v0xa4485a0_664 .array/port v0xa4485a0, 664;
v0xa4485a0_665 .array/port v0xa4485a0, 665;
v0xa4485a0_666 .array/port v0xa4485a0, 666;
E_0x9d2eb00/166 .event anyedge, v0xa4485a0_663, v0xa4485a0_664, v0xa4485a0_665, v0xa4485a0_666;
v0xa4485a0_667 .array/port v0xa4485a0, 667;
v0xa4485a0_668 .array/port v0xa4485a0, 668;
v0xa4485a0_669 .array/port v0xa4485a0, 669;
v0xa4485a0_670 .array/port v0xa4485a0, 670;
E_0x9d2eb00/167 .event anyedge, v0xa4485a0_667, v0xa4485a0_668, v0xa4485a0_669, v0xa4485a0_670;
v0xa4485a0_671 .array/port v0xa4485a0, 671;
v0xa4485a0_672 .array/port v0xa4485a0, 672;
v0xa4485a0_673 .array/port v0xa4485a0, 673;
v0xa4485a0_674 .array/port v0xa4485a0, 674;
E_0x9d2eb00/168 .event anyedge, v0xa4485a0_671, v0xa4485a0_672, v0xa4485a0_673, v0xa4485a0_674;
v0xa4485a0_675 .array/port v0xa4485a0, 675;
v0xa4485a0_676 .array/port v0xa4485a0, 676;
v0xa4485a0_677 .array/port v0xa4485a0, 677;
v0xa4485a0_678 .array/port v0xa4485a0, 678;
E_0x9d2eb00/169 .event anyedge, v0xa4485a0_675, v0xa4485a0_676, v0xa4485a0_677, v0xa4485a0_678;
v0xa4485a0_679 .array/port v0xa4485a0, 679;
v0xa4485a0_680 .array/port v0xa4485a0, 680;
v0xa4485a0_681 .array/port v0xa4485a0, 681;
v0xa4485a0_682 .array/port v0xa4485a0, 682;
E_0x9d2eb00/170 .event anyedge, v0xa4485a0_679, v0xa4485a0_680, v0xa4485a0_681, v0xa4485a0_682;
v0xa4485a0_683 .array/port v0xa4485a0, 683;
v0xa4485a0_684 .array/port v0xa4485a0, 684;
v0xa4485a0_685 .array/port v0xa4485a0, 685;
v0xa4485a0_686 .array/port v0xa4485a0, 686;
E_0x9d2eb00/171 .event anyedge, v0xa4485a0_683, v0xa4485a0_684, v0xa4485a0_685, v0xa4485a0_686;
v0xa4485a0_687 .array/port v0xa4485a0, 687;
v0xa4485a0_688 .array/port v0xa4485a0, 688;
v0xa4485a0_689 .array/port v0xa4485a0, 689;
v0xa4485a0_690 .array/port v0xa4485a0, 690;
E_0x9d2eb00/172 .event anyedge, v0xa4485a0_687, v0xa4485a0_688, v0xa4485a0_689, v0xa4485a0_690;
v0xa4485a0_691 .array/port v0xa4485a0, 691;
v0xa4485a0_692 .array/port v0xa4485a0, 692;
v0xa4485a0_693 .array/port v0xa4485a0, 693;
v0xa4485a0_694 .array/port v0xa4485a0, 694;
E_0x9d2eb00/173 .event anyedge, v0xa4485a0_691, v0xa4485a0_692, v0xa4485a0_693, v0xa4485a0_694;
v0xa4485a0_695 .array/port v0xa4485a0, 695;
v0xa4485a0_696 .array/port v0xa4485a0, 696;
v0xa4485a0_697 .array/port v0xa4485a0, 697;
v0xa4485a0_698 .array/port v0xa4485a0, 698;
E_0x9d2eb00/174 .event anyedge, v0xa4485a0_695, v0xa4485a0_696, v0xa4485a0_697, v0xa4485a0_698;
v0xa4485a0_699 .array/port v0xa4485a0, 699;
v0xa4485a0_700 .array/port v0xa4485a0, 700;
v0xa4485a0_701 .array/port v0xa4485a0, 701;
v0xa4485a0_702 .array/port v0xa4485a0, 702;
E_0x9d2eb00/175 .event anyedge, v0xa4485a0_699, v0xa4485a0_700, v0xa4485a0_701, v0xa4485a0_702;
v0xa4485a0_703 .array/port v0xa4485a0, 703;
v0xa4485a0_704 .array/port v0xa4485a0, 704;
v0xa4485a0_705 .array/port v0xa4485a0, 705;
v0xa4485a0_706 .array/port v0xa4485a0, 706;
E_0x9d2eb00/176 .event anyedge, v0xa4485a0_703, v0xa4485a0_704, v0xa4485a0_705, v0xa4485a0_706;
v0xa4485a0_707 .array/port v0xa4485a0, 707;
v0xa4485a0_708 .array/port v0xa4485a0, 708;
v0xa4485a0_709 .array/port v0xa4485a0, 709;
v0xa4485a0_710 .array/port v0xa4485a0, 710;
E_0x9d2eb00/177 .event anyedge, v0xa4485a0_707, v0xa4485a0_708, v0xa4485a0_709, v0xa4485a0_710;
v0xa4485a0_711 .array/port v0xa4485a0, 711;
v0xa4485a0_712 .array/port v0xa4485a0, 712;
v0xa4485a0_713 .array/port v0xa4485a0, 713;
v0xa4485a0_714 .array/port v0xa4485a0, 714;
E_0x9d2eb00/178 .event anyedge, v0xa4485a0_711, v0xa4485a0_712, v0xa4485a0_713, v0xa4485a0_714;
v0xa4485a0_715 .array/port v0xa4485a0, 715;
v0xa4485a0_716 .array/port v0xa4485a0, 716;
v0xa4485a0_717 .array/port v0xa4485a0, 717;
v0xa4485a0_718 .array/port v0xa4485a0, 718;
E_0x9d2eb00/179 .event anyedge, v0xa4485a0_715, v0xa4485a0_716, v0xa4485a0_717, v0xa4485a0_718;
v0xa4485a0_719 .array/port v0xa4485a0, 719;
v0xa4485a0_720 .array/port v0xa4485a0, 720;
v0xa4485a0_721 .array/port v0xa4485a0, 721;
v0xa4485a0_722 .array/port v0xa4485a0, 722;
E_0x9d2eb00/180 .event anyedge, v0xa4485a0_719, v0xa4485a0_720, v0xa4485a0_721, v0xa4485a0_722;
v0xa4485a0_723 .array/port v0xa4485a0, 723;
v0xa4485a0_724 .array/port v0xa4485a0, 724;
v0xa4485a0_725 .array/port v0xa4485a0, 725;
v0xa4485a0_726 .array/port v0xa4485a0, 726;
E_0x9d2eb00/181 .event anyedge, v0xa4485a0_723, v0xa4485a0_724, v0xa4485a0_725, v0xa4485a0_726;
v0xa4485a0_727 .array/port v0xa4485a0, 727;
v0xa4485a0_728 .array/port v0xa4485a0, 728;
v0xa4485a0_729 .array/port v0xa4485a0, 729;
v0xa4485a0_730 .array/port v0xa4485a0, 730;
E_0x9d2eb00/182 .event anyedge, v0xa4485a0_727, v0xa4485a0_728, v0xa4485a0_729, v0xa4485a0_730;
v0xa4485a0_731 .array/port v0xa4485a0, 731;
v0xa4485a0_732 .array/port v0xa4485a0, 732;
v0xa4485a0_733 .array/port v0xa4485a0, 733;
v0xa4485a0_734 .array/port v0xa4485a0, 734;
E_0x9d2eb00/183 .event anyedge, v0xa4485a0_731, v0xa4485a0_732, v0xa4485a0_733, v0xa4485a0_734;
v0xa4485a0_735 .array/port v0xa4485a0, 735;
v0xa4485a0_736 .array/port v0xa4485a0, 736;
v0xa4485a0_737 .array/port v0xa4485a0, 737;
v0xa4485a0_738 .array/port v0xa4485a0, 738;
E_0x9d2eb00/184 .event anyedge, v0xa4485a0_735, v0xa4485a0_736, v0xa4485a0_737, v0xa4485a0_738;
v0xa4485a0_739 .array/port v0xa4485a0, 739;
v0xa4485a0_740 .array/port v0xa4485a0, 740;
v0xa4485a0_741 .array/port v0xa4485a0, 741;
v0xa4485a0_742 .array/port v0xa4485a0, 742;
E_0x9d2eb00/185 .event anyedge, v0xa4485a0_739, v0xa4485a0_740, v0xa4485a0_741, v0xa4485a0_742;
v0xa4485a0_743 .array/port v0xa4485a0, 743;
v0xa4485a0_744 .array/port v0xa4485a0, 744;
v0xa4485a0_745 .array/port v0xa4485a0, 745;
v0xa4485a0_746 .array/port v0xa4485a0, 746;
E_0x9d2eb00/186 .event anyedge, v0xa4485a0_743, v0xa4485a0_744, v0xa4485a0_745, v0xa4485a0_746;
v0xa4485a0_747 .array/port v0xa4485a0, 747;
v0xa4485a0_748 .array/port v0xa4485a0, 748;
v0xa4485a0_749 .array/port v0xa4485a0, 749;
v0xa4485a0_750 .array/port v0xa4485a0, 750;
E_0x9d2eb00/187 .event anyedge, v0xa4485a0_747, v0xa4485a0_748, v0xa4485a0_749, v0xa4485a0_750;
v0xa4485a0_751 .array/port v0xa4485a0, 751;
v0xa4485a0_752 .array/port v0xa4485a0, 752;
v0xa4485a0_753 .array/port v0xa4485a0, 753;
v0xa4485a0_754 .array/port v0xa4485a0, 754;
E_0x9d2eb00/188 .event anyedge, v0xa4485a0_751, v0xa4485a0_752, v0xa4485a0_753, v0xa4485a0_754;
v0xa4485a0_755 .array/port v0xa4485a0, 755;
v0xa4485a0_756 .array/port v0xa4485a0, 756;
v0xa4485a0_757 .array/port v0xa4485a0, 757;
v0xa4485a0_758 .array/port v0xa4485a0, 758;
E_0x9d2eb00/189 .event anyedge, v0xa4485a0_755, v0xa4485a0_756, v0xa4485a0_757, v0xa4485a0_758;
v0xa4485a0_759 .array/port v0xa4485a0, 759;
v0xa4485a0_760 .array/port v0xa4485a0, 760;
v0xa4485a0_761 .array/port v0xa4485a0, 761;
v0xa4485a0_762 .array/port v0xa4485a0, 762;
E_0x9d2eb00/190 .event anyedge, v0xa4485a0_759, v0xa4485a0_760, v0xa4485a0_761, v0xa4485a0_762;
v0xa4485a0_763 .array/port v0xa4485a0, 763;
v0xa4485a0_764 .array/port v0xa4485a0, 764;
v0xa4485a0_765 .array/port v0xa4485a0, 765;
v0xa4485a0_766 .array/port v0xa4485a0, 766;
E_0x9d2eb00/191 .event anyedge, v0xa4485a0_763, v0xa4485a0_764, v0xa4485a0_765, v0xa4485a0_766;
v0xa4485a0_767 .array/port v0xa4485a0, 767;
v0xa4485a0_768 .array/port v0xa4485a0, 768;
v0xa4485a0_769 .array/port v0xa4485a0, 769;
v0xa4485a0_770 .array/port v0xa4485a0, 770;
E_0x9d2eb00/192 .event anyedge, v0xa4485a0_767, v0xa4485a0_768, v0xa4485a0_769, v0xa4485a0_770;
v0xa4485a0_771 .array/port v0xa4485a0, 771;
v0xa4485a0_772 .array/port v0xa4485a0, 772;
v0xa4485a0_773 .array/port v0xa4485a0, 773;
v0xa4485a0_774 .array/port v0xa4485a0, 774;
E_0x9d2eb00/193 .event anyedge, v0xa4485a0_771, v0xa4485a0_772, v0xa4485a0_773, v0xa4485a0_774;
v0xa4485a0_775 .array/port v0xa4485a0, 775;
v0xa4485a0_776 .array/port v0xa4485a0, 776;
v0xa4485a0_777 .array/port v0xa4485a0, 777;
v0xa4485a0_778 .array/port v0xa4485a0, 778;
E_0x9d2eb00/194 .event anyedge, v0xa4485a0_775, v0xa4485a0_776, v0xa4485a0_777, v0xa4485a0_778;
v0xa4485a0_779 .array/port v0xa4485a0, 779;
v0xa4485a0_780 .array/port v0xa4485a0, 780;
v0xa4485a0_781 .array/port v0xa4485a0, 781;
v0xa4485a0_782 .array/port v0xa4485a0, 782;
E_0x9d2eb00/195 .event anyedge, v0xa4485a0_779, v0xa4485a0_780, v0xa4485a0_781, v0xa4485a0_782;
v0xa4485a0_783 .array/port v0xa4485a0, 783;
v0xa4485a0_784 .array/port v0xa4485a0, 784;
v0xa4485a0_785 .array/port v0xa4485a0, 785;
v0xa4485a0_786 .array/port v0xa4485a0, 786;
E_0x9d2eb00/196 .event anyedge, v0xa4485a0_783, v0xa4485a0_784, v0xa4485a0_785, v0xa4485a0_786;
v0xa4485a0_787 .array/port v0xa4485a0, 787;
v0xa4485a0_788 .array/port v0xa4485a0, 788;
v0xa4485a0_789 .array/port v0xa4485a0, 789;
v0xa4485a0_790 .array/port v0xa4485a0, 790;
E_0x9d2eb00/197 .event anyedge, v0xa4485a0_787, v0xa4485a0_788, v0xa4485a0_789, v0xa4485a0_790;
v0xa4485a0_791 .array/port v0xa4485a0, 791;
v0xa4485a0_792 .array/port v0xa4485a0, 792;
v0xa4485a0_793 .array/port v0xa4485a0, 793;
v0xa4485a0_794 .array/port v0xa4485a0, 794;
E_0x9d2eb00/198 .event anyedge, v0xa4485a0_791, v0xa4485a0_792, v0xa4485a0_793, v0xa4485a0_794;
v0xa4485a0_795 .array/port v0xa4485a0, 795;
v0xa4485a0_796 .array/port v0xa4485a0, 796;
v0xa4485a0_797 .array/port v0xa4485a0, 797;
v0xa4485a0_798 .array/port v0xa4485a0, 798;
E_0x9d2eb00/199 .event anyedge, v0xa4485a0_795, v0xa4485a0_796, v0xa4485a0_797, v0xa4485a0_798;
v0xa4485a0_799 .array/port v0xa4485a0, 799;
v0xa4485a0_800 .array/port v0xa4485a0, 800;
v0xa4485a0_801 .array/port v0xa4485a0, 801;
v0xa4485a0_802 .array/port v0xa4485a0, 802;
E_0x9d2eb00/200 .event anyedge, v0xa4485a0_799, v0xa4485a0_800, v0xa4485a0_801, v0xa4485a0_802;
v0xa4485a0_803 .array/port v0xa4485a0, 803;
v0xa4485a0_804 .array/port v0xa4485a0, 804;
v0xa4485a0_805 .array/port v0xa4485a0, 805;
v0xa4485a0_806 .array/port v0xa4485a0, 806;
E_0x9d2eb00/201 .event anyedge, v0xa4485a0_803, v0xa4485a0_804, v0xa4485a0_805, v0xa4485a0_806;
v0xa4485a0_807 .array/port v0xa4485a0, 807;
v0xa4485a0_808 .array/port v0xa4485a0, 808;
v0xa4485a0_809 .array/port v0xa4485a0, 809;
v0xa4485a0_810 .array/port v0xa4485a0, 810;
E_0x9d2eb00/202 .event anyedge, v0xa4485a0_807, v0xa4485a0_808, v0xa4485a0_809, v0xa4485a0_810;
v0xa4485a0_811 .array/port v0xa4485a0, 811;
v0xa4485a0_812 .array/port v0xa4485a0, 812;
v0xa4485a0_813 .array/port v0xa4485a0, 813;
v0xa4485a0_814 .array/port v0xa4485a0, 814;
E_0x9d2eb00/203 .event anyedge, v0xa4485a0_811, v0xa4485a0_812, v0xa4485a0_813, v0xa4485a0_814;
v0xa4485a0_815 .array/port v0xa4485a0, 815;
v0xa4485a0_816 .array/port v0xa4485a0, 816;
v0xa4485a0_817 .array/port v0xa4485a0, 817;
v0xa4485a0_818 .array/port v0xa4485a0, 818;
E_0x9d2eb00/204 .event anyedge, v0xa4485a0_815, v0xa4485a0_816, v0xa4485a0_817, v0xa4485a0_818;
v0xa4485a0_819 .array/port v0xa4485a0, 819;
v0xa4485a0_820 .array/port v0xa4485a0, 820;
v0xa4485a0_821 .array/port v0xa4485a0, 821;
v0xa4485a0_822 .array/port v0xa4485a0, 822;
E_0x9d2eb00/205 .event anyedge, v0xa4485a0_819, v0xa4485a0_820, v0xa4485a0_821, v0xa4485a0_822;
v0xa4485a0_823 .array/port v0xa4485a0, 823;
v0xa4485a0_824 .array/port v0xa4485a0, 824;
v0xa4485a0_825 .array/port v0xa4485a0, 825;
v0xa4485a0_826 .array/port v0xa4485a0, 826;
E_0x9d2eb00/206 .event anyedge, v0xa4485a0_823, v0xa4485a0_824, v0xa4485a0_825, v0xa4485a0_826;
v0xa4485a0_827 .array/port v0xa4485a0, 827;
v0xa4485a0_828 .array/port v0xa4485a0, 828;
v0xa4485a0_829 .array/port v0xa4485a0, 829;
v0xa4485a0_830 .array/port v0xa4485a0, 830;
E_0x9d2eb00/207 .event anyedge, v0xa4485a0_827, v0xa4485a0_828, v0xa4485a0_829, v0xa4485a0_830;
v0xa4485a0_831 .array/port v0xa4485a0, 831;
v0xa4485a0_832 .array/port v0xa4485a0, 832;
v0xa4485a0_833 .array/port v0xa4485a0, 833;
v0xa4485a0_834 .array/port v0xa4485a0, 834;
E_0x9d2eb00/208 .event anyedge, v0xa4485a0_831, v0xa4485a0_832, v0xa4485a0_833, v0xa4485a0_834;
v0xa4485a0_835 .array/port v0xa4485a0, 835;
v0xa4485a0_836 .array/port v0xa4485a0, 836;
v0xa4485a0_837 .array/port v0xa4485a0, 837;
v0xa4485a0_838 .array/port v0xa4485a0, 838;
E_0x9d2eb00/209 .event anyedge, v0xa4485a0_835, v0xa4485a0_836, v0xa4485a0_837, v0xa4485a0_838;
v0xa4485a0_839 .array/port v0xa4485a0, 839;
v0xa4485a0_840 .array/port v0xa4485a0, 840;
v0xa4485a0_841 .array/port v0xa4485a0, 841;
v0xa4485a0_842 .array/port v0xa4485a0, 842;
E_0x9d2eb00/210 .event anyedge, v0xa4485a0_839, v0xa4485a0_840, v0xa4485a0_841, v0xa4485a0_842;
v0xa4485a0_843 .array/port v0xa4485a0, 843;
v0xa4485a0_844 .array/port v0xa4485a0, 844;
v0xa4485a0_845 .array/port v0xa4485a0, 845;
v0xa4485a0_846 .array/port v0xa4485a0, 846;
E_0x9d2eb00/211 .event anyedge, v0xa4485a0_843, v0xa4485a0_844, v0xa4485a0_845, v0xa4485a0_846;
v0xa4485a0_847 .array/port v0xa4485a0, 847;
v0xa4485a0_848 .array/port v0xa4485a0, 848;
v0xa4485a0_849 .array/port v0xa4485a0, 849;
v0xa4485a0_850 .array/port v0xa4485a0, 850;
E_0x9d2eb00/212 .event anyedge, v0xa4485a0_847, v0xa4485a0_848, v0xa4485a0_849, v0xa4485a0_850;
v0xa4485a0_851 .array/port v0xa4485a0, 851;
v0xa4485a0_852 .array/port v0xa4485a0, 852;
v0xa4485a0_853 .array/port v0xa4485a0, 853;
v0xa4485a0_854 .array/port v0xa4485a0, 854;
E_0x9d2eb00/213 .event anyedge, v0xa4485a0_851, v0xa4485a0_852, v0xa4485a0_853, v0xa4485a0_854;
v0xa4485a0_855 .array/port v0xa4485a0, 855;
v0xa4485a0_856 .array/port v0xa4485a0, 856;
v0xa4485a0_857 .array/port v0xa4485a0, 857;
v0xa4485a0_858 .array/port v0xa4485a0, 858;
E_0x9d2eb00/214 .event anyedge, v0xa4485a0_855, v0xa4485a0_856, v0xa4485a0_857, v0xa4485a0_858;
v0xa4485a0_859 .array/port v0xa4485a0, 859;
v0xa4485a0_860 .array/port v0xa4485a0, 860;
v0xa4485a0_861 .array/port v0xa4485a0, 861;
v0xa4485a0_862 .array/port v0xa4485a0, 862;
E_0x9d2eb00/215 .event anyedge, v0xa4485a0_859, v0xa4485a0_860, v0xa4485a0_861, v0xa4485a0_862;
v0xa4485a0_863 .array/port v0xa4485a0, 863;
v0xa4485a0_864 .array/port v0xa4485a0, 864;
v0xa4485a0_865 .array/port v0xa4485a0, 865;
v0xa4485a0_866 .array/port v0xa4485a0, 866;
E_0x9d2eb00/216 .event anyedge, v0xa4485a0_863, v0xa4485a0_864, v0xa4485a0_865, v0xa4485a0_866;
v0xa4485a0_867 .array/port v0xa4485a0, 867;
v0xa4485a0_868 .array/port v0xa4485a0, 868;
v0xa4485a0_869 .array/port v0xa4485a0, 869;
v0xa4485a0_870 .array/port v0xa4485a0, 870;
E_0x9d2eb00/217 .event anyedge, v0xa4485a0_867, v0xa4485a0_868, v0xa4485a0_869, v0xa4485a0_870;
v0xa4485a0_871 .array/port v0xa4485a0, 871;
v0xa4485a0_872 .array/port v0xa4485a0, 872;
v0xa4485a0_873 .array/port v0xa4485a0, 873;
v0xa4485a0_874 .array/port v0xa4485a0, 874;
E_0x9d2eb00/218 .event anyedge, v0xa4485a0_871, v0xa4485a0_872, v0xa4485a0_873, v0xa4485a0_874;
v0xa4485a0_875 .array/port v0xa4485a0, 875;
v0xa4485a0_876 .array/port v0xa4485a0, 876;
v0xa4485a0_877 .array/port v0xa4485a0, 877;
v0xa4485a0_878 .array/port v0xa4485a0, 878;
E_0x9d2eb00/219 .event anyedge, v0xa4485a0_875, v0xa4485a0_876, v0xa4485a0_877, v0xa4485a0_878;
v0xa4485a0_879 .array/port v0xa4485a0, 879;
v0xa4485a0_880 .array/port v0xa4485a0, 880;
v0xa4485a0_881 .array/port v0xa4485a0, 881;
v0xa4485a0_882 .array/port v0xa4485a0, 882;
E_0x9d2eb00/220 .event anyedge, v0xa4485a0_879, v0xa4485a0_880, v0xa4485a0_881, v0xa4485a0_882;
v0xa4485a0_883 .array/port v0xa4485a0, 883;
v0xa4485a0_884 .array/port v0xa4485a0, 884;
v0xa4485a0_885 .array/port v0xa4485a0, 885;
v0xa4485a0_886 .array/port v0xa4485a0, 886;
E_0x9d2eb00/221 .event anyedge, v0xa4485a0_883, v0xa4485a0_884, v0xa4485a0_885, v0xa4485a0_886;
v0xa4485a0_887 .array/port v0xa4485a0, 887;
v0xa4485a0_888 .array/port v0xa4485a0, 888;
v0xa4485a0_889 .array/port v0xa4485a0, 889;
v0xa4485a0_890 .array/port v0xa4485a0, 890;
E_0x9d2eb00/222 .event anyedge, v0xa4485a0_887, v0xa4485a0_888, v0xa4485a0_889, v0xa4485a0_890;
v0xa4485a0_891 .array/port v0xa4485a0, 891;
v0xa4485a0_892 .array/port v0xa4485a0, 892;
v0xa4485a0_893 .array/port v0xa4485a0, 893;
v0xa4485a0_894 .array/port v0xa4485a0, 894;
E_0x9d2eb00/223 .event anyedge, v0xa4485a0_891, v0xa4485a0_892, v0xa4485a0_893, v0xa4485a0_894;
v0xa4485a0_895 .array/port v0xa4485a0, 895;
v0xa4485a0_896 .array/port v0xa4485a0, 896;
v0xa4485a0_897 .array/port v0xa4485a0, 897;
v0xa4485a0_898 .array/port v0xa4485a0, 898;
E_0x9d2eb00/224 .event anyedge, v0xa4485a0_895, v0xa4485a0_896, v0xa4485a0_897, v0xa4485a0_898;
v0xa4485a0_899 .array/port v0xa4485a0, 899;
v0xa4485a0_900 .array/port v0xa4485a0, 900;
v0xa4485a0_901 .array/port v0xa4485a0, 901;
v0xa4485a0_902 .array/port v0xa4485a0, 902;
E_0x9d2eb00/225 .event anyedge, v0xa4485a0_899, v0xa4485a0_900, v0xa4485a0_901, v0xa4485a0_902;
v0xa4485a0_903 .array/port v0xa4485a0, 903;
v0xa4485a0_904 .array/port v0xa4485a0, 904;
v0xa4485a0_905 .array/port v0xa4485a0, 905;
v0xa4485a0_906 .array/port v0xa4485a0, 906;
E_0x9d2eb00/226 .event anyedge, v0xa4485a0_903, v0xa4485a0_904, v0xa4485a0_905, v0xa4485a0_906;
v0xa4485a0_907 .array/port v0xa4485a0, 907;
v0xa4485a0_908 .array/port v0xa4485a0, 908;
v0xa4485a0_909 .array/port v0xa4485a0, 909;
v0xa4485a0_910 .array/port v0xa4485a0, 910;
E_0x9d2eb00/227 .event anyedge, v0xa4485a0_907, v0xa4485a0_908, v0xa4485a0_909, v0xa4485a0_910;
v0xa4485a0_911 .array/port v0xa4485a0, 911;
v0xa4485a0_912 .array/port v0xa4485a0, 912;
v0xa4485a0_913 .array/port v0xa4485a0, 913;
v0xa4485a0_914 .array/port v0xa4485a0, 914;
E_0x9d2eb00/228 .event anyedge, v0xa4485a0_911, v0xa4485a0_912, v0xa4485a0_913, v0xa4485a0_914;
v0xa4485a0_915 .array/port v0xa4485a0, 915;
v0xa4485a0_916 .array/port v0xa4485a0, 916;
v0xa4485a0_917 .array/port v0xa4485a0, 917;
v0xa4485a0_918 .array/port v0xa4485a0, 918;
E_0x9d2eb00/229 .event anyedge, v0xa4485a0_915, v0xa4485a0_916, v0xa4485a0_917, v0xa4485a0_918;
v0xa4485a0_919 .array/port v0xa4485a0, 919;
v0xa4485a0_920 .array/port v0xa4485a0, 920;
v0xa4485a0_921 .array/port v0xa4485a0, 921;
v0xa4485a0_922 .array/port v0xa4485a0, 922;
E_0x9d2eb00/230 .event anyedge, v0xa4485a0_919, v0xa4485a0_920, v0xa4485a0_921, v0xa4485a0_922;
v0xa4485a0_923 .array/port v0xa4485a0, 923;
v0xa4485a0_924 .array/port v0xa4485a0, 924;
v0xa4485a0_925 .array/port v0xa4485a0, 925;
v0xa4485a0_926 .array/port v0xa4485a0, 926;
E_0x9d2eb00/231 .event anyedge, v0xa4485a0_923, v0xa4485a0_924, v0xa4485a0_925, v0xa4485a0_926;
v0xa4485a0_927 .array/port v0xa4485a0, 927;
v0xa4485a0_928 .array/port v0xa4485a0, 928;
v0xa4485a0_929 .array/port v0xa4485a0, 929;
v0xa4485a0_930 .array/port v0xa4485a0, 930;
E_0x9d2eb00/232 .event anyedge, v0xa4485a0_927, v0xa4485a0_928, v0xa4485a0_929, v0xa4485a0_930;
v0xa4485a0_931 .array/port v0xa4485a0, 931;
v0xa4485a0_932 .array/port v0xa4485a0, 932;
v0xa4485a0_933 .array/port v0xa4485a0, 933;
v0xa4485a0_934 .array/port v0xa4485a0, 934;
E_0x9d2eb00/233 .event anyedge, v0xa4485a0_931, v0xa4485a0_932, v0xa4485a0_933, v0xa4485a0_934;
v0xa4485a0_935 .array/port v0xa4485a0, 935;
v0xa4485a0_936 .array/port v0xa4485a0, 936;
v0xa4485a0_937 .array/port v0xa4485a0, 937;
v0xa4485a0_938 .array/port v0xa4485a0, 938;
E_0x9d2eb00/234 .event anyedge, v0xa4485a0_935, v0xa4485a0_936, v0xa4485a0_937, v0xa4485a0_938;
v0xa4485a0_939 .array/port v0xa4485a0, 939;
v0xa4485a0_940 .array/port v0xa4485a0, 940;
v0xa4485a0_941 .array/port v0xa4485a0, 941;
v0xa4485a0_942 .array/port v0xa4485a0, 942;
E_0x9d2eb00/235 .event anyedge, v0xa4485a0_939, v0xa4485a0_940, v0xa4485a0_941, v0xa4485a0_942;
v0xa4485a0_943 .array/port v0xa4485a0, 943;
v0xa4485a0_944 .array/port v0xa4485a0, 944;
v0xa4485a0_945 .array/port v0xa4485a0, 945;
v0xa4485a0_946 .array/port v0xa4485a0, 946;
E_0x9d2eb00/236 .event anyedge, v0xa4485a0_943, v0xa4485a0_944, v0xa4485a0_945, v0xa4485a0_946;
v0xa4485a0_947 .array/port v0xa4485a0, 947;
v0xa4485a0_948 .array/port v0xa4485a0, 948;
v0xa4485a0_949 .array/port v0xa4485a0, 949;
v0xa4485a0_950 .array/port v0xa4485a0, 950;
E_0x9d2eb00/237 .event anyedge, v0xa4485a0_947, v0xa4485a0_948, v0xa4485a0_949, v0xa4485a0_950;
v0xa4485a0_951 .array/port v0xa4485a0, 951;
v0xa4485a0_952 .array/port v0xa4485a0, 952;
v0xa4485a0_953 .array/port v0xa4485a0, 953;
v0xa4485a0_954 .array/port v0xa4485a0, 954;
E_0x9d2eb00/238 .event anyedge, v0xa4485a0_951, v0xa4485a0_952, v0xa4485a0_953, v0xa4485a0_954;
v0xa4485a0_955 .array/port v0xa4485a0, 955;
v0xa4485a0_956 .array/port v0xa4485a0, 956;
v0xa4485a0_957 .array/port v0xa4485a0, 957;
v0xa4485a0_958 .array/port v0xa4485a0, 958;
E_0x9d2eb00/239 .event anyedge, v0xa4485a0_955, v0xa4485a0_956, v0xa4485a0_957, v0xa4485a0_958;
v0xa4485a0_959 .array/port v0xa4485a0, 959;
v0xa4485a0_960 .array/port v0xa4485a0, 960;
v0xa4485a0_961 .array/port v0xa4485a0, 961;
v0xa4485a0_962 .array/port v0xa4485a0, 962;
E_0x9d2eb00/240 .event anyedge, v0xa4485a0_959, v0xa4485a0_960, v0xa4485a0_961, v0xa4485a0_962;
v0xa4485a0_963 .array/port v0xa4485a0, 963;
v0xa4485a0_964 .array/port v0xa4485a0, 964;
v0xa4485a0_965 .array/port v0xa4485a0, 965;
v0xa4485a0_966 .array/port v0xa4485a0, 966;
E_0x9d2eb00/241 .event anyedge, v0xa4485a0_963, v0xa4485a0_964, v0xa4485a0_965, v0xa4485a0_966;
v0xa4485a0_967 .array/port v0xa4485a0, 967;
v0xa4485a0_968 .array/port v0xa4485a0, 968;
v0xa4485a0_969 .array/port v0xa4485a0, 969;
v0xa4485a0_970 .array/port v0xa4485a0, 970;
E_0x9d2eb00/242 .event anyedge, v0xa4485a0_967, v0xa4485a0_968, v0xa4485a0_969, v0xa4485a0_970;
v0xa4485a0_971 .array/port v0xa4485a0, 971;
v0xa4485a0_972 .array/port v0xa4485a0, 972;
v0xa4485a0_973 .array/port v0xa4485a0, 973;
v0xa4485a0_974 .array/port v0xa4485a0, 974;
E_0x9d2eb00/243 .event anyedge, v0xa4485a0_971, v0xa4485a0_972, v0xa4485a0_973, v0xa4485a0_974;
v0xa4485a0_975 .array/port v0xa4485a0, 975;
v0xa4485a0_976 .array/port v0xa4485a0, 976;
v0xa4485a0_977 .array/port v0xa4485a0, 977;
v0xa4485a0_978 .array/port v0xa4485a0, 978;
E_0x9d2eb00/244 .event anyedge, v0xa4485a0_975, v0xa4485a0_976, v0xa4485a0_977, v0xa4485a0_978;
v0xa4485a0_979 .array/port v0xa4485a0, 979;
v0xa4485a0_980 .array/port v0xa4485a0, 980;
v0xa4485a0_981 .array/port v0xa4485a0, 981;
v0xa4485a0_982 .array/port v0xa4485a0, 982;
E_0x9d2eb00/245 .event anyedge, v0xa4485a0_979, v0xa4485a0_980, v0xa4485a0_981, v0xa4485a0_982;
v0xa4485a0_983 .array/port v0xa4485a0, 983;
v0xa4485a0_984 .array/port v0xa4485a0, 984;
v0xa4485a0_985 .array/port v0xa4485a0, 985;
v0xa4485a0_986 .array/port v0xa4485a0, 986;
E_0x9d2eb00/246 .event anyedge, v0xa4485a0_983, v0xa4485a0_984, v0xa4485a0_985, v0xa4485a0_986;
v0xa4485a0_987 .array/port v0xa4485a0, 987;
v0xa4485a0_988 .array/port v0xa4485a0, 988;
v0xa4485a0_989 .array/port v0xa4485a0, 989;
v0xa4485a0_990 .array/port v0xa4485a0, 990;
E_0x9d2eb00/247 .event anyedge, v0xa4485a0_987, v0xa4485a0_988, v0xa4485a0_989, v0xa4485a0_990;
v0xa4485a0_991 .array/port v0xa4485a0, 991;
v0xa4485a0_992 .array/port v0xa4485a0, 992;
v0xa4485a0_993 .array/port v0xa4485a0, 993;
v0xa4485a0_994 .array/port v0xa4485a0, 994;
E_0x9d2eb00/248 .event anyedge, v0xa4485a0_991, v0xa4485a0_992, v0xa4485a0_993, v0xa4485a0_994;
v0xa4485a0_995 .array/port v0xa4485a0, 995;
v0xa4485a0_996 .array/port v0xa4485a0, 996;
v0xa4485a0_997 .array/port v0xa4485a0, 997;
v0xa4485a0_998 .array/port v0xa4485a0, 998;
E_0x9d2eb00/249 .event anyedge, v0xa4485a0_995, v0xa4485a0_996, v0xa4485a0_997, v0xa4485a0_998;
v0xa4485a0_999 .array/port v0xa4485a0, 999;
v0xa4485a0_1000 .array/port v0xa4485a0, 1000;
v0xa4485a0_1001 .array/port v0xa4485a0, 1001;
v0xa4485a0_1002 .array/port v0xa4485a0, 1002;
E_0x9d2eb00/250 .event anyedge, v0xa4485a0_999, v0xa4485a0_1000, v0xa4485a0_1001, v0xa4485a0_1002;
v0xa4485a0_1003 .array/port v0xa4485a0, 1003;
v0xa4485a0_1004 .array/port v0xa4485a0, 1004;
v0xa4485a0_1005 .array/port v0xa4485a0, 1005;
v0xa4485a0_1006 .array/port v0xa4485a0, 1006;
E_0x9d2eb00/251 .event anyedge, v0xa4485a0_1003, v0xa4485a0_1004, v0xa4485a0_1005, v0xa4485a0_1006;
v0xa4485a0_1007 .array/port v0xa4485a0, 1007;
v0xa4485a0_1008 .array/port v0xa4485a0, 1008;
v0xa4485a0_1009 .array/port v0xa4485a0, 1009;
v0xa4485a0_1010 .array/port v0xa4485a0, 1010;
E_0x9d2eb00/252 .event anyedge, v0xa4485a0_1007, v0xa4485a0_1008, v0xa4485a0_1009, v0xa4485a0_1010;
v0xa4485a0_1011 .array/port v0xa4485a0, 1011;
v0xa4485a0_1012 .array/port v0xa4485a0, 1012;
v0xa4485a0_1013 .array/port v0xa4485a0, 1013;
v0xa4485a0_1014 .array/port v0xa4485a0, 1014;
E_0x9d2eb00/253 .event anyedge, v0xa4485a0_1011, v0xa4485a0_1012, v0xa4485a0_1013, v0xa4485a0_1014;
v0xa4485a0_1015 .array/port v0xa4485a0, 1015;
v0xa4485a0_1016 .array/port v0xa4485a0, 1016;
v0xa4485a0_1017 .array/port v0xa4485a0, 1017;
v0xa4485a0_1018 .array/port v0xa4485a0, 1018;
E_0x9d2eb00/254 .event anyedge, v0xa4485a0_1015, v0xa4485a0_1016, v0xa4485a0_1017, v0xa4485a0_1018;
v0xa4485a0_1019 .array/port v0xa4485a0, 1019;
v0xa4485a0_1020 .array/port v0xa4485a0, 1020;
v0xa4485a0_1021 .array/port v0xa4485a0, 1021;
v0xa4485a0_1022 .array/port v0xa4485a0, 1022;
E_0x9d2eb00/255 .event anyedge, v0xa4485a0_1019, v0xa4485a0_1020, v0xa4485a0_1021, v0xa4485a0_1022;
v0xa4485a0_1023 .array/port v0xa4485a0, 1023;
E_0x9d2eb00/256 .event anyedge, v0xa4485a0_1023;
E_0x9d2eb00 .event/or E_0x9d2eb00/0, E_0x9d2eb00/1, E_0x9d2eb00/2, E_0x9d2eb00/3, E_0x9d2eb00/4, E_0x9d2eb00/5, E_0x9d2eb00/6, E_0x9d2eb00/7, E_0x9d2eb00/8, E_0x9d2eb00/9, E_0x9d2eb00/10, E_0x9d2eb00/11, E_0x9d2eb00/12, E_0x9d2eb00/13, E_0x9d2eb00/14, E_0x9d2eb00/15, E_0x9d2eb00/16, E_0x9d2eb00/17, E_0x9d2eb00/18, E_0x9d2eb00/19, E_0x9d2eb00/20, E_0x9d2eb00/21, E_0x9d2eb00/22, E_0x9d2eb00/23, E_0x9d2eb00/24, E_0x9d2eb00/25, E_0x9d2eb00/26, E_0x9d2eb00/27, E_0x9d2eb00/28, E_0x9d2eb00/29, E_0x9d2eb00/30, E_0x9d2eb00/31, E_0x9d2eb00/32, E_0x9d2eb00/33, E_0x9d2eb00/34, E_0x9d2eb00/35, E_0x9d2eb00/36, E_0x9d2eb00/37, E_0x9d2eb00/38, E_0x9d2eb00/39, E_0x9d2eb00/40, E_0x9d2eb00/41, E_0x9d2eb00/42, E_0x9d2eb00/43, E_0x9d2eb00/44, E_0x9d2eb00/45, E_0x9d2eb00/46, E_0x9d2eb00/47, E_0x9d2eb00/48, E_0x9d2eb00/49, E_0x9d2eb00/50, E_0x9d2eb00/51, E_0x9d2eb00/52, E_0x9d2eb00/53, E_0x9d2eb00/54, E_0x9d2eb00/55, E_0x9d2eb00/56, E_0x9d2eb00/57, E_0x9d2eb00/58, E_0x9d2eb00/59, E_0x9d2eb00/60, E_0x9d2eb00/61, E_0x9d2eb00/62, E_0x9d2eb00/63, E_0x9d2eb00/64, E_0x9d2eb00/65, E_0x9d2eb00/66, E_0x9d2eb00/67, E_0x9d2eb00/68, E_0x9d2eb00/69, E_0x9d2eb00/70, E_0x9d2eb00/71, E_0x9d2eb00/72, E_0x9d2eb00/73, E_0x9d2eb00/74, E_0x9d2eb00/75, E_0x9d2eb00/76, E_0x9d2eb00/77, E_0x9d2eb00/78, E_0x9d2eb00/79, E_0x9d2eb00/80, E_0x9d2eb00/81, E_0x9d2eb00/82, E_0x9d2eb00/83, E_0x9d2eb00/84, E_0x9d2eb00/85, E_0x9d2eb00/86, E_0x9d2eb00/87, E_0x9d2eb00/88, E_0x9d2eb00/89, E_0x9d2eb00/90, E_0x9d2eb00/91, E_0x9d2eb00/92, E_0x9d2eb00/93, E_0x9d2eb00/94, E_0x9d2eb00/95, E_0x9d2eb00/96, E_0x9d2eb00/97, E_0x9d2eb00/98, E_0x9d2eb00/99, E_0x9d2eb00/100, E_0x9d2eb00/101, E_0x9d2eb00/102, E_0x9d2eb00/103, E_0x9d2eb00/104, E_0x9d2eb00/105, E_0x9d2eb00/106, E_0x9d2eb00/107, E_0x9d2eb00/108, E_0x9d2eb00/109, E_0x9d2eb00/110, E_0x9d2eb00/111, E_0x9d2eb00/112, E_0x9d2eb00/113, E_0x9d2eb00/114, E_0x9d2eb00/115, E_0x9d2eb00/116, E_0x9d2eb00/117, E_0x9d2eb00/118, E_0x9d2eb00/119, E_0x9d2eb00/120, E_0x9d2eb00/121, E_0x9d2eb00/122, E_0x9d2eb00/123, E_0x9d2eb00/124, E_0x9d2eb00/125, E_0x9d2eb00/126, E_0x9d2eb00/127, E_0x9d2eb00/128, E_0x9d2eb00/129, E_0x9d2eb00/130, E_0x9d2eb00/131, E_0x9d2eb00/132, E_0x9d2eb00/133, E_0x9d2eb00/134, E_0x9d2eb00/135, E_0x9d2eb00/136, E_0x9d2eb00/137, E_0x9d2eb00/138, E_0x9d2eb00/139, E_0x9d2eb00/140, E_0x9d2eb00/141, E_0x9d2eb00/142, E_0x9d2eb00/143, E_0x9d2eb00/144, E_0x9d2eb00/145, E_0x9d2eb00/146, E_0x9d2eb00/147, E_0x9d2eb00/148, E_0x9d2eb00/149, E_0x9d2eb00/150, E_0x9d2eb00/151, E_0x9d2eb00/152, E_0x9d2eb00/153, E_0x9d2eb00/154, E_0x9d2eb00/155, E_0x9d2eb00/156, E_0x9d2eb00/157, E_0x9d2eb00/158, E_0x9d2eb00/159, E_0x9d2eb00/160, E_0x9d2eb00/161, E_0x9d2eb00/162, E_0x9d2eb00/163, E_0x9d2eb00/164, E_0x9d2eb00/165, E_0x9d2eb00/166, E_0x9d2eb00/167, E_0x9d2eb00/168, E_0x9d2eb00/169, E_0x9d2eb00/170, E_0x9d2eb00/171, E_0x9d2eb00/172, E_0x9d2eb00/173, E_0x9d2eb00/174, E_0x9d2eb00/175, E_0x9d2eb00/176, E_0x9d2eb00/177, E_0x9d2eb00/178, E_0x9d2eb00/179, E_0x9d2eb00/180, E_0x9d2eb00/181, E_0x9d2eb00/182, E_0x9d2eb00/183, E_0x9d2eb00/184, E_0x9d2eb00/185, E_0x9d2eb00/186, E_0x9d2eb00/187, E_0x9d2eb00/188, E_0x9d2eb00/189, E_0x9d2eb00/190, E_0x9d2eb00/191, E_0x9d2eb00/192, E_0x9d2eb00/193, E_0x9d2eb00/194, E_0x9d2eb00/195, E_0x9d2eb00/196, E_0x9d2eb00/197, E_0x9d2eb00/198, E_0x9d2eb00/199, E_0x9d2eb00/200, E_0x9d2eb00/201, E_0x9d2eb00/202, E_0x9d2eb00/203, E_0x9d2eb00/204, E_0x9d2eb00/205, E_0x9d2eb00/206, E_0x9d2eb00/207, E_0x9d2eb00/208, E_0x9d2eb00/209, E_0x9d2eb00/210, E_0x9d2eb00/211, E_0x9d2eb00/212, E_0x9d2eb00/213, E_0x9d2eb00/214, E_0x9d2eb00/215, E_0x9d2eb00/216, E_0x9d2eb00/217, E_0x9d2eb00/218, E_0x9d2eb00/219, E_0x9d2eb00/220, E_0x9d2eb00/221, E_0x9d2eb00/222, E_0x9d2eb00/223, E_0x9d2eb00/224, E_0x9d2eb00/225, E_0x9d2eb00/226, E_0x9d2eb00/227, E_0x9d2eb00/228, E_0x9d2eb00/229, E_0x9d2eb00/230, E_0x9d2eb00/231, E_0x9d2eb00/232, E_0x9d2eb00/233, E_0x9d2eb00/234, E_0x9d2eb00/235, E_0x9d2eb00/236, E_0x9d2eb00/237, E_0x9d2eb00/238, E_0x9d2eb00/239, E_0x9d2eb00/240, E_0x9d2eb00/241, E_0x9d2eb00/242, E_0x9d2eb00/243, E_0x9d2eb00/244, E_0x9d2eb00/245, E_0x9d2eb00/246, E_0x9d2eb00/247, E_0x9d2eb00/248, E_0x9d2eb00/249, E_0x9d2eb00/250, E_0x9d2eb00/251, E_0x9d2eb00/252, E_0x9d2eb00/253, E_0x9d2eb00/254, E_0x9d2eb00/255, E_0x9d2eb00/256;
S_0x9ef1840 .scope module, "dut" "hart" 2 31, 3 3 0, S_0x9fb59a0;
 .timescale -9 -12;
    .port_info 0 /INPUT 1 "i_clk";
    .port_info 1 /INPUT 1 "i_rst";
    .port_info 2 /OUTPUT 32 "o_imem_raddr";
    .port_info 3 /INPUT 32 "i_imem_rdata";
    .port_info 4 /OUTPUT 32 "o_dmem_addr";
    .port_info 5 /OUTPUT 1 "o_dmem_ren";
    .port_info 6 /OUTPUT 1 "o_dmem_wen";
    .port_info 7 /OUTPUT 32 "o_dmem_wdata";
    .port_info 8 /OUTPUT 4 "o_dmem_mask";
    .port_info 9 /INPUT 32 "i_dmem_rdata";
    .port_info 10 /OUTPUT 1 "o_retire_valid";
    .port_info 11 /OUTPUT 32 "o_retire_inst";
    .port_info 12 /OUTPUT 1 "o_retire_trap";
    .port_info 13 /OUTPUT 1 "o_retire_halt";
    .port_info 14 /OUTPUT 5 "o_retire_rs1_raddr";
    .port_info 15 /OUTPUT 5 "o_retire_rs2_raddr";
    .port_info 16 /OUTPUT 32 "o_retire_rs1_rdata";
    .port_info 17 /OUTPUT 32 "o_retire_rs2_rdata";
    .port_info 18 /OUTPUT 5 "o_retire_rd_waddr";
    .port_info 19 /OUTPUT 32 "o_retire_rd_wdata";
    .port_info 20 /OUTPUT 32 "o_retire_dmem_addr";
    .port_info 21 /OUTPUT 1 "o_retire_dmem_ren";
    .port_info 22 /OUTPUT 1 "o_retire_dmem_wen";
    .port_info 23 /OUTPUT 4 "o_retire_dmem_mask";
    .port_info 24 /OUTPUT 32 "o_retire_dmem_wdata";
    .port_info 25 /OUTPUT 32 "o_retire_dmem_rdata";
    .port_info 26 /OUTPUT 32 "o_retire_pc";
    .port_info 27 /OUTPUT 32 "o_retire_next_pc";
P_0xa364380 .param/l "RESET_ADDR" 0 3 6, C4<00000000000000000000000000000000>;
L_0xa547d20 .functor OR 1, L_0xa547b50, L_0xa547bf0, C4<0>, C4<0>;
L_0xa547e30 .functor OR 1, L_0xa547d20, L_0xa547d90, C4<0>, C4<0>;
L_0xa547fe0 .functor OR 1, L_0xa547e30, L_0xa547f40, C4<0>, C4<0>;
L_0xa549120 .functor AND 1, L_0xa549b80, L_0xa547fe0, C4<1>, C4<1>;
L_0xa549f00 .functor AND 1, L_0xa549e60, L_0xa547fe0, C4<1>, C4<1>;
v0xa433390_0 .net *"_ivl_1", 0 0, L_0xa547b50;  1 drivers
L_0x7f41eb9c67c0 .functor BUFT 1, C4<00000000000000000000000000000000>, C4<0>, C4<0>, C4<0>;
v0xa433490_0 .net/2u *"_ivl_100", 31 0, L_0x7f41eb9c67c0;  1 drivers
v0xa433570_0 .net *"_ivl_105", 0 0, L_0xa54b020;  1 drivers
L_0x7f41eb9c6808 .functor BUFT 1, C4<0>, C4<0>, C4<0>, C4<0>;
v0xa433610_0 .net/2u *"_ivl_106", 0 0, L_0x7f41eb9c6808;  1 drivers
v0xa4336f0_0 .net *"_ivl_11", 0 0, L_0xa547f40;  1 drivers
v0xa4337d0_0 .net *"_ivl_111", 0 0, L_0xa54b280;  1 drivers
L_0x7f41eb9c6850 .functor BUFT 1, C4<0>, C4<0>, C4<0>, C4<0>;
v0xa433890_0 .net/2u *"_ivl_112", 0 0, L_0x7f41eb9c6850;  1 drivers
v0xa433970_0 .net *"_ivl_117", 0 0, L_0xa54b4f0;  1 drivers
L_0x7f41eb9c6898 .functor BUFT 1, C4<0000>, C4<0>, C4<0>, C4<0>;
v0xa433a30_0 .net/2u *"_ivl_118", 3 0, L_0x7f41eb9c6898;  1 drivers
v0xa433b10_0 .net *"_ivl_123", 0 0, L_0xa54b770;  1 drivers
L_0x7f41eb9c68e0 .functor BUFT 1, C4<00000000000000000000000000000000>, C4<0>, C4<0>, C4<0>;
v0xa433bd0_0 .net/2u *"_ivl_124", 31 0, L_0x7f41eb9c68e0;  1 drivers
v0xa433cb0_0 .net *"_ivl_129", 0 0, L_0xa54ba00;  1 drivers
L_0x7f41eb9c6928 .functor BUFT 1, C4<00000000000000000000000000000000>, C4<0>, C4<0>, C4<0>;
v0xa433d70_0 .net/2u *"_ivl_130", 31 0, L_0x7f41eb9c6928;  1 drivers
v0xa433e50_0 .net *"_ivl_15", 0 0, L_0xa5480f0;  1 drivers
L_0x7f41eb9c63d0 .functor BUFT 1, C4<1>, C4<0>, C4<0>, C4<0>;
v0xa433f10_0 .net/2u *"_ivl_16", 0 0, L_0x7f41eb9c63d0;  1 drivers
L_0x7f41eb9c6418 .functor BUFT 1, C4<0>, C4<0>, C4<0>, C4<0>;
v0xa433ff0_0 .net/2u *"_ivl_18", 0 0, L_0x7f41eb9c6418;  1 drivers
v0xa4340d0_0 .net *"_ivl_23", 0 0, L_0xa548ae0;  1 drivers
L_0x7f41eb9c6460 .functor BUFT 1, C4<00000000000000000000000000000000>, C4<0>, C4<0>, C4<0>;
v0xa4342a0_0 .net/2u *"_ivl_24", 31 0, L_0x7f41eb9c6460;  1 drivers
v0xa434380_0 .net *"_ivl_29", 0 0, L_0xa548da0;  1 drivers
v0xa434440_0 .net *"_ivl_3", 0 0, L_0xa547bf0;  1 drivers
L_0x7f41eb9c64a8 .functor BUFT 1, C4<0>, C4<0>, C4<0>, C4<0>;
v0xa434520_0 .net/2u *"_ivl_30", 0 0, L_0x7f41eb9c64a8;  1 drivers
v0xa434600_0 .net *"_ivl_35", 0 0, L_0xa548fe0;  1 drivers
L_0x7f41eb9c64f0 .functor BUFT 1, C4<0>, C4<0>, C4<0>, C4<0>;
v0xa4346c0_0 .net/2u *"_ivl_36", 0 0, L_0x7f41eb9c64f0;  1 drivers
v0xa4347a0_0 .net *"_ivl_4", 0 0, L_0xa547d20;  1 drivers
v0xa434880_0 .net *"_ivl_41", 0 0, L_0xa549280;  1 drivers
L_0x7f41eb9c6538 .functor BUFT 1, C4<00000000000000000000000000000000>, C4<0>, C4<0>, C4<0>;
v0xa434940_0 .net/2u *"_ivl_42", 31 0, L_0x7f41eb9c6538;  1 drivers
v0xa434a20_0 .net *"_ivl_47", 0 0, L_0xa549530;  1 drivers
L_0x7f41eb9c6580 .functor BUFT 1, C4<00000000000000000000000000000000>, C4<0>, C4<0>, C4<0>;
v0xa434ae0_0 .net/2u *"_ivl_48", 31 0, L_0x7f41eb9c6580;  1 drivers
v0xa434bc0_0 .net *"_ivl_53", 0 0, L_0xa549900;  1 drivers
L_0x7f41eb9c65c8 .functor BUFT 1, C4<00000000000000000000000000000000>, C4<0>, C4<0>, C4<0>;
v0xa434c80_0 .net/2u *"_ivl_54", 31 0, L_0x7f41eb9c65c8;  1 drivers
v0xa434d60_0 .net *"_ivl_59", 0 0, L_0xa549b80;  1 drivers
v0xa434e20_0 .net *"_ivl_60", 0 0, L_0xa549120;  1 drivers
L_0x7f41eb9c6610 .functor BUFT 1, C4<00000>, C4<0>, C4<0>, C4<0>;
v0xa434f00_0 .net/2u *"_ivl_62", 4 0, L_0x7f41eb9c6610;  1 drivers
v0xa4351f0_0 .net *"_ivl_67", 0 0, L_0xa549e60;  1 drivers
v0xa4352b0_0 .net *"_ivl_68", 0 0, L_0xa549f00;  1 drivers
v0xa435390_0 .net *"_ivl_7", 0 0, L_0xa547d90;  1 drivers
L_0x7f41eb9c6658 .functor BUFT 1, C4<00000000000000000000000000000000>, C4<0>, C4<0>, C4<0>;
v0xa435470_0 .net/2u *"_ivl_70", 31 0, L_0x7f41eb9c6658;  1 drivers
v0xa435550_0 .net *"_ivl_75", 0 0, L_0xa54a230;  1 drivers
L_0x7f41eb9c66a0 .functor BUFT 1, C4<00000>, C4<0>, C4<0>, C4<0>;
v0xa435610_0 .net/2u *"_ivl_76", 4 0, L_0x7f41eb9c66a0;  1 drivers
v0xa4356f0_0 .net *"_ivl_8", 0 0, L_0xa547e30;  1 drivers
v0xa4357d0_0 .net *"_ivl_81", 0 0, L_0xa54a490;  1 drivers
L_0x7f41eb9c66e8 .functor BUFT 1, C4<00000>, C4<0>, C4<0>, C4<0>;
v0xa435890_0 .net/2u *"_ivl_82", 4 0, L_0x7f41eb9c66e8;  1 drivers
v0xa435970_0 .net *"_ivl_87", 0 0, L_0xa54a700;  1 drivers
L_0x7f41eb9c6730 .functor BUFT 1, C4<00000000000000000000000000000000>, C4<0>, C4<0>, C4<0>;
v0xa435a30_0 .net/2u *"_ivl_88", 31 0, L_0x7f41eb9c6730;  1 drivers
v0xa435b10_0 .net *"_ivl_93", 0 0, L_0xa54a980;  1 drivers
L_0x7f41eb9c6778 .functor BUFT 1, C4<00000000000000000000000000000000>, C4<0>, C4<0>, C4<0>;
v0xa435bd0_0 .net/2u *"_ivl_94", 31 0, L_0x7f41eb9c6778;  1 drivers
v0xa435cb0_0 .net *"_ivl_99", 0 0, L_0xa54abc0;  1 drivers
v0xa435d70_0 .net "exe_alu_arith_sel", 0 0, v0xa3beca0_0;  1 drivers
v0xa435e10_0 .net "exe_alu_input_sel", 0 0, v0xa3bed60_0;  1 drivers
v0xa435eb0_0 .net "exe_alu_op_sel", 2 0, v0xa3bee20_0;  1 drivers
v0xa435f70_0 .net "exe_alu_result", 31 0, L_0xa50f4c0;  1 drivers
v0xa436030_0 .net "exe_alu_sign_sel", 0 0, v0xa3beee0_0;  1 drivers
v0xa436160_0 .net "exe_alu_sub_sel", 0 0, v0xa3befa0_0;  1 drivers
v0xa436200_0 .net "exe_dmem_rd_en", 0 0, L_0xa494e00;  1 drivers
v0xa4362a0_0 .net "exe_dmem_wr_en", 0 0, L_0xa495010;  1 drivers
v0xa436340_0 .net "exe_funct3", 2 0, v0xa3bf230_0;  1 drivers
v0xa436490_0 .net "exe_funct7", 6 0, L_0xa4954b0;  1 drivers
v0xa436550_0 .net "exe_halt_signal", 0 0, L_0xa495240;  1 drivers
v0xa4365f0_0 .net "exe_imem_raddr", 31 0, L_0xa494400;  1 drivers
v0xa4366e0_0 .net "exe_immed", 31 0, v0xa3c0f70_0;  1 drivers
v0xa436830_0 .net "exe_instr", 31 0, L_0xa494390;  1 drivers
v0xa4368f0_0 .net "exe_instr_format", 5 0, L_0xa4953e0;  1 drivers
v0xa4369b0_0 .net "exe_jump_instr_addr", 31 0, L_0xa535a90;  1 drivers
RS_0x7f41ebece698 .resolv tri, v0xa3c1210_0, L_0xa536de0;
v0xa436a70_0 .net8 "exe_jump_sel", 0 0, RS_0x7f41ebece698;  2 drivers
v0xa436b10_0 .net "exe_jump_type_sel", 0 0, v0xa3c12d0_0;  1 drivers
v0xa437010_0 .net "exe_next_instr_addr", 31 0, L_0xa536fb0;  1 drivers
v0xa4370d0_0 .net "exe_pc", 31 0, v0xa3c2b40_0;  1 drivers
v0xa437220_0 .net "exe_pc_immed", 31 0, L_0xa534a00;  1 drivers
v0xa4372e0_0 .net "exe_pc_plus_4", 31 0, v0xa3c2be0_0;  1 drivers
v0xa4373a0_0 .net "exe_reg_rd_addr", 4 0, v0xa3c2ca0_0;  1 drivers
v0xa4374f0_0 .net "exe_reg_rs1_addr", 4 0, L_0xa4945c0;  1 drivers
v0xa4375b0_0 .net "exe_reg_rs1_data", 31 0, v0xa3c2e60_0;  1 drivers
v0xa437670_0 .net "exe_reg_rs2_addr", 4 0, L_0xa494630;  1 drivers
v0xa437730_0 .net "exe_reg_rs2_data", 31 0, v0xa3c3020_0;  1 drivers
v0xa4377f0_0 .net "exe_reg_wr_en", 0 0, v0xa3c3100_0;  1 drivers
v0xa437920_0 .net "exe_reg_wr_sel", 2 0, L_0xa495120;  1 drivers
v0xa4379e0_0 .net "exe_stall", 0 0, L_0xa495370;  1 drivers
v0xa437ad0_0 .net "exe_trap_signal", 0 0, L_0xa495190;  1 drivers
v0xa437bc0_0 .net "i_clk", 0 0, v0xa43dc90_0;  1 drivers
v0xa437c60_0 .net "i_dmem_rdata", 31 0, v0xa448090_0;  1 drivers
v0xa437d20_0 .net "i_imem_rdata", 31 0, v0xa452730_0;  1 drivers
v0xa437de0_0 .net "i_rst", 0 0, v0xa453440_0;  1 drivers
v0xa437e80_0 .net "id_alu_arith_sel", 0 0, L_0xa48fa80;  1 drivers
v0xa437f20_0 .net "id_alu_input_sel", 0 0, L_0xa48dfa0;  1 drivers
v0xa437fc0_0 .net "id_alu_op_sel", 2 0, L_0xa48e940;  1 drivers
v0xa438060_0 .net "id_alu_sign_sel", 0 0, L_0xa48f9e0;  1 drivers
v0xa438100_0 .net "id_alu_sub_sel", 0 0, L_0xa48f3b0;  1 drivers
v0xa4381a0_0 .net "id_dmem_rd_en", 0 0, L_0xa490560;  1 drivers
v0xa438240_0 .net "id_dmem_wr_en", 0 0, L_0xa4903d0;  1 drivers
v0xa4382e0_0 .net "id_funct3", 2 0, L_0xa48a730;  1 drivers
v0xa4383a0_0 .net "id_funct7", 6 0, L_0xa48a860;  1 drivers
v0xa438460_0 .net "id_halt_signal", 0 0, L_0xa48dc80;  1 drivers
v0xa438500_0 .net "id_imem_raddr", 31 0, L_0xa48a540;  1 drivers
v0xa438610_0 .net "id_immed", 31 0, L_0xa4941e0;  1 drivers
v0xa4386d0_0 .net "id_instr", 31 0, v0xa3c42b0_0;  1 drivers
v0xa438790_0 .net "id_instr_format", 5 0, L_0xa494320;  1 drivers
v0xa438850_0 .net "id_jump_sel", 0 0, L_0xa490240;  1 drivers
v0xa4388f0_0 .net "id_jump_type_sel", 0 0, L_0xa48f760;  1 drivers
v0xa438990_0 .net "id_pc", 31 0, L_0xa48a5b0;  1 drivers
v0xa438aa0_0 .net "id_pc_plus_4", 31 0, L_0xa48a620;  1 drivers
v0xa438bb0_0 .net "id_reg_rd_addr", 4 0, L_0xa48adf0;  1 drivers
v0xa438cc0_0 .net "id_reg_rs1_addr", 4 0, L_0xa48ac80;  1 drivers
v0xa438dd0_0 .net "id_reg_rs1_data", 31 0, L_0xa48b530;  1 drivers
v0xa438e90_0 .net "id_reg_rs2_addr", 4 0, L_0xa48acf0;  1 drivers
v0xa438fa0_0 .net "id_reg_rs2_data", 31 0, L_0xa48bf20;  1 drivers
v0xa439060_0 .net "id_reg_wr_en", 0 0, L_0xa490d60;  1 drivers
v0xa439100_0 .net "id_reg_wr_sel", 2 0, L_0xa4906f0;  1 drivers
v0xa4391c0_0 .net "id_stall", 0 0, L_0xa491960;  1 drivers
v0xa439260_0 .net "id_trap_signal", 0 0, L_0xa48dbe0;  1 drivers
v0xa439300_0 .net "if_instr", 31 0, L_0xa48a3f0;  1 drivers
v0xa439410_0 .net "if_pc", 31 0, L_0xa48a460;  1 drivers
v0xa439520_0 .net "if_pc_plus_4", 31 0, L_0xa479450;  1 drivers
v0xa439670_0 .net "mem_alu_result", 31 0, v0xa367070_0;  1 drivers
v0xa439730_0 .net "mem_dmem_out", 31 0, L_0xa545d90;  1 drivers
v0xa4397f0_0 .net "mem_dmem_rd_en", 0 0, v0xa300d30_0;  1 drivers
v0xa4398e0_0 .net "mem_dmem_wr_en", 0 0, v0x9ecb600_0;  1 drivers
v0xa439980_0 .net "mem_funct3", 2 0, v0x9f8e080_0;  1 drivers
v0xa439a40_0 .net "mem_halt_signal", 0 0, L_0xa537770;  1 drivers
v0xa439b30_0 .net "mem_imem_raddr", 31 0, L_0xa5370e0;  1 drivers
v0xa439c40_0 .net "mem_immed", 31 0, L_0xa537440;  1 drivers
v0xa439d50_0 .net "mem_instr", 31 0, L_0xa536870;  1 drivers
v0xa439e60_0 .net "mem_instr_format", 5 0, L_0xa537a70;  1 drivers
v0xa439f70_0 .net "mem_next_instr_addr", 31 0, L_0xa537ae0;  1 drivers
v0xa43a080_0 .net "mem_pc", 31 0, L_0xa537150;  1 drivers
v0xa43a190_0 .net "mem_pc_immed", 31 0, L_0xa537c10;  1 drivers
v0xa43a2a0_0 .net "mem_reg_rd_addr", 4 0, v0x9d75d80_0;  1 drivers
v0xa43a3f0_0 .net "mem_reg_rs1_addr", 4 0, L_0xa537230;  1 drivers
v0xa43a4b0_0 .net "mem_reg_rs1_data", 31 0, L_0xa537310;  1 drivers
v0xa43a5c0_0 .net "mem_reg_rs2_addr", 4 0, L_0xa5372a0;  1 drivers
v0xa43aec0_0 .net "mem_reg_rs2_data", 31 0, v0xa364410_0;  1 drivers
v0xa43aff0_0 .net "mem_reg_wr_en", 0 0, v0x9d05fb0_0;  1 drivers
v0xa43b120_0 .net "mem_reg_wr_sel", 2 0, L_0xa537620;  1 drivers
v0xa43b1c0_0 .net "mem_stall", 0 0, v0x9d38060_0;  1 drivers
v0xa43b260_0 .net "mem_trap_signal", 0 0, L_0xa537690;  1 drivers
v0xa43b300_0 .net "o_dmem_addr", 31 0, L_0xa53ef20;  alias, 1 drivers
v0xa43b3f0_0 .net "o_dmem_mask", 3 0, L_0xa539ce0;  alias, 1 drivers
v0xa43b4e0_0 .net "o_dmem_ren", 0 0, L_0xa53a890;  alias, 1 drivers
v0xa43b5d0_0 .net "o_dmem_wdata", 31 0, L_0xa54bcf0;  alias, 1 drivers
v0xa43b670_0 .net "o_dmem_wen", 0 0, L_0xa53ed80;  alias, 1 drivers
v0xa43b760_0 .net "o_imem_raddr", 31 0, L_0xa4745a0;  alias, 1 drivers
v0xa43b850_0 .net "o_retire_dmem_addr", 31 0, L_0xa54ae70;  alias, 1 drivers
v0xa43b8f0_0 .net "o_retire_dmem_mask", 3 0, L_0xa54b590;  alias, 1 drivers
v0xa43b990_0 .net "o_retire_dmem_rdata", 31 0, L_0xa54baa0;  alias, 1 drivers
v0xa43ba30_0 .net "o_retire_dmem_ren", 0 0, L_0xa54b0c0;  alias, 1 drivers
v0xa43bad0_0 .net "o_retire_dmem_wdata", 31 0, L_0xa54b810;  alias, 1 drivers
v0xa43bb70_0 .net "o_retire_dmem_wen", 0 0, L_0xa54b320;  alias, 1 drivers
v0xa43bc10_0 .net "o_retire_halt", 0 0, L_0xa549080;  alias, 1 drivers
v0xa43bcb0_0 .net "o_retire_inst", 31 0, L_0xa548c10;  alias, 1 drivers
v0xa43bd50_0 .net "o_retire_next_pc", 31 0, L_0xa5499a0;  alias, 1 drivers
v0xa43bdf0_0 .net "o_retire_pc", 31 0, L_0xa5496e0;  alias, 1 drivers
v0xa43be90_0 .net "o_retire_rd_waddr", 4 0, L_0xa549cc0;  alias, 1 drivers
v0xa43bf50_0 .net8 "o_retire_rd_wdata", 31 0, RS_0x7f41ebe88938;  alias, 2 drivers
v0xa43c030_0 .net "o_retire_rs1_raddr", 4 0, L_0xa54a2d0;  alias, 1 drivers
v0xa43c110_0 .net "o_retire_rs1_rdata", 31 0, L_0xa54a7a0;  alias, 1 drivers
v0xa43c1f0_0 .net "o_retire_rs2_raddr", 4 0, L_0xa54a530;  alias, 1 drivers
v0xa43c2d0_0 .net "o_retire_rs2_rdata", 31 0, L_0xa54aa20;  alias, 1 drivers
v0xa43c3b0_0 .net "o_retire_trap", 0 0, L_0xa548e40;  alias, 1 drivers
v0xa43c470_0 .net "o_retire_valid", 0 0, L_0xa5489a0;  alias, 1 drivers
v0xa43c530_0 .net "rd_wr", 0 0, L_0xa547fe0;  1 drivers
v0xa43c5f0_0 .net "wr_alu_result", 31 0, v0xa41ce70_0;  1 drivers
v0xa43c700_0 .net "wr_dmem_addr", 31 0, v0xa41cf70_0;  1 drivers
v0xa43c7c0_0 .net "wr_dmem_mask", 3 0, v0xa41d050_0;  1 drivers
v0xa43c860_0 .net "wr_dmem_out", 31 0, v0xa41d140_0;  1 drivers
v0xa43c950_0 .net "wr_dmem_rdata", 31 0, v0xa41d220_0;  1 drivers
v0xa43ca10_0 .net "wr_dmem_ren", 0 0, v0xa41d350_0;  1 drivers
v0xa43cab0_0 .net "wr_dmem_wdata", 31 0, v0xa41d410_0;  1 drivers
v0xa43cb50_0 .net "wr_dmem_wen", 0 0, v0xa41d4f0_0;  1 drivers
v0xa43cbf0_0 .net "wr_halt_signal", 0 0, v0xa41d5b0_0;  1 drivers
v0xa43cc90_0 .net "wr_immed", 31 0, v0xa41ef70_0;  1 drivers
v0xa43cd80_0 .net "wr_instr", 31 0, v0xa41f030_0;  1 drivers
v0xa43ce20_0 .net "wr_instr_format", 5 0, v0xa41f110_0;  1 drivers
v0xa43cec0_0 .net "wr_next_instr_addr", 31 0, v0xa41f1f0_0;  1 drivers
RS_0x7f41ebe83748 .resolv tri, v0xa41eed0_0, v0xa420bd0_0;
v0xa43cfb0_0 .net8 "wr_pc", 31 0, RS_0x7f41ebe83748;  2 drivers
v0xa43d0a0_0 .net "wr_pc_immed", 31 0, v0xa420cb0_0;  1 drivers
v0xa43d190_0 .net "wr_reg_rd_addr", 4 0, v0xa420d90_0;  1 drivers
v0xa43d250_0 .net "wr_reg_rs1_addr", 4 0, v0xa420e70_0;  1 drivers
v0xa43d2f0_0 .net "wr_reg_rs1_data", 31 0, v0xa420f50_0;  1 drivers
v0xa43d390_0 .net "wr_reg_rs2_addr", 4 0, v0xa421030_0;  1 drivers
v0xa43d430_0 .net "wr_reg_rs2_data", 31 0, v0xa421110_0;  1 drivers
v0xa43d4d0_0 .net "wr_reg_wr_data", 31 0, L_0xa547a20;  1 drivers
v0xa43d570_0 .net "wr_reg_wr_en", 0 0, v0xa4211f0_0;  1 drivers
v0xa43d610_0 .net "wr_reg_wr_sel", 2 0, v0xa4212b0_0;  1 drivers
v0xa43d720_0 .net "wr_stall", 0 0, v0xa421390_0;  1 drivers
v0xa43d7c0_0 .net "wr_trap_signal", 0 0, v0xa421450_0;  1 drivers
L_0xa547b50 .part v0xa41f110_0, 0, 1;
L_0xa547bf0 .part v0xa41f110_0, 1, 1;
L_0xa547d90 .part v0xa41f110_0, 4, 1;
L_0xa547f40 .part v0xa41f110_0, 5, 1;
L_0xa5480f0 .reduce/nor v0xa421390_0;
L_0xa5489a0 .functor MUXZ 1, L_0x7f41eb9c6418, L_0x7f41eb9c63d0, L_0xa5480f0, C4<>;
L_0xa548ae0 .reduce/nor v0xa421390_0;
L_0xa548c10 .functor MUXZ 32, L_0x7f41eb9c6460, v0xa41f030_0, L_0xa548ae0, C4<>;
L_0xa548da0 .reduce/nor v0xa421390_0;
L_0xa548e40 .functor MUXZ 1, L_0x7f41eb9c64a8, v0xa421450_0, L_0xa548da0, C4<>;
L_0xa548fe0 .reduce/nor v0xa421390_0;
L_0xa549080 .functor MUXZ 1, L_0x7f41eb9c64f0, v0xa41d5b0_0, L_0xa548fe0, C4<>;
L_0xa549280 .reduce/nor v0xa421390_0;
L_0xa549320 .functor MUXZ 32, L_0x7f41eb9c6538, L_0xa547a20, L_0xa549280, C4<>;
L_0xa549530 .reduce/nor v0xa421390_0;
L_0xa5496e0 .functor MUXZ 32, L_0x7f41eb9c6580, RS_0x7f41ebe83748, L_0xa549530, C4<>;
L_0xa549900 .reduce/nor v0xa421390_0;
L_0xa5499a0 .functor MUXZ 32, L_0x7f41eb9c65c8, v0xa41f1f0_0, L_0xa549900, C4<>;
L_0xa549b80 .reduce/nor v0xa421390_0;
L_0xa549cc0 .functor MUXZ 5, L_0x7f41eb9c6610, v0xa420d90_0, L_0xa549120, C4<>;
L_0xa549e60 .reduce/nor v0xa421390_0;
L_0xa549fc0 .functor MUXZ 32, L_0x7f41eb9c6658, L_0xa547a20, L_0xa549f00, C4<>;
L_0xa54a230 .reduce/nor v0xa421390_0;
L_0xa54a2d0 .functor MUXZ 5, L_0x7f41eb9c66a0, v0xa420e70_0, L_0xa54a230, C4<>;
L_0xa54a490 .reduce/nor v0xa421390_0;
L_0xa54a530 .functor MUXZ 5, L_0x7f41eb9c66e8, v0xa421030_0, L_0xa54a490, C4<>;
L_0xa54a700 .reduce/nor v0xa421390_0;
L_0xa54a7a0 .functor MUXZ 32, L_0x7f41eb9c6730, v0xa420f50_0, L_0xa54a700, C4<>;
L_0xa54a980 .reduce/nor v0xa421390_0;
L_0xa54aa20 .functor MUXZ 32, L_0x7f41eb9c6778, v0xa421110_0, L_0xa54a980, C4<>;
L_0xa54abc0 .reduce/nor v0xa421390_0;
L_0xa54ae70 .functor MUXZ 32, L_0x7f41eb9c67c0, v0xa41cf70_0, L_0xa54abc0, C4<>;
L_0xa54b020 .reduce/nor v0xa421390_0;
L_0xa54b0c0 .functor MUXZ 1, L_0x7f41eb9c6808, v0xa41d350_0, L_0xa54b020, C4<>;
L_0xa54b280 .reduce/nor v0xa421390_0;
L_0xa54b320 .functor MUXZ 1, L_0x7f41eb9c6850, v0xa41d4f0_0, L_0xa54b280, C4<>;
L_0xa54b4f0 .reduce/nor v0xa421390_0;
L_0xa54b590 .functor MUXZ 4, L_0x7f41eb9c6898, v0xa41d050_0, L_0xa54b4f0, C4<>;
L_0xa54b770 .reduce/nor v0xa421390_0;
L_0xa54b810 .functor MUXZ 32, L_0x7f41eb9c68e0, v0xa41d410_0, L_0xa54b770, C4<>;
L_0xa54ba00 .reduce/nor v0xa421390_0;
L_0xa54baa0 .functor MUXZ 32, L_0x7f41eb9c6928, v0xa41d220_0, L_0xa54ba00, C4<>;
S_0x9f05a70 .scope module, "exe_mem_register" "exe_mem_reg" 3 277, 4 3 0, S_0x9ef1840;
 .timescale -9 -12;
    .port_info 0 /INPUT 1 "i_clk";
    .port_info 1 /INPUT 32 "i_instr";
    .port_info 2 /INPUT 32 "i_imem_raddr";
    .port_info 3 /INPUT 32 "i_pc";
    .port_info 4 /INPUT 5 "i_reg_rd_addr";
    .port_info 5 /INPUT 5 "i_reg_rs1_addr";
    .port_info 6 /INPUT 5 "i_reg_rs2_addr";
    .port_info 7 /INPUT 32 "i_reg_rs1_data";
    .port_info 8 /INPUT 32 "i_reg_rs2_data";
    .port_info 9 /INPUT 32 "i_immed";
    .port_info 10 /INPUT 1 "i_dmem_wr_en";
    .port_info 11 /INPUT 1 "i_dmem_rd_en";
    .port_info 12 /INPUT 3 "i_reg_wr_sel";
    .port_info 13 /INPUT 1 "i_reg_wr_en";
    .port_info 14 /INPUT 1 "i_halt_signal";
    .port_info 15 /INPUT 1 "i_trap_signal";
    .port_info 16 /INPUT 1 "i_stall";
    .port_info 17 /INPUT 3 "i_funct3";
    .port_info 18 /INPUT 6 "i_instr_format";
    .port_info 19 /INPUT 32 "i_alu_result";
    .port_info 20 /INPUT 32 "i_pc_immed";
    .port_info 21 /INPUT 32 "i_next_instr_addr";
    .port_info 22 /OUTPUT 32 "o_instr";
    .port_info 23 /OUTPUT 32 "o_imem_raddr";
    .port_info 24 /OUTPUT 32 "o_pc";
    .port_info 25 /OUTPUT 5 "o_reg_rd_addr";
    .port_info 26 /OUTPUT 5 "o_reg_rs1_addr";
    .port_info 27 /OUTPUT 5 "o_reg_rs2_addr";
    .port_info 28 /OUTPUT 32 "o_reg_rs1_data";
    .port_info 29 /OUTPUT 32 "o_reg_rs2_data";
    .port_info 30 /OUTPUT 32 "o_immed";
    .port_info 31 /OUTPUT 1 "o_dmem_wr_en";
    .port_info 32 /OUTPUT 1 "o_dmem_rd_en";
    .port_info 33 /OUTPUT 3 "o_reg_wr_sel";
    .port_info 34 /OUTPUT 1 "o_reg_wr_en";
    .port_info 35 /OUTPUT 1 "o_halt_signal";
    .port_info 36 /OUTPUT 1 "o_trap_signal";
    .port_info 37 /OUTPUT 1 "o_stall";
    .port_info 38 /OUTPUT 3 "o_funct3";
    .port_info 39 /OUTPUT 6 "o_instr_format";
    .port_info 40 /OUTPUT 32 "o_alu_result";
    .port_info 41 /OUTPUT 32 "o_pc_immed";
    .port_info 42 /OUTPUT 32 "o_next_instr_addr";
L_0xa536870 .functor BUFZ 32, v0xa286a90_0, C4<00000000000000000000000000000000>, C4<00000000000000000000000000000000>, C4<00000000000000000000000000000000>;
L_0xa5370e0 .functor BUFZ 32, v0xa243340_0, C4<00000000000000000000000000000000>, C4<00000000000000000000000000000000>, C4<00000000000000000000000000000000>;
L_0xa537150 .functor BUFZ 32, v0xa00d1c0_0, C4<00000000000000000000000000000000>, C4<00000000000000000000000000000000>, C4<00000000000000000000000000000000>;
L_0xa537230 .functor BUFZ 5, v0x9e14450_0, C4<00000>, C4<00000>, C4<00000>;
L_0xa5372a0 .functor BUFZ 5, v0x9e06520_0, C4<00000>, C4<00000>, C4<00000>;
L_0xa537310 .functor BUFZ 32, v0x9e20c80_0, C4<00000000000000000000000000000000>, C4<00000000000000000000000000000000>, C4<00000000000000000000000000000000>;
L_0xa537440 .functor BUFZ 32, v0xa272860_0, C4<00000000000000000000000000000000>, C4<00000000000000000000000000000000>, C4<00000000000000000000000000000000>;
L_0xa537620 .functor BUFZ 3, v0x9d3da00_0, C4<000>, C4<000>, C4<000>;
L_0xa537770 .functor BUFZ 1, v0x9f7f520_0, C4<0>, C4<0>, C4<0>;
L_0xa537690 .functor BUFZ 1, v0xa2af550_0, C4<0>, C4<0>, C4<0>;
L_0xa537a70 .functor BUFZ 6, v0xa29acc0_0, C4<000000>, C4<000000>, C4<000000>;
L_0xa537c10 .functor BUFZ 32, v0xa03c5d0_0, C4<00000000000000000000000000000000>, C4<00000000000000000000000000000000>, C4<00000000000000000000000000000000>;
L_0xa537ae0 .functor BUFZ 32, v0xa116c00_0, C4<00000000000000000000000000000000>, C4<00000000000000000000000000000000>, C4<00000000000000000000000000000000>;
v0xa367070_0 .var "alu_result", 31 0;
v0xa300d30_0 .var "dmem_rd_en", 0 0;
v0x9ecb600_0 .var "dmem_wr_en", 0 0;
v0x9f8e080_0 .var "funct3", 2 0;
v0x9f7f520_0 .var "halt_signal", 0 0;
v0x9fbe6a0_0 .net "i_alu_result", 31 0, L_0xa50f4c0;  alias, 1 drivers
v0xa2ee930_0 .net "i_clk", 0 0, v0xa43dc90_0;  alias, 1 drivers
v0xa347f30_0 .net "i_dmem_rd_en", 0 0, L_0xa494e00;  alias, 1 drivers
v0x9f7d4c0_0 .net "i_dmem_wr_en", 0 0, L_0xa495010;  alias, 1 drivers
v0xa2f90a0_0 .net "i_funct3", 2 0, v0xa3bf230_0;  alias, 1 drivers
v0xa2b13b0_0 .net "i_halt_signal", 0 0, L_0xa495240;  alias, 1 drivers
v0xa365ba0_0 .net "i_imem_raddr", 31 0, L_0xa494400;  alias, 1 drivers
v0xa369250_0 .net "i_immed", 31 0, v0xa3c0f70_0;  alias, 1 drivers
v0xa369570_0 .net "i_instr", 31 0, L_0xa494390;  alias, 1 drivers
v0xa369730_0 .net "i_instr_format", 5 0, L_0xa4953e0;  alias, 1 drivers
v0x9f78890_0 .net "i_next_instr_addr", 31 0, L_0xa536fb0;  alias, 1 drivers
v0x9f7e040_0 .net "i_pc", 31 0, v0xa3c2b40_0;  alias, 1 drivers
v0x9ef0d50_0 .net "i_pc_immed", 31 0, L_0xa534a00;  alias, 1 drivers
v0x9f04f80_0 .net "i_reg_rd_addr", 4 0, v0xa3c2ca0_0;  alias, 1 drivers
v0x9f191b0_0 .net "i_reg_rs1_addr", 4 0, L_0xa4945c0;  alias, 1 drivers
v0x9f485c0_0 .net "i_reg_rs1_data", 31 0, v0xa3c2e60_0;  alias, 1 drivers
v0x9f5c7f0_0 .net "i_reg_rs2_addr", 4 0, L_0xa494630;  alias, 1 drivers
v0x9f70a20_0 .net "i_reg_rs2_data", 31 0, v0xa3c3020_0;  alias, 1 drivers
v0xa2a2b30_0 .net "i_reg_wr_en", 0 0, v0xa3c3100_0;  alias, 1 drivers
v0xa11ea70_0 .net "i_reg_wr_sel", 2 0, L_0xa495120;  alias, 1 drivers
v0xa21aee0_0 .net "i_stall", 0 0, L_0xa495370;  alias, 1 drivers
v0xa22f110_0 .net "i_trap_signal", 0 0, L_0xa495190;  alias, 1 drivers
v0xa243340_0 .var "imem_raddr", 31 0;
v0xa272860_0 .var "immed", 31 0;
v0xa286a90_0 .var "instr", 31 0;
v0xa29acc0_0 .var "instr_format", 5 0;
v0xa116c00_0 .var "next_instr_addr", 31 0;
v0xa1e7280_0 .net "o_alu_result", 31 0, v0xa367070_0;  alias, 1 drivers
v0xa1ebb20_0 .net "o_dmem_rd_en", 0 0, v0xa300d30_0;  alias, 1 drivers
v0xa096f30_0 .net "o_dmem_wr_en", 0 0, v0x9ecb600_0;  alias, 1 drivers
v0xa0ab160_0 .net "o_funct3", 2 0, v0x9f8e080_0;  alias, 1 drivers
v0xa0bf390_0 .net "o_halt_signal", 0 0, L_0xa537770;  alias, 1 drivers
v0xa0ee7a0_0 .net "o_imem_raddr", 31 0, L_0xa5370e0;  alias, 1 drivers
v0xa1029d0_0 .net "o_immed", 31 0, L_0xa537440;  alias, 1 drivers
v0xa1df410_0 .net "o_instr", 31 0, L_0xa536870;  alias, 1 drivers
v0xa064a30_0 .net "o_instr_format", 5 0, L_0xa537a70;  alias, 1 drivers
v0xa06c8a0_0 .net "o_next_instr_addr", 31 0, L_0xa537ae0;  alias, 1 drivers
v0xa15f740_0 .net "o_pc", 31 0, L_0xa537150;  alias, 1 drivers
v0xa173970_0 .net "o_pc_immed", 31 0, L_0xa537c10;  alias, 1 drivers
v0xa187ba0_0 .net "o_reg_rd_addr", 4 0, v0x9d75d80_0;  alias, 1 drivers
v0xa1b6fb0_0 .net "o_reg_rs1_addr", 4 0, L_0xa537230;  alias, 1 drivers
v0xa1cb1e0_0 .net "o_reg_rs1_data", 31 0, L_0xa537310;  alias, 1 drivers
v0xa050800_0 .net "o_reg_rs2_addr", 4 0, L_0xa5372a0;  alias, 1 drivers
v0x9d1ea40_0 .net "o_reg_rs2_data", 31 0, v0xa364410_0;  alias, 1 drivers
v0x9dea220_0 .net "o_reg_wr_en", 0 0, v0x9d05fb0_0;  alias, 1 drivers
v0xa2aeae0_0 .net "o_reg_wr_sel", 2 0, L_0xa537620;  alias, 1 drivers
v0x9fe4d60_0 .net "o_stall", 0 0, v0x9d38060_0;  alias, 1 drivers
v0x9ff8f90_0 .net "o_trap_signal", 0 0, L_0xa537690;  alias, 1 drivers
v0xa00d1c0_0 .var "pc", 31 0;
v0xa03c5d0_0 .var "pc_immed", 31 0;
v0x9d75d80_0 .var "reg_rd_addr", 4 0;
v0x9e14450_0 .var "reg_rs1_addr", 4 0;
v0x9e20c80_0 .var "reg_rs1_data", 31 0;
v0x9e06520_0 .var "reg_rs2_addr", 4 0;
v0xa364410_0 .var "reg_rs2_data", 31 0;
v0x9d05fb0_0 .var "reg_wr_en", 0 0;
v0x9d3da00_0 .var "reg_wr_sel", 2 0;
v0x9d38060_0 .var "stall", 0 0;
v0xa2af550_0 .var "trap_signal", 0 0;
E_0x9d2f2b0 .event posedge, v0xa2ee930_0;
S_0x9f19ca0 .scope module, "execution" "exe" 3 230, 5 3 0, S_0x9ef1840;
 .timescale -9 -12;
    .port_info 0 /INPUT 1 "i_clk";
    .port_info 1 /INPUT 1 "i_rst";
    .port_info 2 /INPUT 1 "i_alu_input_sel";
    .port_info 3 /INPUT 3 "i_alu_op_sel";
    .port_info 4 /INPUT 1 "i_alu_sub_sel";
    .port_info 5 /INPUT 1 "i_alu_sign_sel";
    .port_info 6 /INPUT 1 "i_alu_arith_sel";
    .port_info 7 /INPUT 1 "i_jump_type_sel";
    .port_info 8 /INPUT 1 "i_jump_sel";
    .port_info 9 /INPUT 3 "i_funct3";
    .port_info 10 /INPUT 32 "i_reg_rs1_data";
    .port_info 11 /INPUT 32 "i_reg_rs2_data";
    .port_info 12 /INPUT 32 "i_immed";
    .port_info 13 /INPUT 32 "i_instr";
    .port_info 14 /INPUT 32 "i_pc";
    .port_info 15 /INPUT 32 "i_pc_plus_4";
    .port_info 16 /OUTPUT 32 "o_alu_result";
    .port_info 17 /OUTPUT 32 "o_pc_immed";
    .port_info 18 /OUTPUT 32 "o_jump_addr";
    .port_info 19 /OUTPUT 1 "o_jump_sel";
    .port_info 20 /OUTPUT 32 "o_next_instr_addr";
L_0xa495600 .functor BUFZ 32, v0xa3c2e60_0, C4<00000000000000000000000000000000>, C4<00000000000000000000000000000000>, C4<00000000000000000000000000000000>;
v0xa3bc850_0 .net *"_ivl_10", 31 0, L_0xa535950;  1 drivers
v0xa3bc950_0 .net *"_ivl_7", 30 0, L_0xa5358b0;  1 drivers
L_0x7f41eb9c53c8 .functor BUFT 1, C4<0>, C4<0>, C4<0>, C4<0>;
v0xa3bca30_0 .net/2u *"_ivl_8", 0 0, L_0x7f41eb9c53c8;  1 drivers
v0xa3bcb20_0 .net "alu_input_1", 31 0, L_0xa495600;  1 drivers
v0xa3bcbe0_0 .net "alu_input_2", 31 0, L_0xa495670;  1 drivers
v0xa3bccf0_0 .net "equal", 0 0, L_0xa50dfa0;  1 drivers
v0xa3bcde0_0 .net "i_alu_arith_sel", 0 0, v0xa3beca0_0;  alias, 1 drivers
v0xa3bced0_0 .net "i_alu_input_sel", 0 0, v0xa3bed60_0;  alias, 1 drivers
v0xa3bcf90_0 .net "i_alu_op_sel", 2 0, v0xa3bee20_0;  alias, 1 drivers
v0xa3bd050_0 .net "i_alu_sign_sel", 0 0, v0xa3beee0_0;  alias, 1 drivers
v0xa3bd0f0_0 .net "i_alu_sub_sel", 0 0, v0xa3befa0_0;  alias, 1 drivers
v0xa3bd190_0 .net "i_clk", 0 0, v0xa43dc90_0;  alias, 1 drivers
v0xa3bd230_0 .net "i_funct3", 2 0, v0xa3bf230_0;  alias, 1 drivers
v0xa3bd320_0 .net "i_immed", 31 0, v0xa3c0f70_0;  alias, 1 drivers
v0xa3bd410_0 .net "i_instr", 31 0, L_0xa494390;  alias, 1 drivers
v0xa3bd4d0_0 .net8 "i_jump_sel", 0 0, RS_0x7f41ebece698;  alias, 2 drivers
v0xa3bd5c0_0 .net "i_jump_type_sel", 0 0, v0xa3c12d0_0;  alias, 1 drivers
v0xa3bd770_0 .net "i_pc", 31 0, v0xa3c2b40_0;  alias, 1 drivers
v0xa3bd880_0 .net "i_pc_plus_4", 31 0, v0xa3c2be0_0;  alias, 1 drivers
v0xa3bd940_0 .net "i_reg_rs1_data", 31 0, v0xa3c2e60_0;  alias, 1 drivers
v0xa3bd9e0_0 .net "i_reg_rs2_data", 31 0, v0xa3c3020_0;  alias, 1 drivers
v0xa3bda80_0 .net "i_rst", 0 0, v0xa453440_0;  alias, 1 drivers
v0xa3bdb20_0 .net "less_than", 0 0, L_0xa50e0d0;  1 drivers
v0xa3bdc10_0 .net "o_alu_result", 31 0, L_0xa50f4c0;  alias, 1 drivers
v0xa3bdd20_0 .net "o_jump_addr", 31 0, L_0xa535a90;  alias, 1 drivers
v0xa3bdde0_0 .net8 "o_jump_sel", 0 0, RS_0x7f41ebece698;  alias, 2 drivers
v0xa3bde80_0 .net "o_next_instr_addr", 31 0, L_0xa536fb0;  alias, 1 drivers
v0xa3bdf70_0 .net "o_pc_immed", 31 0, L_0xa534a00;  alias, 1 drivers
L_0xa495670 .functor MUXZ 32, v0xa3c3020_0, v0xa3c0f70_0, v0xa3bed60_0, C4<>;
L_0xa5358b0 .part L_0xa50f4c0, 1, 31;
L_0xa535950 .concat [ 1 31 0 0], L_0x7f41eb9c53c8, L_0xa5358b0;
L_0xa535a90 .functor MUXZ 32, L_0xa534a00, L_0xa535950, v0xa3c12d0_0, C4<>;
S_0x9f490b0 .scope module, "ALU" "alu" 5 43, 6 8 0, S_0x9f19ca0;
 .timescale -9 -12;
    .port_info 0 /INPUT 3 "i_opsel";
    .port_info 1 /INPUT 1 "i_sub";
    .port_info 2 /INPUT 1 "i_unsigned";
    .port_info 3 /INPUT 1 "i_arith";
    .port_info 4 /INPUT 32 "i_op1";
    .port_info 5 /INPUT 32 "i_op2";
    .port_info 6 /OUTPUT 32 "o_result";
    .port_info 7 /OUTPUT 1 "o_eq";
    .port_info 8 /OUTPUT 1 "o_slt";
L_0x7f41eb9c4d08 .functor BUFT 1, C4<11111111111111111111111111111111>, C4<0>, C4<0>, C4<0>;
L_0xa4bbce0 .functor XOR 32, L_0xa495670, L_0x7f41eb9c4d08, C4<00000000000000000000000000000000>, C4<00000000000000000000000000000000>;
L_0xa50ddb0 .functor XOR 32, L_0xa495600, L_0xa495670, C4<00000000000000000000000000000000>, C4<00000000000000000000000000000000>;
L_0xa50de20 .functor OR 32, L_0xa495600, L_0xa495670, C4<00000000000000000000000000000000>, C4<00000000000000000000000000000000>;
L_0xa50de90 .functor AND 32, L_0xa495600, L_0xa495670, C4<11111111111111111111111111111111>, C4<11111111111111111111111111111111>;
L_0xa50e0d0 .functor BUFZ 1, L_0xa50dc20, C4<0>, C4<0>, C4<0>;
v0xa391f30_0 .net/2u *"_ivl_2", 31 0, L_0x7f41eb9c4d08;  1 drivers
L_0x7f41eb9c50f8 .functor BUFT 1, C4<000>, C4<0>, C4<0>, C4<0>;
v0xa391fd0_0 .net/2u *"_ivl_24", 2 0, L_0x7f41eb9c50f8;  1 drivers
v0xa392070_0 .net *"_ivl_26", 0 0, L_0xa50e140;  1 drivers
L_0x7f41eb9c5140 .functor BUFT 1, C4<001>, C4<0>, C4<0>, C4<0>;
v0xa392110_0 .net/2u *"_ivl_28", 2 0, L_0x7f41eb9c5140;  1 drivers
v0xa3921b0_0 .net *"_ivl_30", 0 0, L_0xa50e1e0;  1 drivers
L_0x7f41eb9c5188 .functor BUFT 1, C4<010>, C4<0>, C4<0>, C4<0>;
v0xa392250_0 .net/2u *"_ivl_32", 2 0, L_0x7f41eb9c5188;  1 drivers
v0xa3922f0_0 .net *"_ivl_34", 0 0, L_0xa50e2d0;  1 drivers
L_0x7f41eb9c51d0 .functor BUFT 1, C4<0000000000000000000000000000000>, C4<0>, C4<0>, C4<0>;
v0xa392390_0 .net/2u *"_ivl_36", 30 0, L_0x7f41eb9c51d0;  1 drivers
v0xa392430_0 .net *"_ivl_38", 31 0, L_0xa50e4d0;  1 drivers
L_0x7f41eb9c5218 .functor BUFT 1, C4<011>, C4<0>, C4<0>, C4<0>;
v0xa3924d0_0 .net/2u *"_ivl_40", 2 0, L_0x7f41eb9c5218;  1 drivers
v0xa392570_0 .net *"_ivl_42", 0 0, L_0xa50e5c0;  1 drivers
L_0x7f41eb9c5260 .functor BUFT 1, C4<0000000000000000000000000000000>, C4<0>, C4<0>, C4<0>;
v0xa392610_0 .net/2u *"_ivl_44", 30 0, L_0x7f41eb9c5260;  1 drivers
v0xa3926b0_0 .net *"_ivl_46", 31 0, L_0xa50e6b0;  1 drivers
L_0x7f41eb9c52a8 .functor BUFT 1, C4<100>, C4<0>, C4<0>, C4<0>;
v0xa392750_0 .net/2u *"_ivl_48", 2 0, L_0x7f41eb9c52a8;  1 drivers
v0xa3927f0_0 .net *"_ivl_50", 0 0, L_0xa50e7a0;  1 drivers
L_0x7f41eb9c52f0 .functor BUFT 1, C4<101>, C4<0>, C4<0>, C4<0>;
v0xa392890_0 .net/2u *"_ivl_52", 2 0, L_0x7f41eb9c52f0;  1 drivers
v0xa392930_0 .net *"_ivl_54", 0 0, L_0xa50e840;  1 drivers
L_0x7f41eb9c5338 .functor BUFT 1, C4<110>, C4<0>, C4<0>, C4<0>;
v0xa392ae0_0 .net/2u *"_ivl_56", 2 0, L_0x7f41eb9c5338;  1 drivers
v0xa392b80_0 .net *"_ivl_58", 0 0, L_0xa50e9a0;  1 drivers
v0xa392c20_0 .net *"_ivl_60", 31 0, L_0xa50ea90;  1 drivers
v0xa392cc0_0 .net *"_ivl_62", 31 0, L_0xa50ec20;  1 drivers
v0xa392d60_0 .net *"_ivl_64", 31 0, L_0xa50ed60;  1 drivers
v0xa392e00_0 .net *"_ivl_66", 31 0, L_0xa50ef80;  1 drivers
v0xa392ea0_0 .net *"_ivl_68", 31 0, L_0xa50f110;  1 drivers
v0xa392f40_0 .net *"_ivl_70", 31 0, L_0xa50f2f0;  1 drivers
v0xa392fe0_0 .net "add", 31 0, L_0xa4bad90;  1 drivers
v0xa393080_0 .net "add_sub", 31 0, L_0xa50df00;  1 drivers
v0xa393120_0 .net "i_arith", 0 0, v0xa3beca0_0;  alias, 1 drivers
v0xa3931c0_0 .net "i_op1", 31 0, L_0xa495600;  alias, 1 drivers
v0xa393260_0 .net "i_op2", 31 0, L_0xa495670;  alias, 1 drivers
v0xa393300_0 .net "i_opsel", 2 0, v0xa3bee20_0;  alias, 1 drivers
v0xa3933a0_0 .net "i_sub", 0 0, v0xa3befa0_0;  alias, 1 drivers
v0xa393440_0 .net "i_unsigned", 0 0, v0xa3beee0_0;  alias, 1 drivers
v0xa3936f0_0 .net "o_eq", 0 0, L_0xa50dfa0;  alias, 1 drivers
v0xa393790_0 .net "o_result", 31 0, L_0xa50f4c0;  alias, 1 drivers
v0xa393830_0 .net "o_slt", 0 0, L_0xa50e0d0;  alias, 1 drivers
v0xa3938d0_0 .net "shift", 31 0, L_0xa4e7230;  1 drivers
v0xa393970_0 .net "slt", 0 0, L_0xa50dc20;  1 drivers
v0xa393a10_0 .net "sub", 31 0, L_0xa4e1500;  1 drivers
v0xa393ab0_0 .net "sub_op2", 31 0, L_0xa4bbce0;  1 drivers
v0xa393b50_0 .net "val_and", 31 0, L_0xa50de90;  1 drivers
v0xa393bf0_0 .net "val_or", 31 0, L_0xa50de20;  1 drivers
v0xa393c90_0 .net "val_xor", 31 0, L_0xa50ddb0;  1 drivers
L_0xa4e73c0 .part L_0xa495670, 0, 5;
L_0xa4e7670 .part v0xa3bee20_0, 2, 1;
L_0xa50df00 .functor MUXZ 32, L_0xa4bad90, L_0xa4e1500, v0xa3befa0_0, C4<>;
L_0xa50dfa0 .reduce/nor L_0xa4e1500;
L_0xa50e140 .cmp/eq 3, v0xa3bee20_0, L_0x7f41eb9c50f8;
L_0xa50e1e0 .cmp/eq 3, v0xa3bee20_0, L_0x7f41eb9c5140;
L_0xa50e2d0 .cmp/eq 3, v0xa3bee20_0, L_0x7f41eb9c5188;
L_0xa50e4d0 .concat [ 1 31 0 0], L_0xa50dc20, L_0x7f41eb9c51d0;
L_0xa50e5c0 .cmp/eq 3, v0xa3bee20_0, L_0x7f41eb9c5218;
L_0xa50e6b0 .concat [ 1 31 0 0], L_0xa50dc20, L_0x7f41eb9c5260;
L_0xa50e7a0 .cmp/eq 3, v0xa3bee20_0, L_0x7f41eb9c52a8;
L_0xa50e840 .cmp/eq 3, v0xa3bee20_0, L_0x7f41eb9c52f0;
L_0xa50e9a0 .cmp/eq 3, v0xa3bee20_0, L_0x7f41eb9c5338;
L_0xa50ea90 .functor MUXZ 32, L_0xa50de90, L_0xa50de20, L_0xa50e9a0, C4<>;
L_0xa50ec20 .functor MUXZ 32, L_0xa50ea90, L_0xa4e7230, L_0xa50e840, C4<>;
L_0xa50ed60 .functor MUXZ 32, L_0xa50ec20, L_0xa50ddb0, L_0xa50e7a0, C4<>;
L_0xa50ef80 .functor MUXZ 32, L_0xa50ed60, L_0xa50e6b0, L_0xa50e5c0, C4<>;
L_0xa50f110 .functor MUXZ 32, L_0xa50ef80, L_0xa50e4d0, L_0xa50e2d0, C4<>;
L_0xa50f2f0 .functor MUXZ 32, L_0xa50f110, L_0xa4e7230, L_0xa50e1e0, C4<>;
L_0xa50f4c0 .functor MUXZ 32, L_0xa50f2f0, L_0xa50df00, L_0xa50e140, C4<>;
S_0x9f5d2e0 .scope module, "adder" "add_pg_32" 6 56, 7 3 0, S_0x9f490b0;
 .timescale -9 -12;
    .port_info 0 /INPUT 32 "val1";
    .port_info 1 /INPUT 32 "val2";
    .port_info 2 /INPUT 1 "carry_in";
    .port_info 3 /OUTPUT 32 "val_out";
    .port_info 4 /OUTPUT 1 "carry_out";
    .port_info 5 /OUTPUT 1 "prop_out";
    .port_info 6 /OUTPUT 1 "gen_out";
L_0x7f41eb9c4cc0 .functor BUFT 1, C4<0>, C4<0>, C4<0>, C4<0>;
L_0xa4a83e0 .functor AND 1, L_0x7f41eb9c4cc0, L_0xa4a8340, C4<1>, C4<1>;
L_0xa4a84a0 .functor OR 1, L_0xa4a82a0, L_0xa4a83e0, C4<0>, C4<0>;
L_0xa4bb420 .functor AND 1, L_0xa4bb490, L_0xa4bb530, C4<1>, C4<1>;
L_0xa4bb670 .functor OR 1, L_0xa4bb380, L_0xa4bb420, C4<0>, C4<0>;
L_0xa4bb910 .functor AND 1, L_0xa4bba40, L_0xa4bbb80, C4<1>, C4<1>;
L_0xa4bbc20 .functor OR 1, L_0xa4bb9a0, L_0xa4bb910, C4<0>, C4<0>;
v0x9f73030_0 .net *"_ivl_13", 0 0, L_0xa4a82a0;  1 drivers
v0x9f73130_0 .net *"_ivl_15", 0 0, L_0xa4a8340;  1 drivers
v0x9f6b030_0 .net *"_ivl_16", 0 0, L_0xa4a83e0;  1 drivers
v0x9f6b0f0_0 .net *"_ivl_18", 0 0, L_0xa4a84a0;  1 drivers
v0x9f56e00_0 .net *"_ivl_39", 0 0, L_0xa4bb380;  1 drivers
v0x9f56ee0_0 .net *"_ivl_41", 0 0, L_0xa4bb490;  1 drivers
v0x9f42bd0_0 .net *"_ivl_43", 0 0, L_0xa4bb530;  1 drivers
v0x9f42cb0_0 .net *"_ivl_44", 0 0, L_0xa4bb420;  1 drivers
v0x9f2f140_0 .net *"_ivl_46", 0 0, L_0xa4bb670;  1 drivers
v0x9f2f220_0 .net *"_ivl_53", 0 0, L_0xa4bb9a0;  1 drivers
v0x9f1b7c0_0 .net *"_ivl_55", 0 0, L_0xa4bba40;  1 drivers
v0x9f1b880_0 .net *"_ivl_57", 0 0, L_0xa4bbb80;  1 drivers
v0x9f137c0_0 .net *"_ivl_58", 0 0, L_0xa4bb910;  1 drivers
v0x9f138a0_0 .net "carry", 1 0, L_0xa4bb290;  1 drivers
v0x9eff590_0 .net "carry_in", 0 0, L_0x7f41eb9c4cc0;  1 drivers
v0x9eff630_0 .net "carry_out", 0 0, L_0xa4bb7d0;  1 drivers
v0x9eeb360_0 .net "gen", 1 0, L_0xa4bb100;  1 drivers
v0x9eeb440_0 .net "gen_out", 0 0, L_0xa4bbc20;  1 drivers
v0x9ed78d0_0 .net "prop", 1 0, L_0xa4baf70;  1 drivers
v0x9ed79b0_0 .net "prop_out", 0 0, L_0xa4bb870;  1 drivers
v0xa2a5640_0 .net "val1", 31 0, L_0xa495600;  alias, 1 drivers
v0xa2a5720_0 .net "val2", 31 0, L_0xa495670;  alias, 1 drivers
v0xa29d2d0_0 .net "val_out", 31 0, L_0xa4bad90;  alias, 1 drivers
L_0xa4a8050 .part L_0xa495600, 0, 16;
L_0xa4a8200 .part L_0xa495670, 0, 16;
L_0xa4a82a0 .part L_0xa4bb100, 0, 1;
L_0xa4a8340 .part L_0xa4baf70, 0, 1;
L_0xa4babb0 .part L_0xa495600, 16, 16;
L_0xa4bac50 .part L_0xa495670, 16, 16;
L_0xa4bacf0 .part L_0xa4bb290, 0, 1;
L_0xa4bad90 .concat8 [ 16 16 0 0], L_0xa4a5fa0, L_0xa4b8b00;
L_0xa4baf70 .concat8 [ 1 1 0 0], L_0xa4a6ca0, L_0xa4b9800;
L_0xa4bb100 .concat8 [ 1 1 0 0], L_0xa4a7f40, L_0xa4baaa0;
L_0xa4bb290 .concat8 [ 1 1 0 0], L_0xa4a84a0, L_0xa4bb670;
L_0xa4bb380 .part L_0xa4bb100, 1, 1;
L_0xa4bb490 .part L_0xa4bb290, 0, 1;
L_0xa4bb530 .part L_0xa4baf70, 1, 1;
L_0xa4bb7d0 .part L_0xa4bb290, 1, 1;
L_0xa4bb870 .reduce/and L_0xa4baf70;
L_0xa4bb9a0 .part L_0xa4bb100, 1, 1;
L_0xa4bba40 .part L_0xa4baf70, 1, 1;
L_0xa4bbb80 .part L_0xa4bb100, 0, 1;
S_0x9f71510 .scope module, "adder0" "add_pg_16" 7 18, 8 3 0, S_0x9f5d2e0;
 .timescale -9 -12;
    .port_info 0 /INPUT 16 "val1";
    .port_info 1 /INPUT 16 "val2";
    .port_info 2 /INPUT 1 "carry_in";
    .port_info 3 /OUTPUT 16 "val_out";
    .port_info 4 /OUTPUT 1 "carry_out";
    .port_info 5 /OUTPUT 1 "prop_out";
    .port_info 6 /OUTPUT 1 "gen_out";
L_0xa499620 .functor AND 1, L_0x7f41eb9c4cc0, L_0xa499550, C4<1>, C4<1>;
L_0xa499710 .functor OR 1, L_0xa4994b0, L_0xa499620, C4<0>, C4<0>;
L_0xa49db30 .functor AND 1, L_0xa49d950, L_0xa49da40, C4<1>, C4<1>;
L_0xa49dbf0 .functor OR 1, L_0xa49d810, L_0xa49db30, C4<0>, C4<0>;
L_0xa4a1af0 .functor AND 1, L_0xa4a1ca0, L_0xa4a1d40, C4<1>, C4<1>;
L_0xa4a1ec0 .functor OR 1, L_0xa4a1c00, L_0xa4a1af0, C4<0>, C4<0>;
L_0xa4a66a0 .functor AND 1, L_0xa4a6450, L_0xa4a6770, C4<1>, C4<1>;
L_0xa4a6940 .functor OR 1, L_0xa4a6600, L_0xa4a66a0, C4<0>, C4<0>;
L_0xa4a6fd0 .functor AND 1, L_0xa4a6e30, L_0xa4a6d40, C4<1>, C4<1>;
L_0xa4a7090 .functor OR 1, L_0xa4a6810, L_0xa4a6fd0, C4<0>, C4<0>;
L_0xa4a7460 .functor AND 1, L_0xa4a71a0, L_0xa4a6ed0, C4<1>, C4<1>;
L_0xa4a7350 .functor AND 1, L_0xa4a7460, L_0xa4a74d0, C4<1>, C4<1>;
L_0xa4a7810 .functor OR 1, L_0xa4a7090, L_0xa4a7350, C4<0>, C4<0>;
L_0xa4a7680 .functor AND 1, L_0xa4a7920, L_0xa4a79c0, C4<1>, C4<1>;
L_0xa4a77a0 .functor AND 1, L_0xa4a7680, L_0xa4a7b90, C4<1>, C4<1>;
L_0xa4a7a60 .functor AND 1, L_0xa4a77a0, L_0xa4a7cd0, C4<1>, C4<1>;
L_0xa4a7f40 .functor OR 1, L_0xa4a7810, L_0xa4a7a60, C4<0>, C4<0>;
v0xa06d190_0 .net *"_ivl_101", 0 0, L_0xa4a6810;  1 drivers
v0xa06caa0_0 .net *"_ivl_103", 0 0, L_0xa4a6e30;  1 drivers
v0xa065880_0 .net *"_ivl_105", 0 0, L_0xa4a6d40;  1 drivers
v0xa065940_0 .net *"_ivl_106", 0 0, L_0xa4a6fd0;  1 drivers
v0xa065280_0 .net *"_ivl_108", 0 0, L_0xa4a7090;  1 drivers
v0xa064c30_0 .net *"_ivl_111", 0 0, L_0xa4a71a0;  1 drivers
v0xa0295d0_0 .net *"_ivl_113", 0 0, L_0xa4a6ed0;  1 drivers
v0xa0515f0_0 .net *"_ivl_114", 0 0, L_0xa4a7460;  1 drivers
v0xa051050_0 .net *"_ivl_117", 0 0, L_0xa4a74d0;  1 drivers
v0xa050a00_0 .net *"_ivl_118", 0 0, L_0xa4a7350;  1 drivers
v0xa029090_0 .net *"_ivl_120", 0 0, L_0xa4a7810;  1 drivers
v0xa03d3c0_0 .net *"_ivl_123", 0 0, L_0xa4a7920;  1 drivers
v0xa03ce20_0 .net *"_ivl_125", 0 0, L_0xa4a79c0;  1 drivers
v0xa03c7d0_0 .net *"_ivl_126", 0 0, L_0xa4a7680;  1 drivers
v0xa00e010_0 .net *"_ivl_129", 0 0, L_0xa4a7b90;  1 drivers
v0xa00da10_0 .net *"_ivl_13", 0 0, L_0xa4994b0;  1 drivers
v0xa00d3c0_0 .net *"_ivl_130", 0 0, L_0xa4a77a0;  1 drivers
v0x9fd1d60_0 .net *"_ivl_133", 0 0, L_0xa4a7cd0;  1 drivers
v0x9ff9d80_0 .net *"_ivl_134", 0 0, L_0xa4a7a60;  1 drivers
v0x9ff97e0_0 .net *"_ivl_15", 0 0, L_0xa499550;  1 drivers
v0x9ff9190_0 .net *"_ivl_16", 0 0, L_0xa499620;  1 drivers
v0x9fd1820_0 .net *"_ivl_18", 0 0, L_0xa499710;  1 drivers
v0x9fe5b50_0 .net *"_ivl_35", 0 0, L_0xa49d810;  1 drivers
v0x9fe55b0_0 .net *"_ivl_37", 0 0, L_0xa49d950;  1 drivers
v0x9fe4f60_0 .net *"_ivl_39", 0 0, L_0xa49da40;  1 drivers
v0x9eb16d0_0 .net *"_ivl_40", 0 0, L_0xa49db30;  1 drivers
v0xa2d7720_0 .net *"_ivl_42", 0 0, L_0xa49dbf0;  1 drivers
v0x9f217a0_0 .net *"_ivl_59", 0 0, L_0xa4a1c00;  1 drivers
v0x9f352b0_0 .net *"_ivl_61", 0 0, L_0xa4a1ca0;  1 drivers
v0x9edda40_0 .net *"_ivl_63", 0 0, L_0xa4a1d40;  1 drivers
v0x9f8e770_0 .net *"_ivl_64", 0 0, L_0xa4a1af0;  1 drivers
v0xa24b930_0 .net *"_ivl_66", 0 0, L_0xa4a1ec0;  1 drivers
v0xa25f550_0 .net *"_ivl_87", 0 0, L_0xa4a6600;  1 drivers
v0xa207bd0_0 .net *"_ivl_89", 0 0, L_0xa4a6450;  1 drivers
v0xa0716b0_0 .net *"_ivl_91", 0 0, L_0xa4a6770;  1 drivers
v0xa1edf50_0 .net *"_ivl_92", 0 0, L_0xa4a66a0;  1 drivers
v0xa1edbb0_0 .net *"_ivl_94", 0 0, L_0xa4a6940;  1 drivers
v0xa0c7980_0 .net "carry", 3 0, L_0xa4a6090;  1 drivers
v0xa0db490_0 .net "carry_in", 0 0, L_0x7f41eb9c4cc0;  alias, 1 drivers
RS_0x7f41ebeb6818 .resolv tri, L_0xa4a4710, L_0xa4a6af0;
v0xa0db530_0 .net8 "carry_out", 0 0, RS_0x7f41ebeb6818;  2 drivers
v0xa083c20_0 .net "gen", 3 0, L_0xa4a6230;  1 drivers
v0xa083ce0_0 .net "gen_out", 0 0, L_0xa4a7f40;  1 drivers
v0xa190190_0 .net "prop", 3 0, L_0xa4a5e60;  1 drivers
v0xa1a3ca0_0 .net "prop_out", 0 0, L_0xa4a6ca0;  1 drivers
v0xa1a3d60_0 .net "val1", 15 0, L_0xa4a8050;  1 drivers
v0xa14c430_0 .net "val2", 15 0, L_0xa4a8200;  1 drivers
v0xa0157b0_0 .net "val_out", 15 0, L_0xa4a5fa0;  1 drivers
L_0xa499370 .part L_0xa4a8050, 0, 4;
L_0xa499410 .part L_0xa4a8200, 0, 4;
L_0xa4994b0 .part L_0xa4a6230, 0, 1;
L_0xa499550 .part L_0xa4a5e60, 0, 1;
L_0xa49d590 .part L_0xa4a8050, 4, 4;
L_0xa49d680 .part L_0xa4a8200, 4, 4;
L_0xa49d770 .part L_0xa4a6090, 0, 1;
L_0xa49d810 .part L_0xa4a6230, 1, 1;
L_0xa49d950 .part L_0xa4a6090, 0, 1;
L_0xa49da40 .part L_0xa4a5e60, 1, 1;
L_0xa4a19b0 .part L_0xa4a8050, 8, 4;
L_0xa4a1a50 .part L_0xa4a8200, 8, 4;
L_0xa4a1b60 .part L_0xa4a6090, 1, 1;
L_0xa4a1c00 .part L_0xa4a6230, 2, 1;
L_0xa4a1ca0 .part L_0xa4a6090, 1, 1;
L_0xa4a1d40 .part L_0xa4a5e60, 2, 1;
L_0xa4a5d20 .part L_0xa4a8050, 12, 4;
L_0xa4a5dc0 .part L_0xa4a8200, 12, 4;
L_0xa4a5f00 .part L_0xa4a6090, 2, 1;
L_0xa4a5fa0 .concat8 [ 4 4 4 4], L_0xa497670, L_0xa49b940, L_0xa49fd60, L_0xa4a4060;
L_0xa4a5e60 .concat8 [ 1 1 1 1], L_0xa497f30, L_0xa49c1a0, L_0xa4a05c0, L_0xa4a48c0;
L_0xa4a6230 .concat8 [ 1 1 1 1], L_0xa498e90, L_0xa49d0b0, L_0xa4a14d0, L_0xa4a5840;
L_0xa4a6090 .concat8 [ 1 1 1 1], L_0xa499710, L_0xa49dbf0, L_0xa4a1ec0, L_0xa4a6940;
L_0xa4a6600 .part L_0xa4a6230, 3, 1;
L_0xa4a6450 .part L_0xa4a6090, 2, 1;
L_0xa4a6770 .part L_0xa4a5e60, 3, 1;
L_0xa4a6af0 .part L_0xa4a6090, 3, 1;
L_0xa4a6ca0 .reduce/and L_0xa4a5e60;
L_0xa4a6810 .part L_0xa4a6230, 3, 1;
L_0xa4a6e30 .part L_0xa4a5e60, 3, 1;
L_0xa4a6d40 .part L_0xa4a6230, 2, 1;
L_0xa4a71a0 .part L_0xa4a5e60, 3, 1;
L_0xa4a6ed0 .part L_0xa4a5e60, 2, 1;
L_0xa4a74d0 .part L_0xa4a6230, 1, 1;
L_0xa4a7920 .part L_0xa4a5e60, 3, 1;
L_0xa4a79c0 .part L_0xa4a5e60, 2, 1;
L_0xa4a7b90 .part L_0xa4a5e60, 1, 1;
L_0xa4a7cd0 .part L_0xa4a6230, 0, 1;
S_0x9f79380 .scope module, "adder0" "add_pg_4" 8 18, 9 3 0, S_0x9f71510;
 .timescale -9 -12;
    .port_info 0 /INPUT 4 "val1";
    .port_info 1 /INPUT 4 "val2";
    .port_info 2 /INPUT 1 "carry_in";
    .port_info 3 /OUTPUT 4 "val_out";
    .port_info 4 /OUTPUT 1 "carry_out";
    .port_info 5 /OUTPUT 1 "prop_out";
    .port_info 6 /OUTPUT 1 "gen_out";
L_0xa4957a0 .functor AND 4, L_0xa499370, L_0xa499410, C4<1111>, C4<1111>;
L_0xa495810 .functor XOR 4, L_0xa499370, L_0xa499410, C4<0000>, C4<0000>;
L_0xa4959c0 .functor AND 1, L_0x7f41eb9c4cc0, L_0xa495920, C4<1>, C4<1>;
L_0xa495a30 .functor OR 1, L_0xa495880, L_0xa4959c0, C4<0>, C4<0>;
L_0xa495c80 .functor AND 1, L_0xa495b40, L_0xa495be0, C4<1>, C4<1>;
L_0xa495cf0 .functor OR 1, L_0xa495aa0, L_0xa495c80, C4<0>, C4<0>;
L_0xa496150 .functor AND 1, L_0xa495f30, L_0xa495fd0, C4<1>, C4<1>;
L_0xa496210 .functor OR 1, L_0xa495e00, L_0xa496150, C4<0>, C4<0>;
L_0xa4967e0 .functor AND 1, L_0xa4965a0, L_0xa4966d0, C4<1>, C4<1>;
L_0xa496850 .functor OR 1, L_0xa496500, L_0xa4967e0, C4<0>, C4<0>;
L_0xa496770 .functor XOR 1, L_0xa4969b0, L_0xa496a50, C4<0>, C4<0>;
L_0xa496b40 .functor XOR 1, L_0xa496770, L_0x7f41eb9c4cc0, C4<0>, C4<0>;
L_0xa496ff0 .functor XOR 1, L_0xa496d00, L_0xa496e30, C4<0>, C4<0>;
L_0xa497100 .functor XOR 1, L_0xa496ff0, L_0xa497060, C4<0>, C4<0>;
L_0xa496c90 .functor XOR 1, L_0xa4971c0, L_0xa497300, C4<0>, C4<0>;
L_0xa497260 .functor XOR 1, L_0xa496c90, L_0xa4973f0, C4<0>, C4<0>;
L_0xa497990 .functor XOR 1, L_0xa497800, L_0xa497490, C4<0>, C4<0>;
L_0xa4978a0 .functor XOR 1, L_0xa497990, L_0xa497ad0, C4<0>, C4<0>;
L_0xa4975e0 .functor AND 1, L_0xa4980b0, L_0xa497fd0, C4<1>, C4<1>;
L_0xa4982e0 .functor OR 1, L_0xa497b70, L_0xa4975e0, C4<0>, C4<0>;
L_0xa4986b0 .functor AND 1, L_0xa497ce0, L_0xa498150, C4<1>, C4<1>;
L_0xa4985b0 .functor AND 1, L_0xa4986b0, L_0xa4987c0, C4<1>, C4<1>;
L_0xa4983f0 .functor OR 1, L_0xa4982e0, L_0xa4985b0, C4<0>, C4<0>;
L_0xa498970 .functor AND 1, L_0xa498c30, L_0xa498cd0, C4<1>, C4<1>;
L_0xa498f60 .functor AND 1, L_0xa498970, L_0xa498ad0, C4<1>, C4<1>;
L_0xa498d70 .functor AND 1, L_0xa498f60, L_0xa499070, C4<1>, C4<1>;
L_0xa498e90 .functor OR 1, L_0xa4983f0, L_0xa498d70, C4<0>, C4<0>;
v0x9d3c360_0 .net *"_ivl_10", 0 0, L_0xa4959c0;  1 drivers
v0x9fc0440_0 .net *"_ivl_103", 0 0, L_0xa497b70;  1 drivers
v0x9fd23a0_0 .net *"_ivl_105", 0 0, L_0xa4980b0;  1 drivers
v0x9fd3ed0_0 .net *"_ivl_107", 0 0, L_0xa497fd0;  1 drivers
v0x9fe6130_0 .net *"_ivl_108", 0 0, L_0xa4975e0;  1 drivers
v0x9fe8100_0 .net *"_ivl_110", 0 0, L_0xa4982e0;  1 drivers
v0x9ffa360_0 .net *"_ivl_113", 0 0, L_0xa497ce0;  1 drivers
v0x9ffc330_0 .net *"_ivl_115", 0 0, L_0xa498150;  1 drivers
v0xa00e600_0 .net *"_ivl_116", 0 0, L_0xa4986b0;  1 drivers
v0xa0160f0_0 .net *"_ivl_119", 0 0, L_0xa4987c0;  1 drivers
v0xa017cb0_0 .net *"_ivl_12", 0 0, L_0xa495a30;  1 drivers
v0xa029c10_0 .net *"_ivl_120", 0 0, L_0xa4985b0;  1 drivers
v0xa02b740_0 .net *"_ivl_122", 0 0, L_0xa4983f0;  1 drivers
v0xa03d9a0_0 .net *"_ivl_125", 0 0, L_0xa498c30;  1 drivers
v0xa03f970_0 .net *"_ivl_127", 0 0, L_0xa498cd0;  1 drivers
v0xa051bd0_0 .net *"_ivl_128", 0 0, L_0xa498970;  1 drivers
v0xa053ba0_0 .net *"_ivl_131", 0 0, L_0xa498ad0;  1 drivers
v0xa065e70_0 .net *"_ivl_132", 0 0, L_0xa498f60;  1 drivers
v0xa06dca0_0 .net *"_ivl_135", 0 0, L_0xa499070;  1 drivers
v0xa13ae70_0 .net *"_ivl_136", 0 0, L_0xa498d70;  1 drivers
v0xa14cd80_0 .net *"_ivl_17", 0 0, L_0xa495aa0;  1 drivers
v0xa14e8b0_0 .net *"_ivl_19", 0 0, L_0xa495b40;  1 drivers
v0xa160b10_0 .net *"_ivl_21", 0 0, L_0xa495be0;  1 drivers
v0xa162ae0_0 .net *"_ivl_22", 0 0, L_0xa495c80;  1 drivers
v0xa174d40_0 .net *"_ivl_24", 0 0, L_0xa495cf0;  1 drivers
v0xa176d10_0 .net *"_ivl_29", 0 0, L_0xa495e00;  1 drivers
v0xa188fe0_0 .net *"_ivl_31", 0 0, L_0xa495f30;  1 drivers
v0xa190ad0_0 .net *"_ivl_33", 0 0, L_0xa495fd0;  1 drivers
v0xa192690_0 .net *"_ivl_34", 0 0, L_0xa496150;  1 drivers
v0xa1a45f0_0 .net *"_ivl_36", 0 0, L_0xa496210;  1 drivers
v0xa1a6120_0 .net *"_ivl_42", 0 0, L_0xa496500;  1 drivers
v0xa1b8380_0 .net *"_ivl_44", 0 0, L_0xa4965a0;  1 drivers
v0xa1ba350_0 .net *"_ivl_46", 0 0, L_0xa4966d0;  1 drivers
v0xa1cc5b0_0 .net *"_ivl_47", 0 0, L_0xa4967e0;  1 drivers
v0xa1ce580_0 .net *"_ivl_49", 0 0, L_0xa496850;  1 drivers
v0xa1e0850_0 .net *"_ivl_54", 0 0, L_0xa4969b0;  1 drivers
v0xa1e8680_0 .net *"_ivl_56", 0 0, L_0xa496a50;  1 drivers
v0xa1ebc10_0 .net *"_ivl_57", 0 0, L_0xa496770;  1 drivers
v0xa072660_0 .net *"_ivl_59", 0 0, L_0xa496b40;  1 drivers
v0xa084570_0 .net *"_ivl_64", 0 0, L_0xa496d00;  1 drivers
v0xa0860a0_0 .net *"_ivl_66", 0 0, L_0xa496e30;  1 drivers
v0xa098300_0 .net *"_ivl_67", 0 0, L_0xa496ff0;  1 drivers
v0xa09a2d0_0 .net *"_ivl_7", 0 0, L_0xa495880;  1 drivers
v0xa0ac530_0 .net *"_ivl_70", 0 0, L_0xa497060;  1 drivers
v0xa0ae500_0 .net *"_ivl_71", 0 0, L_0xa497100;  1 drivers
v0xa0c07d0_0 .net *"_ivl_76", 0 0, L_0xa4971c0;  1 drivers
v0xa0c82c0_0 .net *"_ivl_78", 0 0, L_0xa497300;  1 drivers
v0xa0c9e80_0 .net *"_ivl_79", 0 0, L_0xa496c90;  1 drivers
v0xa0dbde0_0 .net *"_ivl_82", 0 0, L_0xa4973f0;  1 drivers
v0xa0dd910_0 .net *"_ivl_83", 0 0, L_0xa497260;  1 drivers
v0xa0efb70_0 .net *"_ivl_89", 0 0, L_0xa497800;  1 drivers
v0xa0f1b40_0 .net *"_ivl_9", 0 0, L_0xa495920;  1 drivers
v0xa103da0_0 .net *"_ivl_91", 0 0, L_0xa497490;  1 drivers
v0xa105d70_0 .net *"_ivl_92", 0 0, L_0xa497990;  1 drivers
v0xa118040_0 .net *"_ivl_95", 0 0, L_0xa497ad0;  1 drivers
v0xa11fe70_0 .net *"_ivl_96", 0 0, L_0xa4978a0;  1 drivers
v0xa1f6660_0 .net "carry", 3 0, L_0xa496370;  1 drivers
v0xa208520_0 .net "carry_in", 0 0, L_0x7f41eb9c4cc0;  alias, 1 drivers
v0xa20a050_0 .net "carry_out", 0 0, L_0xa497d80;  1 drivers
v0xa21c2b0_0 .net "gen", 3 0, L_0xa4957a0;  1 drivers
v0xa21e280_0 .net "gen_out", 0 0, L_0xa498e90;  1 drivers
v0xa2304e0_0 .net "prop", 3 0, L_0xa495810;  1 drivers
v0xa2324b0_0 .net "prop_out", 0 0, L_0xa497f30;  1 drivers
v0xa244780_0 .net "val1", 3 0, L_0xa499370;  1 drivers
v0xa24c380_0 .net "val2", 3 0, L_0xa499410;  1 drivers
v0xa24df40_0 .net "val_out", 3 0, L_0xa497670;  1 drivers
L_0xa495880 .part L_0xa4957a0, 0, 1;
L_0xa495920 .part L_0xa495810, 0, 1;
L_0xa495aa0 .part L_0xa4957a0, 1, 1;
L_0xa495b40 .part L_0xa496370, 0, 1;
L_0xa495be0 .part L_0xa495810, 1, 1;
L_0xa495e00 .part L_0xa4957a0, 2, 1;
L_0xa495f30 .part L_0xa496370, 1, 1;
L_0xa495fd0 .part L_0xa495810, 2, 1;
L_0xa496370 .concat8 [ 1 1 1 1], L_0xa495a30, L_0xa495cf0, L_0xa496210, L_0xa496850;
L_0xa496500 .part L_0xa4957a0, 3, 1;
L_0xa4965a0 .part L_0xa496370, 2, 1;
L_0xa4966d0 .part L_0xa495810, 3, 1;
L_0xa4969b0 .part L_0xa499370, 0, 1;
L_0xa496a50 .part L_0xa499410, 0, 1;
L_0xa496d00 .part L_0xa499370, 1, 1;
L_0xa496e30 .part L_0xa499410, 1, 1;
L_0xa497060 .part L_0xa496370, 0, 1;
L_0xa4971c0 .part L_0xa499370, 2, 1;
L_0xa497300 .part L_0xa499410, 2, 1;
L_0xa4973f0 .part L_0xa496370, 1, 1;
L_0xa497670 .concat8 [ 1 1 1 1], L_0xa496b40, L_0xa497100, L_0xa497260, L_0xa4978a0;
L_0xa497800 .part L_0xa499370, 3, 1;
L_0xa497490 .part L_0xa499410, 3, 1;
L_0xa497ad0 .part L_0xa496370, 2, 1;
L_0xa497d80 .part L_0xa496370, 3, 1;
L_0xa497f30 .reduce/and L_0xa495810;
L_0xa497b70 .part L_0xa4957a0, 3, 1;
L_0xa4980b0 .part L_0xa495810, 3, 1;
L_0xa497fd0 .part L_0xa4957a0, 2, 1;
L_0xa497ce0 .part L_0xa495810, 3, 1;
L_0xa498150 .part L_0xa495810, 2, 1;
L_0xa4987c0 .part L_0xa4957a0, 1, 1;
L_0xa498c30 .part L_0xa495810, 3, 1;
L_0xa498cd0 .part L_0xa495810, 2, 1;
L_0xa498ad0 .part L_0xa495810, 1, 1;
L_0xa499070 .part L_0xa4957a0, 0, 1;
S_0x9f979a0 .scope module, "adder1" "add_pg_4" 8 32, 9 3 0, S_0x9f71510;
 .timescale -9 -12;
    .port_info 0 /INPUT 4 "val1";
    .port_info 1 /INPUT 4 "val2";
    .port_info 2 /INPUT 1 "carry_in";
    .port_info 3 /OUTPUT 4 "val_out";
    .port_info 4 /OUTPUT 1 "carry_out";
    .port_info 5 /OUTPUT 1 "prop_out";
    .port_info 6 /OUTPUT 1 "gen_out";
L_0xa499850 .functor AND 4, L_0xa49d590, L_0xa49d680, C4<1111>, C4<1111>;
L_0xa4998c0 .functor XOR 4, L_0xa49d590, L_0xa49d680, C4<0000>, C4<0000>;
L_0xa499bb0 .functor AND 1, L_0xa49d770, L_0xa499ac0, C4<1>, C4<1>;
L_0xa499c70 .functor OR 1, L_0xa4999d0, L_0xa499bb0, C4<0>, C4<0>;
L_0xa49a020 .functor AND 1, L_0xa499e50, L_0xa499f50, C4<1>, C4<1>;
L_0xa49a160 .functor OR 1, L_0xa499db0, L_0xa49a020, C4<0>, C4<0>;
L_0xa49a4a0 .functor AND 1, L_0xa49a310, L_0xa49a3b0, C4<1>, C4<1>;
L_0xa49a560 .functor OR 1, L_0xa49a270, L_0xa49a4a0, C4<0>, C4<0>;
L_0xa49aaa0 .functor AND 1, L_0xa49a8f0, L_0xa49a990, C4<1>, C4<1>;
L_0xa49ab10 .functor OR 1, L_0xa49a850, L_0xa49aaa0, C4<0>, C4<0>;
L_0xa49aa30 .functor XOR 1, L_0xa49ac70, L_0xa49ad10, C4<0>, C4<0>;
L_0xa49ae00 .functor XOR 1, L_0xa49aa30, L_0xa49d770, C4<0>, C4<0>;
L_0xa49b270 .functor XOR 1, L_0xa49af80, L_0xa49b0b0, C4<0>, C4<0>;
L_0xa49b380 .functor XOR 1, L_0xa49b270, L_0xa49b2e0, C4<0>, C4<0>;
L_0xa49af10 .functor XOR 1, L_0xa49b490, L_0xa49b5d0, C4<0>, C4<0>;
L_0xa49b530 .functor XOR 1, L_0xa49af10, L_0xa49b6c0, C4<0>, C4<0>;
L_0xa49bc30 .functor XOR 1, L_0xa49bad0, L_0xa49b760, C4<0>, C4<0>;
L_0xa49bb70 .functor XOR 1, L_0xa49bc30, L_0xa49bd40, C4<0>, C4<0>;
L_0xa49b8b0 .functor AND 1, L_0xa49c320, L_0xa49c240, C4<1>, C4<1>;
L_0xa49c550 .functor OR 1, L_0xa49bde0, L_0xa49b8b0, C4<0>, C4<0>;
L_0xa49c920 .functor AND 1, L_0xa49bf50, L_0xa49c3c0, C4<1>, C4<1>;
L_0xa49c820 .functor AND 1, L_0xa49c920, L_0xa49c9e0, C4<1>, C4<1>;
L_0xa49c660 .functor OR 1, L_0xa49c550, L_0xa49c820, C4<0>, C4<0>;
L_0xa49cb90 .functor AND 1, L_0xa49ce50, L_0xa49cef0, C4<1>, C4<1>;
L_0xa49d180 .functor AND 1, L_0xa49cb90, L_0xa49ccf0, C4<1>, C4<1>;
L_0xa49cf90 .functor AND 1, L_0xa49d180, L_0xa49d290, C4<1>, C4<1>;
L_0xa49d0b0 .functor OR 1, L_0xa49c660, L_0xa49cf90, C4<0>, C4<0>;
v0xa2619d0_0 .net *"_ivl_10", 0 0, L_0xa499bb0;  1 drivers
v0xa273c30_0 .net *"_ivl_103", 0 0, L_0xa49bde0;  1 drivers
v0xa275c00_0 .net *"_ivl_105", 0 0, L_0xa49c320;  1 drivers
v0xa287e60_0 .net *"_ivl_107", 0 0, L_0xa49c240;  1 drivers
v0xa289e30_0 .net *"_ivl_108", 0 0, L_0xa49b8b0;  1 drivers
v0xa29c100_0 .net *"_ivl_110", 0 0, L_0xa49c550;  1 drivers
v0xa2a3f30_0 .net *"_ivl_113", 0 0, L_0xa49bf50;  1 drivers
v0x9fbf180_0 .net *"_ivl_115", 0 0, L_0xa49c3c0;  1 drivers
v0x9fb6410_0 .net *"_ivl_116", 0 0, L_0xa49c920;  1 drivers
v0x9faa9d0_0 .net *"_ivl_119", 0 0, L_0xa49c9e0;  1 drivers
v0x9fb1d80_0 .net *"_ivl_12", 0 0, L_0xa499c70;  1 drivers
v0x9f7fc80_0 .net *"_ivl_120", 0 0, L_0xa49c820;  1 drivers
v0x9ecc430_0 .net *"_ivl_122", 0 0, L_0xa49c660;  1 drivers
v0x9ede390_0 .net *"_ivl_125", 0 0, L_0xa49ce50;  1 drivers
v0x9edfec0_0 .net *"_ivl_127", 0 0, L_0xa49cef0;  1 drivers
v0x9ef2120_0 .net *"_ivl_128", 0 0, L_0xa49cb90;  1 drivers
v0x9ef40f0_0 .net *"_ivl_131", 0 0, L_0xa49ccf0;  1 drivers
v0x9f06350_0 .net *"_ivl_132", 0 0, L_0xa49d180;  1 drivers
v0x9f08320_0 .net *"_ivl_135", 0 0, L_0xa49d290;  1 drivers
v0x9f1a5f0_0 .net *"_ivl_136", 0 0, L_0xa49cf90;  1 drivers
v0x9f220e0_0 .net *"_ivl_17", 0 0, L_0xa499db0;  1 drivers
v0x9f23ca0_0 .net *"_ivl_19", 0 0, L_0xa499e50;  1 drivers
v0x9f35c00_0 .net *"_ivl_21", 0 0, L_0xa499f50;  1 drivers
v0x9f37730_0 .net *"_ivl_22", 0 0, L_0xa49a020;  1 drivers
v0x9f49990_0 .net *"_ivl_24", 0 0, L_0xa49a160;  1 drivers
v0x9f4b960_0 .net *"_ivl_29", 0 0, L_0xa49a270;  1 drivers
v0x9f5dbc0_0 .net *"_ivl_31", 0 0, L_0xa49a310;  1 drivers
v0x9f5fb90_0 .net *"_ivl_33", 0 0, L_0xa49a3b0;  1 drivers
v0x9f71e60_0 .net *"_ivl_34", 0 0, L_0xa49a4a0;  1 drivers
v0x9f79c90_0 .net *"_ivl_36", 0 0, L_0xa49a560;  1 drivers
v0x9f7d6a0_0 .net *"_ivl_42", 0 0, L_0xa49a850;  1 drivers
v0xa2f94f0_0 .net *"_ivl_44", 0 0, L_0xa49a8f0;  1 drivers
v0xa2b7f20_0 .net *"_ivl_46", 0 0, L_0xa49a990;  1 drivers
v0xa2d6f50_0 .net *"_ivl_47", 0 0, L_0xa49aaa0;  1 drivers
v0xa2ef950_0 .net *"_ivl_49", 0 0, L_0xa49ab10;  1 drivers
v0xa310c80_0 .net *"_ivl_54", 0 0, L_0xa49ac70;  1 drivers
v0xa3118b0_0 .net *"_ivl_56", 0 0, L_0xa49ad10;  1 drivers
v0x9e46d90_0 .net *"_ivl_57", 0 0, L_0xa49aa30;  1 drivers
v0x9e46f80_0 .net *"_ivl_59", 0 0, L_0xa49ae00;  1 drivers
v0x9e47340_0 .net *"_ivl_64", 0 0, L_0xa49af80;  1 drivers
v0x9e474d0_0 .net *"_ivl_66", 0 0, L_0xa49b0b0;  1 drivers
v0x9e48940_0 .net *"_ivl_67", 0 0, L_0xa49b270;  1 drivers
v0x9e47e00_0 .net *"_ivl_7", 0 0, L_0xa4999d0;  1 drivers
v0x9fbf400_0 .net *"_ivl_70", 0 0, L_0xa49b2e0;  1 drivers
v0x9e46c00_0 .net *"_ivl_71", 0 0, L_0xa49b380;  1 drivers
v0xa2c0430_0 .net *"_ivl_76", 0 0, L_0xa49b490;  1 drivers
v0x9f7d990_0 .net *"_ivl_78", 0 0, L_0xa49b5d0;  1 drivers
v0x9f7e2e0_0 .net *"_ivl_79", 0 0, L_0xa49af10;  1 drivers
v0x9e490e0_0 .net *"_ivl_82", 0 0, L_0xa49b6c0;  1 drivers
v0xa2efd70_0 .net *"_ivl_83", 0 0, L_0xa49b530;  1 drivers
v0xa2d71d0_0 .net *"_ivl_89", 0 0, L_0xa49bad0;  1 drivers
v0xa2d5dc0_0 .net *"_ivl_9", 0 0, L_0xa499ac0;  1 drivers
v0xa2d58f0_0 .net *"_ivl_91", 0 0, L_0xa49b760;  1 drivers
v0xa2ee7c0_0 .net *"_ivl_92", 0 0, L_0xa49bc30;  1 drivers
v0xa2ee2f0_0 .net *"_ivl_95", 0 0, L_0xa49bd40;  1 drivers
v0xa2b7bd0_0 .net *"_ivl_96", 0 0, L_0xa49bb70;  1 drivers
v0xa2b76c0_0 .net "carry", 3 0, L_0xa49a6c0;  1 drivers
v0x9f7cf30_0 .net "carry_in", 0 0, L_0xa49d770;  1 drivers
v0x9f7cff0_0 .net "carry_out", 0 0, L_0xa49bff0;  1 drivers
v0x9eca860_0 .net "gen", 3 0, L_0xa499850;  1 drivers
v0x9f21ab0_0 .net "gen_out", 0 0, L_0xa49d0b0;  1 drivers
v0x9f21b70_0 .net "prop", 3 0, L_0xa4998c0;  1 drivers
v0x9f21570_0 .net "prop_out", 0 0, L_0xa49c1a0;  1 drivers
v0x9f21630_0 .net "val1", 3 0, L_0xa49d590;  1 drivers
v0x9f796a0_0 .net "val2", 3 0, L_0xa49d680;  1 drivers
v0x9d43bb0_0 .net "val_out", 3 0, L_0xa49b940;  1 drivers
L_0xa4999d0 .part L_0xa499850, 0, 1;
L_0xa499ac0 .part L_0xa4998c0, 0, 1;
L_0xa499db0 .part L_0xa499850, 1, 1;
L_0xa499e50 .part L_0xa49a6c0, 0, 1;
L_0xa499f50 .part L_0xa4998c0, 1, 1;
L_0xa49a270 .part L_0xa499850, 2, 1;
L_0xa49a310 .part L_0xa49a6c0, 1, 1;
L_0xa49a3b0 .part L_0xa4998c0, 2, 1;
L_0xa49a6c0 .concat8 [ 1 1 1 1], L_0xa499c70, L_0xa49a160, L_0xa49a560, L_0xa49ab10;
L_0xa49a850 .part L_0xa499850, 3, 1;
L_0xa49a8f0 .part L_0xa49a6c0, 2, 1;
L_0xa49a990 .part L_0xa4998c0, 3, 1;
L_0xa49ac70 .part L_0xa49d590, 0, 1;
L_0xa49ad10 .part L_0xa49d680, 0, 1;
L_0xa49af80 .part L_0xa49d590, 1, 1;
L_0xa49b0b0 .part L_0xa49d680, 1, 1;
L_0xa49b2e0 .part L_0xa49a6c0, 0, 1;
L_0xa49b490 .part L_0xa49d590, 2, 1;
L_0xa49b5d0 .part L_0xa49d680, 2, 1;
L_0xa49b6c0 .part L_0xa49a6c0, 1, 1;
L_0xa49b940 .concat8 [ 1 1 1 1], L_0xa49ae00, L_0xa49b380, L_0xa49b530, L_0xa49bb70;
L_0xa49bad0 .part L_0xa49d590, 3, 1;
L_0xa49b760 .part L_0xa49d680, 3, 1;
L_0xa49bd40 .part L_0xa49a6c0, 2, 1;
L_0xa49bff0 .part L_0xa49a6c0, 3, 1;
L_0xa49c1a0 .reduce/and L_0xa4998c0;
L_0xa49bde0 .part L_0xa499850, 3, 1;
L_0xa49c320 .part L_0xa4998c0, 3, 1;
L_0xa49c240 .part L_0xa499850, 2, 1;
L_0xa49bf50 .part L_0xa4998c0, 3, 1;
L_0xa49c3c0 .part L_0xa4998c0, 2, 1;
L_0xa49c9e0 .part L_0xa499850, 1, 1;
L_0xa49ce50 .part L_0xa4998c0, 3, 1;
L_0xa49cef0 .part L_0xa4998c0, 2, 1;
L_0xa49ccf0 .part L_0xa4998c0, 1, 1;
L_0xa49d290 .part L_0xa499850, 0, 1;
S_0x9fa4130 .scope module, "adder2" "add_pg_4" 8 46, 9 3 0, S_0x9f71510;
 .timescale -9 -12;
    .port_info 0 /INPUT 4 "val1";
    .port_info 1 /INPUT 4 "val2";
    .port_info 2 /INPUT 1 "carry_in";
    .port_info 3 /OUTPUT 4 "val_out";
    .port_info 4 /OUTPUT 1 "carry_out";
    .port_info 5 /OUTPUT 1 "prop_out";
    .port_info 6 /OUTPUT 1 "gen_out";
L_0xa49dd00 .functor AND 4, L_0xa4a19b0, L_0xa4a1a50, C4<1111>, C4<1111>;
L_0xa49dd70 .functor XOR 4, L_0xa4a19b0, L_0xa4a1a50, C4<0000>, C4<0000>;
L_0xa49e060 .functor AND 1, L_0xa4a1b60, L_0xa49df70, C4<1>, C4<1>;
L_0xa49e120 .functor OR 1, L_0xa49de80, L_0xa49e060, C4<0>, C4<0>;
L_0xa49e410 .functor AND 1, L_0xa49e2d0, L_0xa49e370, C4<1>, C4<1>;
L_0xa49e520 .functor OR 1, L_0xa49e230, L_0xa49e410, C4<0>, C4<0>;
L_0xa49e860 .functor AND 1, L_0xa49e6d0, L_0xa49e770, C4<1>, C4<1>;
L_0xa49e920 .functor OR 1, L_0xa49e630, L_0xa49e860, C4<0>, C4<0>;
L_0xa49eec0 .functor AND 1, L_0xa49ed10, L_0xa49edb0, C4<1>, C4<1>;
L_0xa49ef30 .functor OR 1, L_0xa49ec10, L_0xa49eec0, C4<0>, C4<0>;
L_0xa49ee50 .functor XOR 1, L_0xa49f090, L_0xa49f130, C4<0>, C4<0>;
L_0xa49f220 .functor XOR 1, L_0xa49ee50, L_0xa4a1b60, C4<0>, C4<0>;
L_0xa49f690 .functor XOR 1, L_0xa49f3a0, L_0xa49f4d0, C4<0>, C4<0>;
L_0xa49f7a0 .functor XOR 1, L_0xa49f690, L_0xa49f700, C4<0>, C4<0>;
L_0xa49f330 .functor XOR 1, L_0xa49f8b0, L_0xa49f9f0, C4<0>, C4<0>;
L_0xa49f950 .functor XOR 1, L_0xa49f330, L_0xa49fae0, C4<0>, C4<0>;
L_0xa4a0050 .functor XOR 1, L_0xa49fef0, L_0xa49fb80, C4<0>, C4<0>;
L_0xa49ff90 .functor XOR 1, L_0xa4a0050, L_0xa4a0160, C4<0>, C4<0>;
L_0xa49fcd0 .functor AND 1, L_0xa4a0740, L_0xa4a0660, C4<1>, C4<1>;
L_0xa4a0970 .functor OR 1, L_0xa4a0200, L_0xa49fcd0, C4<0>, C4<0>;
L_0xa4a0d40 .functor AND 1, L_0xa4a0370, L_0xa4a07e0, C4<1>, C4<1>;
L_0xa4a0c40 .functor AND 1, L_0xa4a0d40, L_0xa4a0e00, C4<1>, C4<1>;
L_0xa4a0a80 .functor OR 1, L_0xa4a0970, L_0xa4a0c40, C4<0>, C4<0>;
L_0xa4a0fb0 .functor AND 1, L_0xa4a1270, L_0xa4a1310, C4<1>, C4<1>;
L_0xa4a15a0 .functor AND 1, L_0xa4a0fb0, L_0xa4a1110, C4<1>, C4<1>;
L_0xa4a13b0 .functor AND 1, L_0xa4a15a0, L_0xa4a16b0, C4<1>, C4<1>;
L_0xa4a14d0 .functor OR 1, L_0xa4a0a80, L_0xa4a13b0, C4<0>, C4<0>;
v0x9f79740_0 .net *"_ivl_10", 0 0, L_0xa49e060;  1 drivers
v0x9f78a90_0 .net *"_ivl_103", 0 0, L_0xa4a0200;  1 drivers
v0x9f71870_0 .net *"_ivl_105", 0 0, L_0xa4a0740;  1 drivers
v0x9f71930_0 .net *"_ivl_107", 0 0, L_0xa4a0660;  1 drivers
v0x9f71270_0 .net *"_ivl_108", 0 0, L_0xa49fcd0;  1 drivers
v0x9f70c20_0 .net *"_ivl_110", 0 0, L_0xa4a0970;  1 drivers
v0x9f355c0_0 .net *"_ivl_113", 0 0, L_0xa4a0370;  1 drivers
v0x9f5d5e0_0 .net *"_ivl_115", 0 0, L_0xa4a07e0;  1 drivers
v0x9f5d040_0 .net *"_ivl_116", 0 0, L_0xa4a0d40;  1 drivers
v0x9f5c9f0_0 .net *"_ivl_119", 0 0, L_0xa4a0e00;  1 drivers
v0x9f35080_0 .net *"_ivl_12", 0 0, L_0xa49e120;  1 drivers
v0x9f493b0_0 .net *"_ivl_120", 0 0, L_0xa4a0c40;  1 drivers
v0x9f48e10_0 .net *"_ivl_122", 0 0, L_0xa4a0a80;  1 drivers
v0x9f487c0_0 .net *"_ivl_125", 0 0, L_0xa4a1270;  1 drivers
v0x9f1a000_0 .net *"_ivl_127", 0 0, L_0xa4a1310;  1 drivers
v0x9f19a00_0 .net *"_ivl_128", 0 0, L_0xa4a0fb0;  1 drivers
v0x9f193b0_0 .net *"_ivl_131", 0 0, L_0xa4a1110;  1 drivers
v0x9eddd50_0 .net *"_ivl_132", 0 0, L_0xa4a15a0;  1 drivers
v0x9f05d70_0 .net *"_ivl_135", 0 0, L_0xa4a16b0;  1 drivers
v0x9f057d0_0 .net *"_ivl_136", 0 0, L_0xa4a13b0;  1 drivers
v0x9f05180_0 .net *"_ivl_17", 0 0, L_0xa49e230;  1 drivers
v0x9edd810_0 .net *"_ivl_19", 0 0, L_0xa49e2d0;  1 drivers
v0x9ef1b40_0 .net *"_ivl_21", 0 0, L_0xa49e370;  1 drivers
v0x9ef15a0_0 .net *"_ivl_22", 0 0, L_0xa49e410;  1 drivers
v0x9ef0f50_0 .net *"_ivl_24", 0 0, L_0xa49e520;  1 drivers
v0xa2a7170_0 .net *"_ivl_29", 0 0, L_0xa49e630;  1 drivers
v0xa24bd50_0 .net *"_ivl_31", 0 0, L_0xa49e6d0;  1 drivers
v0xa24b700_0 .net *"_ivl_33", 0 0, L_0xa49e770;  1 drivers
v0xa2a3940_0 .net *"_ivl_34", 0 0, L_0xa49e860;  1 drivers
v0xa2a3380_0 .net *"_ivl_36", 0 0, L_0xa49e920;  1 drivers
v0xa2a2d30_0 .net *"_ivl_42", 0 0, L_0xa49ec10;  1 drivers
v0xa29bb10_0 .net *"_ivl_44", 0 0, L_0xa49ed10;  1 drivers
v0xa29b510_0 .net *"_ivl_46", 0 0, L_0xa49edb0;  1 drivers
v0xa29aec0_0 .net *"_ivl_47", 0 0, L_0xa49eec0;  1 drivers
v0xa25f860_0 .net *"_ivl_49", 0 0, L_0xa49ef30;  1 drivers
v0xa287880_0 .net *"_ivl_54", 0 0, L_0xa49f090;  1 drivers
v0xa2872e0_0 .net *"_ivl_56", 0 0, L_0xa49f130;  1 drivers
v0xa286c90_0 .net *"_ivl_57", 0 0, L_0xa49ee50;  1 drivers
v0xa25f320_0 .net *"_ivl_59", 0 0, L_0xa49f220;  1 drivers
v0xa273650_0 .net *"_ivl_64", 0 0, L_0xa49f3a0;  1 drivers
v0xa2730b0_0 .net *"_ivl_66", 0 0, L_0xa49f4d0;  1 drivers
v0xa272a60_0 .net *"_ivl_67", 0 0, L_0xa49f690;  1 drivers
v0xa244190_0 .net *"_ivl_7", 0 0, L_0xa49de80;  1 drivers
v0xa243b90_0 .net *"_ivl_70", 0 0, L_0xa49f700;  1 drivers
v0xa243540_0 .net *"_ivl_71", 0 0, L_0xa49f7a0;  1 drivers
v0xa207ee0_0 .net *"_ivl_76", 0 0, L_0xa49f8b0;  1 drivers
v0xa22ff00_0 .net *"_ivl_78", 0 0, L_0xa49f9f0;  1 drivers
v0xa22f960_0 .net *"_ivl_79", 0 0, L_0xa49f330;  1 drivers
v0xa22f310_0 .net *"_ivl_82", 0 0, L_0xa49fae0;  1 drivers
v0xa2079a0_0 .net *"_ivl_83", 0 0, L_0xa49f950;  1 drivers
v0xa21bcd0_0 .net *"_ivl_89", 0 0, L_0xa49fef0;  1 drivers
v0xa21b730_0 .net *"_ivl_9", 0 0, L_0xa49df70;  1 drivers
v0xa21b0e0_0 .net *"_ivl_91", 0 0, L_0xa49fb80;  1 drivers
v0xa2ae650_0 .net *"_ivl_92", 0 0, L_0xa4a0050;  1 drivers
v0xa123080_0 .net *"_ivl_95", 0 0, L_0xa4a0160;  1 drivers
v0xa1ee7e0_0 .net *"_ivl_96", 0 0, L_0xa49ff90;  1 drivers
v0xa1398d0_0 .net "carry", 3 0, L_0xa49ea80;  1 drivers
v0xa070f10_0 .net "carry_in", 0 0, L_0xa4a1b60;  1 drivers
v0xa070fd0_0 .net "carry_out", 0 0, L_0xa4a0410;  1 drivers
v0xa0c7c90_0 .net "gen", 3 0, L_0xa49dd00;  1 drivers
v0xa0c7750_0 .net "gen_out", 0 0, L_0xa4a14d0;  1 drivers
v0xa0c7810_0 .net "prop", 3 0, L_0xa49dd70;  1 drivers
v0xa11f880_0 .net "prop_out", 0 0, L_0xa4a05c0;  1 drivers
v0xa11f940_0 .net "val1", 3 0, L_0xa4a19b0;  1 drivers
v0xa11f2c0_0 .net "val2", 3 0, L_0xa4a1a50;  1 drivers
v0x9d4c530_0 .net "val_out", 3 0, L_0xa49fd60;  1 drivers
L_0xa49de80 .part L_0xa49dd00, 0, 1;
L_0xa49df70 .part L_0xa49dd70, 0, 1;
L_0xa49e230 .part L_0xa49dd00, 1, 1;
L_0xa49e2d0 .part L_0xa49ea80, 0, 1;
L_0xa49e370 .part L_0xa49dd70, 1, 1;
L_0xa49e630 .part L_0xa49dd00, 2, 1;
L_0xa49e6d0 .part L_0xa49ea80, 1, 1;
L_0xa49e770 .part L_0xa49dd70, 2, 1;
L_0xa49ea80 .concat8 [ 1 1 1 1], L_0xa49e120, L_0xa49e520, L_0xa49e920, L_0xa49ef30;
L_0xa49ec10 .part L_0xa49dd00, 3, 1;
L_0xa49ed10 .part L_0xa49ea80, 2, 1;
L_0xa49edb0 .part L_0xa49dd70, 3, 1;
L_0xa49f090 .part L_0xa4a19b0, 0, 1;
L_0xa49f130 .part L_0xa4a1a50, 0, 1;
L_0xa49f3a0 .part L_0xa4a19b0, 1, 1;
L_0xa49f4d0 .part L_0xa4a1a50, 1, 1;
L_0xa49f700 .part L_0xa49ea80, 0, 1;
L_0xa49f8b0 .part L_0xa4a19b0, 2, 1;
L_0xa49f9f0 .part L_0xa4a1a50, 2, 1;
L_0xa49fae0 .part L_0xa49ea80, 1, 1;
L_0xa49fd60 .concat8 [ 1 1 1 1], L_0xa49f220, L_0xa49f7a0, L_0xa49f950, L_0xa49ff90;
L_0xa49fef0 .part L_0xa4a19b0, 3, 1;
L_0xa49fb80 .part L_0xa4a1a50, 3, 1;
L_0xa4a0160 .part L_0xa49ea80, 2, 1;
L_0xa4a0410 .part L_0xa49ea80, 3, 1;
L_0xa4a05c0 .reduce/and L_0xa49dd70;
L_0xa4a0200 .part L_0xa49dd00, 3, 1;
L_0xa4a0740 .part L_0xa49dd70, 3, 1;
L_0xa4a0660 .part L_0xa49dd00, 2, 1;
L_0xa4a0370 .part L_0xa49dd70, 3, 1;
L_0xa4a07e0 .part L_0xa49dd70, 2, 1;
L_0xa4a0e00 .part L_0xa49dd00, 1, 1;
L_0xa4a1270 .part L_0xa49dd70, 3, 1;
L_0xa4a1310 .part L_0xa49dd70, 2, 1;
L_0xa4a1110 .part L_0xa49dd70, 1, 1;
L_0xa4a16b0 .part L_0xa49dd00, 0, 1;
S_0x9f90b50 .scope module, "adder3" "add_pg_4" 8 60, 9 3 0, S_0x9f71510;
 .timescale -9 -12;
    .port_info 0 /INPUT 4 "val1";
    .port_info 1 /INPUT 4 "val2";
    .port_info 2 /INPUT 1 "carry_in";
    .port_info 3 /OUTPUT 4 "val_out";
    .port_info 4 /OUTPUT 1 "carry_out";
    .port_info 5 /OUTPUT 1 "prop_out";
    .port_info 6 /OUTPUT 1 "gen_out";
L_0xa4a1fd0 .functor AND 4, L_0xa4a5d20, L_0xa4a5dc0, C4<1111>, C4<1111>;
L_0xa4a2040 .functor XOR 4, L_0xa4a5d20, L_0xa4a5dc0, C4<0000>, C4<0000>;
L_0xa4a2330 .functor AND 1, L_0xa4a5f00, L_0xa4a2240, C4<1>, C4<1>;
L_0xa4a23f0 .functor OR 1, L_0xa4a2150, L_0xa4a2330, C4<0>, C4<0>;
L_0xa4a26e0 .functor AND 1, L_0xa4a25a0, L_0xa4a2640, C4<1>, C4<1>;
L_0xa4a27f0 .functor OR 1, L_0xa4a2500, L_0xa4a26e0, C4<0>, C4<0>;
L_0xa4a2b30 .functor AND 1, L_0xa4a29a0, L_0xa4a2a40, C4<1>, C4<1>;
L_0xa4a2bf0 .functor OR 1, L_0xa4a2900, L_0xa4a2b30, C4<0>, C4<0>;
L_0xa4a31c0 .functor AND 1, L_0xa4a2f80, L_0xa4a30b0, C4<1>, C4<1>;
L_0xa4a3230 .functor OR 1, L_0xa4a2ee0, L_0xa4a31c0, C4<0>, C4<0>;
L_0xa4a3150 .functor XOR 1, L_0xa4a3390, L_0xa4a3430, C4<0>, C4<0>;
L_0xa4a3520 .functor XOR 1, L_0xa4a3150, L_0xa4a5f00, C4<0>, C4<0>;
L_0xa4a3990 .functor XOR 1, L_0xa4a36a0, L_0xa4a37d0, C4<0>, C4<0>;
L_0xa4a3aa0 .functor XOR 1, L_0xa4a3990, L_0xa4a3a00, C4<0>, C4<0>;
L_0xa4a3630 .functor XOR 1, L_0xa4a3bb0, L_0xa4a3cf0, C4<0>, C4<0>;
L_0xa4a3c50 .functor XOR 1, L_0xa4a3630, L_0xa4a3de0, C4<0>, C4<0>;
L_0xa4a4350 .functor XOR 1, L_0xa4a41f0, L_0xa4a3e80, C4<0>, C4<0>;
L_0xa4a4290 .functor XOR 1, L_0xa4a4350, L_0xa4a4460, C4<0>, C4<0>;
L_0xa4a4bd0 .functor AND 1, L_0xa4a4a40, L_0xa4a4960, C4<1>, C4<1>;
L_0xa4a4ce0 .functor OR 1, L_0xa4a4500, L_0xa4a4bd0, C4<0>, C4<0>;
L_0xa4a50b0 .functor AND 1, L_0xa4a4670, L_0xa4a4ae0, C4<1>, C4<1>;
L_0xa4a4fb0 .functor AND 1, L_0xa4a50b0, L_0xa4a5170, C4<1>, C4<1>;
L_0xa4a4df0 .functor OR 1, L_0xa4a4ce0, L_0xa4a4fb0, C4<0>, C4<0>;
L_0xa4a5320 .functor AND 1, L_0xa4a55e0, L_0xa4a5680, C4<1>, C4<1>;
L_0xa4a5910 .functor AND 1, L_0xa4a5320, L_0xa4a5480, C4<1>, C4<1>;
L_0xa4a5720 .functor AND 1, L_0xa4a5910, L_0xa4a5a20, C4<1>, C4<1>;
L_0xa4a5840 .functor OR 1, L_0xa4a4df0, L_0xa4a5720, C4<0>, C4<0>;
v0xa11f360_0 .net *"_ivl_10", 0 0, L_0xa4a2330;  1 drivers
v0xa117a50_0 .net *"_ivl_103", 0 0, L_0xa4a4500;  1 drivers
v0xa117450_0 .net *"_ivl_105", 0 0, L_0xa4a4a40;  1 drivers
v0xa117510_0 .net *"_ivl_107", 0 0, L_0xa4a4960;  1 drivers
v0xa116e00_0 .net *"_ivl_108", 0 0, L_0xa4a4bd0;  1 drivers
v0xa0db7a0_0 .net *"_ivl_110", 0 0, L_0xa4a4ce0;  1 drivers
v0xa1037c0_0 .net *"_ivl_113", 0 0, L_0xa4a4670;  1 drivers
v0xa103220_0 .net *"_ivl_115", 0 0, L_0xa4a4ae0;  1 drivers
v0xa102bd0_0 .net *"_ivl_116", 0 0, L_0xa4a50b0;  1 drivers
v0xa0db260_0 .net *"_ivl_119", 0 0, L_0xa4a5170;  1 drivers
v0xa0ef590_0 .net *"_ivl_12", 0 0, L_0xa4a23f0;  1 drivers
v0xa0eeff0_0 .net *"_ivl_120", 0 0, L_0xa4a4fb0;  1 drivers
v0xa0ee9a0_0 .net *"_ivl_122", 0 0, L_0xa4a4df0;  1 drivers
v0xa0c01e0_0 .net *"_ivl_125", 0 0, L_0xa4a55e0;  1 drivers
v0xa0bfbe0_0 .net *"_ivl_127", 0 0, L_0xa4a5680;  1 drivers
v0xa0bf590_0 .net *"_ivl_128", 0 0, L_0xa4a5320;  1 drivers
v0xa083f30_0 .net *"_ivl_131", 0 0, L_0xa4a5480;  1 drivers
v0xa0abf50_0 .net *"_ivl_132", 0 0, L_0xa4a5910;  1 drivers
v0xa0ab9b0_0 .net *"_ivl_135", 0 0, L_0xa4a5a20;  1 drivers
v0xa0ab360_0 .net *"_ivl_136", 0 0, L_0xa4a5720;  1 drivers
v0xa0839f0_0 .net *"_ivl_17", 0 0, L_0xa4a2500;  1 drivers
v0xa097d20_0 .net *"_ivl_19", 0 0, L_0xa4a25a0;  1 drivers
v0xa097780_0 .net *"_ivl_21", 0 0, L_0xa4a2640;  1 drivers
v0xa097130_0 .net *"_ivl_22", 0 0, L_0xa4a26e0;  1 drivers
v0xa1ec1c0_0 .net *"_ivl_24", 0 0, L_0xa4a27f0;  1 drivers
v0xa1eb8c0_0 .net *"_ivl_29", 0 0, L_0xa4a2900;  1 drivers
v0xa1ed690_0 .net *"_ivl_31", 0 0, L_0xa4a29a0;  1 drivers
v0xa1ecbe0_0 .net *"_ivl_33", 0 0, L_0xa4a2a40;  1 drivers
v0xa1ec6d0_0 .net *"_ivl_34", 0 0, L_0xa4a2b30;  1 drivers
v0xa1904a0_0 .net *"_ivl_36", 0 0, L_0xa4a2bf0;  1 drivers
v0xa18ff60_0 .net *"_ivl_42", 0 0, L_0xa4a2ee0;  1 drivers
v0xa1e8090_0 .net *"_ivl_44", 0 0, L_0xa4a2f80;  1 drivers
v0xa1e7ad0_0 .net *"_ivl_46", 0 0, L_0xa4a30b0;  1 drivers
v0xa1e7480_0 .net *"_ivl_47", 0 0, L_0xa4a31c0;  1 drivers
v0xa1e0260_0 .net *"_ivl_49", 0 0, L_0xa4a3230;  1 drivers
v0xa1dfc60_0 .net *"_ivl_54", 0 0, L_0xa4a3390;  1 drivers
v0xa1df610_0 .net *"_ivl_56", 0 0, L_0xa4a3430;  1 drivers
v0xa1a3fb0_0 .net *"_ivl_57", 0 0, L_0xa4a3150;  1 drivers
v0xa1cbfd0_0 .net *"_ivl_59", 0 0, L_0xa4a3520;  1 drivers
v0xa1cba30_0 .net *"_ivl_64", 0 0, L_0xa4a36a0;  1 drivers
v0xa1cb3e0_0 .net *"_ivl_66", 0 0, L_0xa4a37d0;  1 drivers
v0xa1a3a70_0 .net *"_ivl_67", 0 0, L_0xa4a3990;  1 drivers
v0xa1b7da0_0 .net *"_ivl_7", 0 0, L_0xa4a2150;  1 drivers
v0xa1b7800_0 .net *"_ivl_70", 0 0, L_0xa4a3a00;  1 drivers
v0xa1b71b0_0 .net *"_ivl_71", 0 0, L_0xa4a3aa0;  1 drivers
v0xa1889f0_0 .net *"_ivl_76", 0 0, L_0xa4a3bb0;  1 drivers
v0xa1883f0_0 .net *"_ivl_78", 0 0, L_0xa4a3cf0;  1 drivers
v0xa187da0_0 .net *"_ivl_79", 0 0, L_0xa4a3630;  1 drivers
v0xa14c740_0 .net *"_ivl_82", 0 0, L_0xa4a3de0;  1 drivers
v0xa174760_0 .net *"_ivl_83", 0 0, L_0xa4a3c50;  1 drivers
v0xa1741c0_0 .net *"_ivl_89", 0 0, L_0xa4a41f0;  1 drivers
v0xa173b70_0 .net *"_ivl_9", 0 0, L_0xa4a2240;  1 drivers
v0xa14c200_0 .net *"_ivl_91", 0 0, L_0xa4a3e80;  1 drivers
v0xa160530_0 .net *"_ivl_92", 0 0, L_0xa4a4350;  1 drivers
v0xa15ff90_0 .net *"_ivl_95", 0 0, L_0xa4a4460;  1 drivers
v0xa15f940_0 .net *"_ivl_96", 0 0, L_0xa4a4290;  1 drivers
v0xa138c90_0 .net "carry", 3 0, L_0xa4a2d50;  1 drivers
v0xa1387c0_0 .net "carry_in", 0 0, L_0xa4a5f00;  1 drivers
v0xa138880_0 .net8 "carry_out", 0 0, RS_0x7f41ebeb6818;  alias, 2 drivers
v0xa015ac0_0 .net "gen", 3 0, L_0xa4a1fd0;  1 drivers
v0xa015580_0 .net "gen_out", 0 0, L_0xa4a5840;  1 drivers
v0xa015640_0 .net "prop", 3 0, L_0xa4a2040;  1 drivers
v0xa06d6b0_0 .net "prop_out", 0 0, L_0xa4a48c0;  1 drivers
v0xa06d770_0 .net "val1", 3 0, L_0xa4a5d20;  1 drivers
v0xa06d0f0_0 .net "val2", 3 0, L_0xa4a5dc0;  1 drivers
v0x9d50160_0 .net "val_out", 3 0, L_0xa4a4060;  1 drivers
L_0xa4a2150 .part L_0xa4a1fd0, 0, 1;
L_0xa4a2240 .part L_0xa4a2040, 0, 1;
L_0xa4a2500 .part L_0xa4a1fd0, 1, 1;
L_0xa4a25a0 .part L_0xa4a2d50, 0, 1;
L_0xa4a2640 .part L_0xa4a2040, 1, 1;
L_0xa4a2900 .part L_0xa4a1fd0, 2, 1;
L_0xa4a29a0 .part L_0xa4a2d50, 1, 1;
L_0xa4a2a40 .part L_0xa4a2040, 2, 1;
L_0xa4a2d50 .concat8 [ 1 1 1 1], L_0xa4a23f0, L_0xa4a27f0, L_0xa4a2bf0, L_0xa4a3230;
L_0xa4a2ee0 .part L_0xa4a1fd0, 3, 1;
L_0xa4a2f80 .part L_0xa4a2d50, 2, 1;
L_0xa4a30b0 .part L_0xa4a2040, 3, 1;
L_0xa4a3390 .part L_0xa4a5d20, 0, 1;
L_0xa4a3430 .part L_0xa4a5dc0, 0, 1;
L_0xa4a36a0 .part L_0xa4a5d20, 1, 1;
L_0xa4a37d0 .part L_0xa4a5dc0, 1, 1;
L_0xa4a3a00 .part L_0xa4a2d50, 0, 1;
L_0xa4a3bb0 .part L_0xa4a5d20, 2, 1;
L_0xa4a3cf0 .part L_0xa4a5dc0, 2, 1;
L_0xa4a3de0 .part L_0xa4a2d50, 1, 1;
L_0xa4a4060 .concat8 [ 1 1 1 1], L_0xa4a3520, L_0xa4a3aa0, L_0xa4a3c50, L_0xa4a4290;
L_0xa4a41f0 .part L_0xa4a5d20, 3, 1;
L_0xa4a3e80 .part L_0xa4a5dc0, 3, 1;
L_0xa4a4460 .part L_0xa4a2d50, 2, 1;
L_0xa4a4710 .part L_0xa4a2d50, 3, 1;
L_0xa4a48c0 .reduce/and L_0xa4a2040;
L_0xa4a4500 .part L_0xa4a1fd0, 3, 1;
L_0xa4a4a40 .part L_0xa4a2040, 3, 1;
L_0xa4a4960 .part L_0xa4a1fd0, 2, 1;
L_0xa4a4670 .part L_0xa4a2040, 3, 1;
L_0xa4a4ae0 .part L_0xa4a2040, 2, 1;
L_0xa4a5170 .part L_0xa4a1fd0, 1, 1;
L_0xa4a55e0 .part L_0xa4a2040, 3, 1;
L_0xa4a5680 .part L_0xa4a2040, 2, 1;
L_0xa4a5480 .part L_0xa4a2040, 1, 1;
L_0xa4a5a20 .part L_0xa4a1fd0, 0, 1;
S_0x9f91360 .scope module, "adder1" "add_pg_16" 7 32, 8 3 0, S_0x9f5d2e0;
 .timescale -9 -12;
    .port_info 0 /INPUT 16 "val1";
    .port_info 1 /INPUT 16 "val2";
    .port_info 2 /INPUT 1 "carry_in";
    .port_info 3 /OUTPUT 16 "val_out";
    .port_info 4 /OUTPUT 1 "carry_out";
    .port_info 5 /OUTPUT 1 "prop_out";
    .port_info 6 /OUTPUT 1 "gen_out";
L_0xa4ac3f0 .functor AND 1, L_0xa4bacf0, L_0xa4ac350, C4<1>, C4<1>;
L_0xa4ac460 .functor OR 1, L_0xa4ac2b0, L_0xa4ac3f0, C4<0>, C4<0>;
L_0xa4b07f0 .functor AND 1, L_0xa4b0610, L_0xa4b0700, C4<1>, C4<1>;
L_0xa4b08b0 .functor OR 1, L_0xa4b04d0, L_0xa4b07f0, C4<0>, C4<0>;
L_0xa4b47b0 .functor AND 1, L_0xa4b4960, L_0xa4b4a00, C4<1>, C4<1>;
L_0xa4b4b80 .functor OR 1, L_0xa4b48c0, L_0xa4b47b0, C4<0>, C4<0>;
L_0xa4b9200 .functor AND 1, L_0xa4b8fb0, L_0xa4b92d0, C4<1>, C4<1>;
L_0xa4b94a0 .functor OR 1, L_0xa4b9160, L_0xa4b9200, C4<0>, C4<0>;
L_0xa4b9b30 .functor AND 1, L_0xa4b9990, L_0xa4b98a0, C4<1>, C4<1>;
L_0xa4b9bf0 .functor OR 1, L_0xa4b9370, L_0xa4b9b30, C4<0>, C4<0>;
L_0xa4b9fc0 .functor AND 1, L_0xa4b9d00, L_0xa4b9a30, C4<1>, C4<1>;
L_0xa4b9eb0 .functor AND 1, L_0xa4b9fc0, L_0xa4ba030, C4<1>, C4<1>;
L_0xa4ba370 .functor OR 1, L_0xa4b9bf0, L_0xa4b9eb0, C4<0>, C4<0>;
L_0xa4ba1e0 .functor AND 1, L_0xa4ba480, L_0xa4ba520, C4<1>, C4<1>;
L_0xa4ba300 .functor AND 1, L_0xa4ba1e0, L_0xa4ba6f0, C4<1>, C4<1>;
L_0xa4ba5c0 .functor AND 1, L_0xa4ba300, L_0xa4ba830, C4<1>, C4<1>;
L_0xa4baaa0 .functor OR 1, L_0xa4ba370, L_0xa4ba5c0, C4<0>, C4<0>;
v0xa15fd00_0 .net *"_ivl_101", 0 0, L_0xa4b9370;  1 drivers
v0xa015230_0 .net *"_ivl_103", 0 0, L_0xa4b9990;  1 drivers
v0xa015310_0 .net *"_ivl_105", 0 0, L_0xa4b98a0;  1 drivers
v0xa06cdc0_0 .net *"_ivl_106", 0 0, L_0xa4b9b30;  1 drivers
v0xa06cea0_0 .net *"_ivl_108", 0 0, L_0xa4b9bf0;  1 drivers
v0xa064f50_0 .net *"_ivl_111", 0 0, L_0xa4b9d00;  1 drivers
v0xa065030_0 .net *"_ivl_113", 0 0, L_0xa4b9a30;  1 drivers
v0xa050d20_0 .net *"_ivl_114", 0 0, L_0xa4b9fc0;  1 drivers
v0xa050de0_0 .net *"_ivl_117", 0 0, L_0xa4ba030;  1 drivers
v0xa028d40_0 .net *"_ivl_118", 0 0, L_0xa4b9eb0;  1 drivers
v0xa028e20_0 .net *"_ivl_120", 0 0, L_0xa4ba370;  1 drivers
v0xa03caf0_0 .net *"_ivl_123", 0 0, L_0xa4ba480;  1 drivers
v0xa03cbd0_0 .net *"_ivl_125", 0 0, L_0xa4ba520;  1 drivers
v0xa00d6e0_0 .net *"_ivl_126", 0 0, L_0xa4ba1e0;  1 drivers
v0xa00d7c0_0 .net *"_ivl_129", 0 0, L_0xa4ba6f0;  1 drivers
v0x9ff94b0_0 .net *"_ivl_13", 0 0, L_0xa4ac2b0;  1 drivers
v0x9ff9570_0 .net *"_ivl_130", 0 0, L_0xa4ba300;  1 drivers
v0x9fd14d0_0 .net *"_ivl_133", 0 0, L_0xa4ba830;  1 drivers
v0x9fd15b0_0 .net *"_ivl_134", 0 0, L_0xa4ba5c0;  1 drivers
v0x9fe5280_0 .net *"_ivl_15", 0 0, L_0xa4ac350;  1 drivers
v0x9fe5360_0 .net *"_ivl_16", 0 0, L_0xa4ac3f0;  1 drivers
v0xa2afed0_0 .net *"_ivl_18", 0 0, L_0xa4ac460;  1 drivers
v0xa2affb0_0 .net *"_ivl_35", 0 0, L_0xa4b04d0;  1 drivers
v0xa2afae0_0 .net *"_ivl_37", 0 0, L_0xa4b0610;  1 drivers
v0xa2afba0_0 .net *"_ivl_39", 0 0, L_0xa4b0700;  1 drivers
v0xa2b3dd0_0 .net *"_ivl_40", 0 0, L_0xa4b07f0;  1 drivers
v0xa2b3eb0_0 .net *"_ivl_42", 0 0, L_0xa4b08b0;  1 drivers
v0xa2b39e0_0 .net *"_ivl_59", 0 0, L_0xa4b48c0;  1 drivers
v0xa2b3ac0_0 .net *"_ivl_61", 0 0, L_0xa4b4960;  1 drivers
v0xa2b35f0_0 .net *"_ivl_63", 0 0, L_0xa4b4a00;  1 drivers
v0xa2b36d0_0 .net *"_ivl_64", 0 0, L_0xa4b47b0;  1 drivers
v0xa2b3200_0 .net *"_ivl_66", 0 0, L_0xa4b4b80;  1 drivers
v0xa2b32c0_0 .net *"_ivl_87", 0 0, L_0xa4b9160;  1 drivers
v0xa2b2e10_0 .net *"_ivl_89", 0 0, L_0xa4b8fb0;  1 drivers
v0xa2b2ef0_0 .net *"_ivl_91", 0 0, L_0xa4b92d0;  1 drivers
v0xa2b2a20_0 .net *"_ivl_92", 0 0, L_0xa4b9200;  1 drivers
v0xa2b2b00_0 .net *"_ivl_94", 0 0, L_0xa4b94a0;  1 drivers
v0xa2b2630_0 .net "carry", 3 0, L_0xa4b8bf0;  1 drivers
v0xa2b2710_0 .net "carry_in", 0 0, L_0xa4bacf0;  1 drivers
RS_0x7f41ebeba898 .resolv tri, L_0xa4b7270, L_0xa4b9650;
v0xa2b2240_0 .net8 "carry_out", 0 0, RS_0x7f41ebeba898;  2 drivers
v0xa2b22e0_0 .net "gen", 3 0, L_0xa4b8d90;  1 drivers
v0xa2b1e50_0 .net "gen_out", 0 0, L_0xa4baaa0;  1 drivers
v0xa2b1ef0_0 .net "prop", 3 0, L_0xa4b89c0;  1 drivers
v0xa2b1a60_0 .net "prop_out", 0 0, L_0xa4b9800;  1 drivers
v0xa2b1b00_0 .net "val1", 15 0, L_0xa4babb0;  1 drivers
v0x9f7b3a0_0 .net "val2", 15 0, L_0xa4bac50;  1 drivers
v0x9f7b460_0 .net "val_out", 15 0, L_0xa4b8b00;  1 drivers
L_0xa4ac170 .part L_0xa4babb0, 0, 4;
L_0xa4ac210 .part L_0xa4bac50, 0, 4;
L_0xa4ac2b0 .part L_0xa4b8d90, 0, 1;
L_0xa4ac350 .part L_0xa4b89c0, 0, 1;
L_0xa4b0250 .part L_0xa4babb0, 4, 4;
L_0xa4b0340 .part L_0xa4bac50, 4, 4;
L_0xa4b0430 .part L_0xa4b8bf0, 0, 1;
L_0xa4b04d0 .part L_0xa4b8d90, 1, 1;
L_0xa4b0610 .part L_0xa4b8bf0, 0, 1;
L_0xa4b0700 .part L_0xa4b89c0, 1, 1;
L_0xa4b4670 .part L_0xa4babb0, 8, 4;
L_0xa4b4710 .part L_0xa4bac50, 8, 4;
L_0xa4b4820 .part L_0xa4b8bf0, 1, 1;
L_0xa4b48c0 .part L_0xa4b8d90, 2, 1;
L_0xa4b4960 .part L_0xa4b8bf0, 1, 1;
L_0xa4b4a00 .part L_0xa4b89c0, 2, 1;
L_0xa4b8880 .part L_0xa4babb0, 12, 4;
L_0xa4b8920 .part L_0xa4bac50, 12, 4;
L_0xa4b8a60 .part L_0xa4b8bf0, 2, 1;
L_0xa4b8b00 .concat8 [ 4 4 4 4], L_0xa4aa520, L_0xa4ae600, L_0xa4b2a20, L_0xa4b6bc0;
L_0xa4b89c0 .concat8 [ 1 1 1 1], L_0xa4aad80, L_0xa4aee60, L_0xa4b3280, L_0xa4b7420;
L_0xa4b8d90 .concat8 [ 1 1 1 1], L_0xa4abc90, L_0xa4afd70, L_0xa4b4190, L_0xa4b83a0;
L_0xa4b8bf0 .concat8 [ 1 1 1 1], L_0xa4ac460, L_0xa4b08b0, L_0xa4b4b80, L_0xa4b94a0;
L_0xa4b9160 .part L_0xa4b8d90, 3, 1;
L_0xa4b8fb0 .part L_0xa4b8bf0, 2, 1;
L_0xa4b92d0 .part L_0xa4b89c0, 3, 1;
L_0xa4b9650 .part L_0xa4b8bf0, 3, 1;
L_0xa4b9800 .reduce/and L_0xa4b89c0;
L_0xa4b9370 .part L_0xa4b8d90, 3, 1;
L_0xa4b9990 .part L_0xa4b89c0, 3, 1;
L_0xa4b98a0 .part L_0xa4b8d90, 2, 1;
L_0xa4b9d00 .part L_0xa4b89c0, 3, 1;
L_0xa4b9a30 .part L_0xa4b89c0, 2, 1;
L_0xa4ba030 .part L_0xa4b8d90, 1, 1;
L_0xa4ba480 .part L_0xa4b89c0, 3, 1;
L_0xa4ba520 .part L_0xa4b89c0, 2, 1;
L_0xa4ba6f0 .part L_0xa4b89c0, 1, 1;
L_0xa4ba830 .part L_0xa4b8d90, 0, 1;
S_0x9f91b70 .scope module, "adder0" "add_pg_4" 8 18, 9 3 0, S_0x9f91360;
 .timescale -9 -12;
    .port_info 0 /INPUT 4 "val1";
    .port_info 1 /INPUT 4 "val2";
    .port_info 2 /INPUT 1 "carry_in";
    .port_info 3 /OUTPUT 4 "val_out";
    .port_info 4 /OUTPUT 1 "carry_out";
    .port_info 5 /OUTPUT 1 "prop_out";
    .port_info 6 /OUTPUT 1 "gen_out";
L_0xa4a85b0 .functor AND 4, L_0xa4ac170, L_0xa4ac210, C4<1111>, C4<1111>;
L_0xa4a8620 .functor XOR 4, L_0xa4ac170, L_0xa4ac210, C4<0000>, C4<0000>;
L_0xa4a8910 .functor AND 1, L_0xa4bacf0, L_0xa4a8820, C4<1>, C4<1>;
L_0xa4a8a20 .functor OR 1, L_0xa4a8730, L_0xa4a8910, C4<0>, C4<0>;
L_0xa4a8d10 .functor AND 1, L_0xa4a8bd0, L_0xa4a8c70, C4<1>, C4<1>;
L_0xa4a8e20 .functor OR 1, L_0xa4a8b30, L_0xa4a8d10, C4<0>, C4<0>;
L_0xa4a9160 .functor AND 1, L_0xa4a8fd0, L_0xa4a9070, C4<1>, C4<1>;
L_0xa4a9220 .functor OR 1, L_0xa4a8f30, L_0xa4a9160, C4<0>, C4<0>;
L_0xa4a9760 .functor AND 1, L_0xa4a95b0, L_0xa4a9650, C4<1>, C4<1>;
L_0xa4a97d0 .functor OR 1, L_0xa4a9510, L_0xa4a9760, C4<0>, C4<0>;
L_0xa4a96f0 .functor XOR 1, L_0xa4a9930, L_0xa4a99d0, C4<0>, C4<0>;
L_0xa4a9ac0 .functor XOR 1, L_0xa4a96f0, L_0xa4bacf0, C4<0>, C4<0>;
L_0xa4a9e50 .functor XOR 1, L_0xa4a9bf0, L_0xa4a9c90, C4<0>, C4<0>;
L_0xa4a9f60 .functor XOR 1, L_0xa4a9e50, L_0xa4a9ec0, C4<0>, C4<0>;
L_0xa4a9b80 .functor XOR 1, L_0xa4aa070, L_0xa4aa1b0, C4<0>, C4<0>;
L_0xa4aa110 .functor XOR 1, L_0xa4a9b80, L_0xa4aa2a0, C4<0>, C4<0>;
L_0xa4aa810 .functor XOR 1, L_0xa4aa6b0, L_0xa4aa340, C4<0>, C4<0>;
L_0xa4aa750 .functor XOR 1, L_0xa4aa810, L_0xa4aa920, C4<0>, C4<0>;
L_0xa4aa490 .functor AND 1, L_0xa4aaf00, L_0xa4aae20, C4<1>, C4<1>;
L_0xa4ab130 .functor OR 1, L_0xa4aa9c0, L_0xa4aa490, C4<0>, C4<0>;
L_0xa4ab500 .functor AND 1, L_0xa4aab30, L_0xa4aafa0, C4<1>, C4<1>;
L_0xa4ab400 .functor AND 1, L_0xa4ab500, L_0xa4ab5c0, C4<1>, C4<1>;
L_0xa4ab240 .functor OR 1, L_0xa4ab130, L_0xa4ab400, C4<0>, C4<0>;
L_0xa4ab770 .functor AND 1, L_0xa4aba30, L_0xa4abad0, C4<1>, C4<1>;
L_0xa4abd60 .functor AND 1, L_0xa4ab770, L_0xa4ab8d0, C4<1>, C4<1>;
L_0xa4abb70 .functor AND 1, L_0xa4abd60, L_0xa4abe70, C4<1>, C4<1>;
L_0xa4abc90 .functor OR 1, L_0xa4ab240, L_0xa4abb70, C4<0>, C4<0>;
v0xa2f97c0_0 .net *"_ivl_10", 0 0, L_0xa4a8910;  1 drivers
v0x9f7e670_0 .net *"_ivl_103", 0 0, L_0xa4aa9c0;  1 drivers
v0x9f7e750_0 .net *"_ivl_105", 0 0, L_0xa4aaf00;  1 drivers
v0x9fb6770_0 .net *"_ivl_107", 0 0, L_0xa4aae20;  1 drivers
v0x9fb6830_0 .net *"_ivl_108", 0 0, L_0xa4aa490;  1 drivers
v0xa2a3620_0 .net *"_ivl_110", 0 0, L_0xa4ab130;  1 drivers
v0xa2a3700_0 .net *"_ivl_113", 0 0, L_0xa4aab30;  1 drivers
v0xa29b7b0_0 .net *"_ivl_115", 0 0, L_0xa4aafa0;  1 drivers
v0xa29b890_0 .net *"_ivl_116", 0 0, L_0xa4ab500;  1 drivers
v0xa287580_0 .net *"_ivl_119", 0 0, L_0xa4ab5c0;  1 drivers
v0xa287660_0 .net *"_ivl_12", 0 0, L_0xa4a8a20;  1 drivers
v0xa273350_0 .net *"_ivl_120", 0 0, L_0xa4ab400;  1 drivers
v0xa273430_0 .net *"_ivl_122", 0 0, L_0xa4ab240;  1 drivers
v0xa243e30_0 .net *"_ivl_125", 0 0, L_0xa4aba30;  1 drivers
v0xa243f10_0 .net *"_ivl_127", 0 0, L_0xa4abad0;  1 drivers
v0xa22fc00_0 .net *"_ivl_128", 0 0, L_0xa4ab770;  1 drivers
v0xa22fce0_0 .net *"_ivl_131", 0 0, L_0xa4ab8d0;  1 drivers
v0xa21b9d0_0 .net *"_ivl_132", 0 0, L_0xa4abd60;  1 drivers
v0xa21bab0_0 .net *"_ivl_135", 0 0, L_0xa4abe70;  1 drivers
v0xa11f560_0 .net *"_ivl_136", 0 0, L_0xa4abb70;  1 drivers
v0xa11f640_0 .net *"_ivl_17", 0 0, L_0xa4a8b30;  1 drivers
v0xa1176f0_0 .net *"_ivl_19", 0 0, L_0xa4a8bd0;  1 drivers
v0xa1177d0_0 .net *"_ivl_21", 0 0, L_0xa4a8c70;  1 drivers
v0xa1034c0_0 .net *"_ivl_22", 0 0, L_0xa4a8d10;  1 drivers
v0xa1035a0_0 .net *"_ivl_24", 0 0, L_0xa4a8e20;  1 drivers
v0xa0ef290_0 .net *"_ivl_29", 0 0, L_0xa4a8f30;  1 drivers
v0xa0ef370_0 .net *"_ivl_31", 0 0, L_0xa4a8fd0;  1 drivers
v0xa0bfe80_0 .net *"_ivl_33", 0 0, L_0xa4a9070;  1 drivers
v0xa0bff60_0 .net *"_ivl_34", 0 0, L_0xa4a9160;  1 drivers
v0xa0abc50_0 .net *"_ivl_36", 0 0, L_0xa4a9220;  1 drivers
v0xa0abd30_0 .net *"_ivl_42", 0 0, L_0xa4a9510;  1 drivers
v0xa097a20_0 .net *"_ivl_44", 0 0, L_0xa4a95b0;  1 drivers
v0xa097b00_0 .net *"_ivl_46", 0 0, L_0xa4a9650;  1 drivers
v0x9d5ff50_0 .net *"_ivl_47", 0 0, L_0xa4a9760;  1 drivers
v0x9d60030_0 .net *"_ivl_49", 0 0, L_0xa4a97d0;  1 drivers
v0x9d60110_0 .net *"_ivl_54", 0 0, L_0xa4a9930;  1 drivers
v0xa139e70_0 .net *"_ivl_56", 0 0, L_0xa4a99d0;  1 drivers
v0xa139f50_0 .net *"_ivl_57", 0 0, L_0xa4a96f0;  1 drivers
v0xa1e7d70_0 .net *"_ivl_59", 0 0, L_0xa4a9ac0;  1 drivers
v0xa1e7e50_0 .net *"_ivl_64", 0 0, L_0xa4a9bf0;  1 drivers
v0xa1dff00_0 .net *"_ivl_66", 0 0, L_0xa4a9c90;  1 drivers
v0xa1dffe0_0 .net *"_ivl_67", 0 0, L_0xa4a9e50;  1 drivers
v0xa1cbcd0_0 .net *"_ivl_7", 0 0, L_0xa4a8730;  1 drivers
v0xa1cbdb0_0 .net *"_ivl_70", 0 0, L_0xa4a9ec0;  1 drivers
v0xa1b7aa0_0 .net *"_ivl_71", 0 0, L_0xa4a9f60;  1 drivers
v0xa1b7b80_0 .net *"_ivl_76", 0 0, L_0xa4aa070;  1 drivers
v0xa188690_0 .net *"_ivl_78", 0 0, L_0xa4aa1b0;  1 drivers
v0xa188770_0 .net *"_ivl_79", 0 0, L_0xa4a9b80;  1 drivers
v0xa174460_0 .net *"_ivl_82", 0 0, L_0xa4aa2a0;  1 drivers
v0xa174540_0 .net *"_ivl_83", 0 0, L_0xa4aa110;  1 drivers
v0xa160230_0 .net *"_ivl_89", 0 0, L_0xa4aa6b0;  1 drivers
v0xa160310_0 .net *"_ivl_9", 0 0, L_0xa4a8820;  1 drivers
v0xa06d390_0 .net *"_ivl_91", 0 0, L_0xa4aa340;  1 drivers
v0xa06d470_0 .net *"_ivl_92", 0 0, L_0xa4aa810;  1 drivers
v0xa065520_0 .net *"_ivl_95", 0 0, L_0xa4aa920;  1 drivers
v0xa065600_0 .net *"_ivl_96", 0 0, L_0xa4aa750;  1 drivers
v0xa0512f0_0 .net "carry", 3 0, L_0xa4a9380;  1 drivers
v0xa0513d0_0 .net "carry_in", 0 0, L_0xa4bacf0;  alias, 1 drivers
v0xa03d0c0_0 .net "carry_out", 0 0, L_0xa4aabd0;  1 drivers
v0xa03d180_0 .net "gen", 3 0, L_0xa4a85b0;  1 drivers
v0xa00dcb0_0 .net "gen_out", 0 0, L_0xa4abc90;  1 drivers
v0xa00dd70_0 .net "prop", 3 0, L_0xa4a8620;  1 drivers
v0x9ff9a80_0 .net "prop_out", 0 0, L_0xa4aad80;  1 drivers
v0x9ff9b40_0 .net "val1", 3 0, L_0xa4ac170;  1 drivers
v0x9fe5850_0 .net "val2", 3 0, L_0xa4ac210;  1 drivers
v0x9d68430_0 .net "val_out", 3 0, L_0xa4aa520;  1 drivers
L_0xa4a8730 .part L_0xa4a85b0, 0, 1;
L_0xa4a8820 .part L_0xa4a8620, 0, 1;
L_0xa4a8b30 .part L_0xa4a85b0, 1, 1;
L_0xa4a8bd0 .part L_0xa4a9380, 0, 1;
L_0xa4a8c70 .part L_0xa4a8620, 1, 1;
L_0xa4a8f30 .part L_0xa4a85b0, 2, 1;
L_0xa4a8fd0 .part L_0xa4a9380, 1, 1;
L_0xa4a9070 .part L_0xa4a8620, 2, 1;
L_0xa4a9380 .concat8 [ 1 1 1 1], L_0xa4a8a20, L_0xa4a8e20, L_0xa4a9220, L_0xa4a97d0;
L_0xa4a9510 .part L_0xa4a85b0, 3, 1;
L_0xa4a95b0 .part L_0xa4a9380, 2, 1;
L_0xa4a9650 .part L_0xa4a8620, 3, 1;
L_0xa4a9930 .part L_0xa4ac170, 0, 1;
L_0xa4a99d0 .part L_0xa4ac210, 0, 1;
L_0xa4a9bf0 .part L_0xa4ac170, 1, 1;
L_0xa4a9c90 .part L_0xa4ac210, 1, 1;
L_0xa4a9ec0 .part L_0xa4a9380, 0, 1;
L_0xa4aa070 .part L_0xa4ac170, 2, 1;
L_0xa4aa1b0 .part L_0xa4ac210, 2, 1;
L_0xa4aa2a0 .part L_0xa4a9380, 1, 1;
L_0xa4aa520 .concat8 [ 1 1 1 1], L_0xa4a9ac0, L_0xa4a9f60, L_0xa4aa110, L_0xa4aa750;
L_0xa4aa6b0 .part L_0xa4ac170, 3, 1;
L_0xa4aa340 .part L_0xa4ac210, 3, 1;
L_0xa4aa920 .part L_0xa4a9380, 2, 1;
L_0xa4aabd0 .part L_0xa4a9380, 3, 1;
L_0xa4aad80 .reduce/and L_0xa4a8620;
L_0xa4aa9c0 .part L_0xa4a85b0, 3, 1;
L_0xa4aaf00 .part L_0xa4a8620, 3, 1;
L_0xa4aae20 .part L_0xa4a85b0, 2, 1;
L_0xa4aab30 .part L_0xa4a8620, 3, 1;
L_0xa4aafa0 .part L_0xa4a8620, 2, 1;
L_0xa4ab5c0 .part L_0xa4a85b0, 1, 1;
L_0xa4aba30 .part L_0xa4a8620, 3, 1;
L_0xa4abad0 .part L_0xa4a8620, 2, 1;
L_0xa4ab8d0 .part L_0xa4a8620, 1, 1;
L_0xa4abe70 .part L_0xa4a85b0, 0, 1;
S_0x9f92380 .scope module, "adder1" "add_pg_4" 8 32, 9 3 0, S_0x9f91360;
 .timescale -9 -12;
    .port_info 0 /INPUT 4 "val1";
    .port_info 1 /INPUT 4 "val2";
    .port_info 2 /INPUT 1 "carry_in";
    .port_info 3 /OUTPUT 4 "val_out";
    .port_info 4 /OUTPUT 1 "carry_out";
    .port_info 5 /OUTPUT 1 "prop_out";
    .port_info 6 /OUTPUT 1 "gen_out";
L_0xa4ac570 .functor AND 4, L_0xa4b0250, L_0xa4b0340, C4<1111>, C4<1111>;
L_0xa4ac5e0 .functor XOR 4, L_0xa4b0250, L_0xa4b0340, C4<0000>, C4<0000>;
L_0xa4ac8d0 .functor AND 1, L_0xa4b0430, L_0xa4ac7e0, C4<1>, C4<1>;
L_0xa4ac990 .functor OR 1, L_0xa4ac6f0, L_0xa4ac8d0, C4<0>, C4<0>;
L_0xa4acc80 .functor AND 1, L_0xa4acb40, L_0xa4acbe0, C4<1>, C4<1>;
L_0xa4acd90 .functor OR 1, L_0xa4acaa0, L_0xa4acc80, C4<0>, C4<0>;
L_0xa4ad0d0 .functor AND 1, L_0xa4acf40, L_0xa4acfe0, C4<1>, C4<1>;
L_0xa4ad190 .functor OR 1, L_0xa4acea0, L_0xa4ad0d0, C4<0>, C4<0>;
L_0xa4ad760 .functor AND 1, L_0xa4ad520, L_0xa4ad650, C4<1>, C4<1>;
L_0xa4ad7d0 .functor OR 1, L_0xa4ad480, L_0xa4ad760, C4<0>, C4<0>;
L_0xa4ad6f0 .functor XOR 1, L_0xa4ad930, L_0xa4ad9d0, C4<0>, C4<0>;
L_0xa4adac0 .functor XOR 1, L_0xa4ad6f0, L_0xa4b0430, C4<0>, C4<0>;
L_0xa4adf30 .functor XOR 1, L_0xa4adc40, L_0xa4add70, C4<0>, C4<0>;
L_0xa4ae040 .functor XOR 1, L_0xa4adf30, L_0xa4adfa0, C4<0>, C4<0>;
L_0xa4adbd0 .functor XOR 1, L_0xa4ae150, L_0xa4ae290, C4<0>, C4<0>;
L_0xa4ae1f0 .functor XOR 1, L_0xa4adbd0, L_0xa4ae380, C4<0>, C4<0>;
L_0xa4ae8f0 .functor XOR 1, L_0xa4ae790, L_0xa4ae420, C4<0>, C4<0>;
L_0xa4ae830 .functor XOR 1, L_0xa4ae8f0, L_0xa4aea00, C4<0>, C4<0>;
L_0xa4ae570 .functor AND 1, L_0xa4aefe0, L_0xa4aef00, C4<1>, C4<1>;
L_0xa4af210 .functor OR 1, L_0xa4aeaa0, L_0xa4ae570, C4<0>, C4<0>;
L_0xa4af5e0 .functor AND 1, L_0xa4aec10, L_0xa4af080, C4<1>, C4<1>;
L_0xa4af4e0 .functor AND 1, L_0xa4af5e0, L_0xa4af6a0, C4<1>, C4<1>;
L_0xa4af320 .functor OR 1, L_0xa4af210, L_0xa4af4e0, C4<0>, C4<0>;
L_0xa4af850 .functor AND 1, L_0xa4afb10, L_0xa4afbb0, C4<1>, C4<1>;
L_0xa4afe40 .functor AND 1, L_0xa4af850, L_0xa4af9b0, C4<1>, C4<1>;
L_0xa4afc50 .functor AND 1, L_0xa4afe40, L_0xa4aff50, C4<1>, C4<1>;
L_0xa4afd70 .functor OR 1, L_0xa4af320, L_0xa4afc50, C4<0>, C4<0>;
v0x9e4e870_0 .net *"_ivl_10", 0 0, L_0xa4ac8d0;  1 drivers
v0x9e4e950_0 .net *"_ivl_103", 0 0, L_0xa4aeaa0;  1 drivers
v0xa2fa370_0 .net *"_ivl_105", 0 0, L_0xa4aefe0;  1 drivers
v0xa2fa430_0 .net *"_ivl_107", 0 0, L_0xa4aef00;  1 drivers
v0xa2f9f80_0 .net *"_ivl_108", 0 0, L_0xa4ae570;  1 drivers
v0xa2fa060_0 .net *"_ivl_110", 0 0, L_0xa4af210;  1 drivers
v0xa2f9b90_0 .net *"_ivl_113", 0 0, L_0xa4aec10;  1 drivers
v0xa2f9c70_0 .net *"_ivl_115", 0 0, L_0xa4af080;  1 drivers
v0xa2ff230_0 .net *"_ivl_116", 0 0, L_0xa4af5e0;  1 drivers
v0xa2ff310_0 .net *"_ivl_119", 0 0, L_0xa4af6a0;  1 drivers
v0xa2fee40_0 .net *"_ivl_12", 0 0, L_0xa4ac990;  1 drivers
v0xa2fef20_0 .net *"_ivl_120", 0 0, L_0xa4af4e0;  1 drivers
v0xa2fea50_0 .net *"_ivl_122", 0 0, L_0xa4af320;  1 drivers
v0xa2feb30_0 .net *"_ivl_125", 0 0, L_0xa4afb10;  1 drivers
v0xa2fe660_0 .net *"_ivl_127", 0 0, L_0xa4afbb0;  1 drivers
v0xa2fe740_0 .net *"_ivl_128", 0 0, L_0xa4af850;  1 drivers
v0xa2fe270_0 .net *"_ivl_131", 0 0, L_0xa4af9b0;  1 drivers
v0xa2fe350_0 .net *"_ivl_132", 0 0, L_0xa4afe40;  1 drivers
v0xa2fde80_0 .net *"_ivl_135", 0 0, L_0xa4aff50;  1 drivers
v0xa2fdf60_0 .net *"_ivl_136", 0 0, L_0xa4afc50;  1 drivers
v0xa2fda90_0 .net *"_ivl_17", 0 0, L_0xa4acaa0;  1 drivers
v0xa2fdb70_0 .net *"_ivl_19", 0 0, L_0xa4acb40;  1 drivers
v0xa2fd6a0_0 .net *"_ivl_21", 0 0, L_0xa4acbe0;  1 drivers
v0xa2fd780_0 .net *"_ivl_22", 0 0, L_0xa4acc80;  1 drivers
v0xa2fd2b0_0 .net *"_ivl_24", 0 0, L_0xa4acd90;  1 drivers
v0xa2fd390_0 .net *"_ivl_29", 0 0, L_0xa4acea0;  1 drivers
v0xa2fcec0_0 .net *"_ivl_31", 0 0, L_0xa4acf40;  1 drivers
v0xa2fcfa0_0 .net *"_ivl_33", 0 0, L_0xa4acfe0;  1 drivers
v0xa2fcad0_0 .net *"_ivl_34", 0 0, L_0xa4ad0d0;  1 drivers
v0xa2fcbb0_0 .net *"_ivl_36", 0 0, L_0xa4ad190;  1 drivers
v0xa2fc6e0_0 .net *"_ivl_42", 0 0, L_0xa4ad480;  1 drivers
v0xa2fc7c0_0 .net *"_ivl_44", 0 0, L_0xa4ad520;  1 drivers
v0xa2fc2f0_0 .net *"_ivl_46", 0 0, L_0xa4ad650;  1 drivers
v0xa2fc3d0_0 .net *"_ivl_47", 0 0, L_0xa4ad760;  1 drivers
v0xa2fbf00_0 .net *"_ivl_49", 0 0, L_0xa4ad7d0;  1 drivers
v0xa2fbfe0_0 .net *"_ivl_54", 0 0, L_0xa4ad930;  1 drivers
v0xa2fbb10_0 .net *"_ivl_56", 0 0, L_0xa4ad9d0;  1 drivers
v0xa2fbbf0_0 .net *"_ivl_57", 0 0, L_0xa4ad6f0;  1 drivers
v0xa2fb720_0 .net *"_ivl_59", 0 0, L_0xa4adac0;  1 drivers
v0xa2fb800_0 .net *"_ivl_64", 0 0, L_0xa4adc40;  1 drivers
v0xa2fb330_0 .net *"_ivl_66", 0 0, L_0xa4add70;  1 drivers
v0xa2fb410_0 .net *"_ivl_67", 0 0, L_0xa4adf30;  1 drivers
v0xa2faf40_0 .net *"_ivl_7", 0 0, L_0xa4ac6f0;  1 drivers
v0xa2fb020_0 .net *"_ivl_70", 0 0, L_0xa4adfa0;  1 drivers
v0xa2fab50_0 .net *"_ivl_71", 0 0, L_0xa4ae040;  1 drivers
v0xa2fac30_0 .net *"_ivl_76", 0 0, L_0xa4ae150;  1 drivers
v0xa2fa760_0 .net *"_ivl_78", 0 0, L_0xa4ae290;  1 drivers
v0xa2fa840_0 .net *"_ivl_79", 0 0, L_0xa4adbd0;  1 drivers
v0x9f7dce0_0 .net *"_ivl_82", 0 0, L_0xa4ae380;  1 drivers
v0x9f7ddc0_0 .net *"_ivl_83", 0 0, L_0xa4ae1f0;  1 drivers
v0x9ecadf0_0 .net *"_ivl_89", 0 0, L_0xa4ae790;  1 drivers
v0x9ecaed0_0 .net *"_ivl_9", 0 0, L_0xa4ac7e0;  1 drivers
v0x9f21220_0 .net *"_ivl_91", 0 0, L_0xa4ae420;  1 drivers
v0x9f21300_0 .net *"_ivl_92", 0 0, L_0xa4ae8f0;  1 drivers
v0x9f78db0_0 .net *"_ivl_95", 0 0, L_0xa4aea00;  1 drivers
v0x9f78e90_0 .net *"_ivl_96", 0 0, L_0xa4ae830;  1 drivers
v0x9f70f40_0 .net "carry", 3 0, L_0xa4ad2f0;  1 drivers
v0x9f71020_0 .net "carry_in", 0 0, L_0xa4b0430;  1 drivers
v0x9f5cd10_0 .net "carry_out", 0 0, L_0xa4aecb0;  1 drivers
v0x9f5cdd0_0 .net "gen", 3 0, L_0xa4ac570;  1 drivers
v0x9f34d30_0 .net "gen_out", 0 0, L_0xa4afd70;  1 drivers
v0x9f34df0_0 .net "prop", 3 0, L_0xa4ac5e0;  1 drivers
v0x9f48ae0_0 .net "prop_out", 0 0, L_0xa4aee60;  1 drivers
v0x9f48ba0_0 .net "val1", 3 0, L_0xa4b0250;  1 drivers
v0x9f196d0_0 .net "val2", 3 0, L_0xa4b0340;  1 drivers
v0x9d7bf50_0 .net "val_out", 3 0, L_0xa4ae600;  1 drivers
L_0xa4ac6f0 .part L_0xa4ac570, 0, 1;
L_0xa4ac7e0 .part L_0xa4ac5e0, 0, 1;
L_0xa4acaa0 .part L_0xa4ac570, 1, 1;
L_0xa4acb40 .part L_0xa4ad2f0, 0, 1;
L_0xa4acbe0 .part L_0xa4ac5e0, 1, 1;
L_0xa4acea0 .part L_0xa4ac570, 2, 1;
L_0xa4acf40 .part L_0xa4ad2f0, 1, 1;
L_0xa4acfe0 .part L_0xa4ac5e0, 2, 1;
L_0xa4ad2f0 .concat8 [ 1 1 1 1], L_0xa4ac990, L_0xa4acd90, L_0xa4ad190, L_0xa4ad7d0;
L_0xa4ad480 .part L_0xa4ac570, 3, 1;
L_0xa4ad520 .part L_0xa4ad2f0, 2, 1;
L_0xa4ad650 .part L_0xa4ac5e0, 3, 1;
L_0xa4ad930 .part L_0xa4b0250, 0, 1;
L_0xa4ad9d0 .part L_0xa4b0340, 0, 1;
L_0xa4adc40 .part L_0xa4b0250, 1, 1;
L_0xa4add70 .part L_0xa4b0340, 1, 1;
L_0xa4adfa0 .part L_0xa4ad2f0, 0, 1;
L_0xa4ae150 .part L_0xa4b0250, 2, 1;
L_0xa4ae290 .part L_0xa4b0340, 2, 1;
L_0xa4ae380 .part L_0xa4ad2f0, 1, 1;
L_0xa4ae600 .concat8 [ 1 1 1 1], L_0xa4adac0, L_0xa4ae040, L_0xa4ae1f0, L_0xa4ae830;
L_0xa4ae790 .part L_0xa4b0250, 3, 1;
L_0xa4ae420 .part L_0xa4b0340, 3, 1;
L_0xa4aea00 .part L_0xa4ad2f0, 2, 1;
L_0xa4aecb0 .part L_0xa4ad2f0, 3, 1;
L_0xa4aee60 .reduce/and L_0xa4ac5e0;
L_0xa4aeaa0 .part L_0xa4ac570, 3, 1;
L_0xa4aefe0 .part L_0xa4ac5e0, 3, 1;
L_0xa4aef00 .part L_0xa4ac570, 2, 1;
L_0xa4aec10 .part L_0xa4ac5e0, 3, 1;
L_0xa4af080 .part L_0xa4ac5e0, 2, 1;
L_0xa4af6a0 .part L_0xa4ac570, 1, 1;
L_0xa4afb10 .part L_0xa4ac5e0, 3, 1;
L_0xa4afbb0 .part L_0xa4ac5e0, 2, 1;
L_0xa4af9b0 .part L_0xa4ac5e0, 1, 1;
L_0xa4aff50 .part L_0xa4ac570, 0, 1;
S_0x9f92b90 .scope module, "adder2" "add_pg_4" 8 46, 9 3 0, S_0x9f91360;
 .timescale -9 -12;
    .port_info 0 /INPUT 4 "val1";
    .port_info 1 /INPUT 4 "val2";
    .port_info 2 /INPUT 1 "carry_in";
    .port_info 3 /OUTPUT 4 "val_out";
    .port_info 4 /OUTPUT 1 "carry_out";
    .port_info 5 /OUTPUT 1 "prop_out";
    .port_info 6 /OUTPUT 1 "gen_out";
L_0xa4b09c0 .functor AND 4, L_0xa4b4670, L_0xa4b4710, C4<1111>, C4<1111>;
L_0xa4b0a30 .functor XOR 4, L_0xa4b4670, L_0xa4b4710, C4<0000>, C4<0000>;
L_0xa4b0d20 .functor AND 1, L_0xa4b4820, L_0xa4b0c30, C4<1>, C4<1>;
L_0xa4b0de0 .functor OR 1, L_0xa4b0b40, L_0xa4b0d20, C4<0>, C4<0>;
L_0xa4b10d0 .functor AND 1, L_0xa4b0f90, L_0xa4b1030, C4<1>, C4<1>;
L_0xa4b11e0 .functor OR 1, L_0xa4b0ef0, L_0xa4b10d0, C4<0>, C4<0>;
L_0xa4b1520 .functor AND 1, L_0xa4b1390, L_0xa4b1430, C4<1>, C4<1>;
L_0xa4b15e0 .functor OR 1, L_0xa4b12f0, L_0xa4b1520, C4<0>, C4<0>;
L_0xa4b1b80 .functor AND 1, L_0xa4b19d0, L_0xa4b1a70, C4<1>, C4<1>;
L_0xa4b1bf0 .functor OR 1, L_0xa4b18d0, L_0xa4b1b80, C4<0>, C4<0>;
L_0xa4b1b10 .functor XOR 1, L_0xa4b1d50, L_0xa4b1df0, C4<0>, C4<0>;
L_0xa4b1ee0 .functor XOR 1, L_0xa4b1b10, L_0xa4b4820, C4<0>, C4<0>;
L_0xa4b2350 .functor XOR 1, L_0xa4b2060, L_0xa4b2190, C4<0>, C4<0>;
L_0xa4b2460 .functor XOR 1, L_0xa4b2350, L_0xa4b23c0, C4<0>, C4<0>;
L_0xa4b1ff0 .functor XOR 1, L_0xa4b2570, L_0xa4b26b0, C4<0>, C4<0>;
L_0xa4b2610 .functor XOR 1, L_0xa4b1ff0, L_0xa4b27a0, C4<0>, C4<0>;
L_0xa4b2d10 .functor XOR 1, L_0xa4b2bb0, L_0xa4b2840, C4<0>, C4<0>;
L_0xa4b2c50 .functor XOR 1, L_0xa4b2d10, L_0xa4b2e20, C4<0>, C4<0>;
L_0xa4b2990 .functor AND 1, L_0xa4b3400, L_0xa4b3320, C4<1>, C4<1>;
L_0xa4b3630 .functor OR 1, L_0xa4b2ec0, L_0xa4b2990, C4<0>, C4<0>;
L_0xa4b3a00 .functor AND 1, L_0xa4b3030, L_0xa4b34a0, C4<1>, C4<1>;
L_0xa4b3900 .functor AND 1, L_0xa4b3a00, L_0xa4b3ac0, C4<1>, C4<1>;
L_0xa4b3740 .functor OR 1, L_0xa4b3630, L_0xa4b3900, C4<0>, C4<0>;
L_0xa4b3c70 .functor AND 1, L_0xa4b3f30, L_0xa4b3fd0, C4<1>, C4<1>;
L_0xa4b4260 .functor AND 1, L_0xa4b3c70, L_0xa4b3dd0, C4<1>, C4<1>;
L_0xa4b4070 .functor AND 1, L_0xa4b4260, L_0xa4b4370, C4<1>, C4<1>;
L_0xa4b4190 .functor OR 1, L_0xa4b3740, L_0xa4b4070, C4<0>, C4<0>;
v0x9f054a0_0 .net *"_ivl_10", 0 0, L_0xa4b0d20;  1 drivers
v0x9f05580_0 .net *"_ivl_103", 0 0, L_0xa4b2ec0;  1 drivers
v0x9edd4c0_0 .net *"_ivl_105", 0 0, L_0xa4b3400;  1 drivers
v0x9edd580_0 .net *"_ivl_107", 0 0, L_0xa4b3320;  1 drivers
v0x9ef1270_0 .net *"_ivl_108", 0 0, L_0xa4b2990;  1 drivers
v0x9ef1330_0 .net *"_ivl_110", 0 0, L_0xa4b3630;  1 drivers
v0x9e60a10_0 .net *"_ivl_113", 0 0, L_0xa4b3030;  1 drivers
v0x9e60af0_0 .net *"_ivl_115", 0 0, L_0xa4b34a0;  1 drivers
v0x9e60820_0 .net *"_ivl_116", 0 0, L_0xa4b3a00;  1 drivers
v0x9e60900_0 .net *"_ivl_119", 0 0, L_0xa4b3ac0;  1 drivers
v0x9f81ba0_0 .net *"_ivl_12", 0 0, L_0xa4b0de0;  1 drivers
v0x9f81c60_0 .net *"_ivl_120", 0 0, L_0xa4b3900;  1 drivers
v0x9f81810_0 .net *"_ivl_122", 0 0, L_0xa4b3740;  1 drivers
v0x9f818f0_0 .net *"_ivl_125", 0 0, L_0xa4b3f30;  1 drivers
v0x9f81480_0 .net *"_ivl_127", 0 0, L_0xa4b3fd0;  1 drivers
v0x9f81560_0 .net *"_ivl_128", 0 0, L_0xa4b3c70;  1 drivers
v0x9fa3ae0_0 .net *"_ivl_131", 0 0, L_0xa4b3dd0;  1 drivers
v0x9fa3bc0_0 .net *"_ivl_132", 0 0, L_0xa4b4260;  1 drivers
v0x9fa3750_0 .net *"_ivl_135", 0 0, L_0xa4b4370;  1 drivers
v0x9fa3830_0 .net *"_ivl_136", 0 0, L_0xa4b4070;  1 drivers
v0x9fa2f90_0 .net *"_ivl_17", 0 0, L_0xa4b0ef0;  1 drivers
v0x9fa3070_0 .net *"_ivl_19", 0 0, L_0xa4b0f90;  1 drivers
v0x9f7ee30_0 .net *"_ivl_21", 0 0, L_0xa4b1030;  1 drivers
v0x9f7ef10_0 .net *"_ivl_22", 0 0, L_0xa4b10d0;  1 drivers
v0x9f7ea40_0 .net *"_ivl_24", 0 0, L_0xa4b11e0;  1 drivers
v0x9f7eb20_0 .net *"_ivl_29", 0 0, L_0xa4b12f0;  1 drivers
v0x9fb7320_0 .net *"_ivl_31", 0 0, L_0xa4b1390;  1 drivers
v0x9fb7400_0 .net *"_ivl_33", 0 0, L_0xa4b1430;  1 drivers
v0x9fb6f30_0 .net *"_ivl_34", 0 0, L_0xa4b1520;  1 drivers
v0x9fb7010_0 .net *"_ivl_36", 0 0, L_0xa4b15e0;  1 drivers
v0x9fbc9c0_0 .net *"_ivl_42", 0 0, L_0xa4b18d0;  1 drivers
v0x9fbcaa0_0 .net *"_ivl_44", 0 0, L_0xa4b19d0;  1 drivers
v0x9fbc5d0_0 .net *"_ivl_46", 0 0, L_0xa4b1a70;  1 drivers
v0x9fbc6b0_0 .net *"_ivl_47", 0 0, L_0xa4b1b80;  1 drivers
v0x9fb6b40_0 .net *"_ivl_49", 0 0, L_0xa4b1bf0;  1 drivers
v0x9fb6c20_0 .net *"_ivl_54", 0 0, L_0xa4b1d50;  1 drivers
v0x9fbc1e0_0 .net *"_ivl_56", 0 0, L_0xa4b1df0;  1 drivers
v0x9fbc2c0_0 .net *"_ivl_57", 0 0, L_0xa4b1b10;  1 drivers
v0x9fbbdf0_0 .net *"_ivl_59", 0 0, L_0xa4b1ee0;  1 drivers
v0x9fbbed0_0 .net *"_ivl_64", 0 0, L_0xa4b2060;  1 drivers
v0x9fbba00_0 .net *"_ivl_66", 0 0, L_0xa4b2190;  1 drivers
v0x9fbbae0_0 .net *"_ivl_67", 0 0, L_0xa4b2350;  1 drivers
v0x9fbb610_0 .net *"_ivl_7", 0 0, L_0xa4b0b40;  1 drivers
v0x9fbb6f0_0 .net *"_ivl_70", 0 0, L_0xa4b23c0;  1 drivers
v0x9fbb220_0 .net *"_ivl_71", 0 0, L_0xa4b2460;  1 drivers
v0x9fbb300_0 .net *"_ivl_76", 0 0, L_0xa4b2570;  1 drivers
v0x9fbae30_0 .net *"_ivl_78", 0 0, L_0xa4b26b0;  1 drivers
v0x9fbaf10_0 .net *"_ivl_79", 0 0, L_0xa4b1ff0;  1 drivers
v0x9fbaa40_0 .net *"_ivl_82", 0 0, L_0xa4b27a0;  1 drivers
v0x9fbab20_0 .net *"_ivl_83", 0 0, L_0xa4b2610;  1 drivers
v0x9fba650_0 .net *"_ivl_89", 0 0, L_0xa4b2bb0;  1 drivers
v0x9fba730_0 .net *"_ivl_9", 0 0, L_0xa4b0c30;  1 drivers
v0x9fba260_0 .net *"_ivl_91", 0 0, L_0xa4b2840;  1 drivers
v0x9fba340_0 .net *"_ivl_92", 0 0, L_0xa4b2d10;  1 drivers
v0x9fb9e70_0 .net *"_ivl_95", 0 0, L_0xa4b2e20;  1 drivers
v0x9fb9f50_0 .net *"_ivl_96", 0 0, L_0xa4b2c50;  1 drivers
v0x9fb92a0_0 .net "carry", 3 0, L_0xa4b1740;  1 drivers
v0x9fb9380_0 .net "carry_in", 0 0, L_0xa4b4820;  1 drivers
v0x9fb8ac0_0 .net "carry_out", 0 0, L_0xa4b30d0;  1 drivers
v0x9fb8b80_0 .net "gen", 3 0, L_0xa4b09c0;  1 drivers
v0x9fb86d0_0 .net "gen_out", 0 0, L_0xa4b4190;  1 drivers
v0x9fb8790_0 .net "prop", 3 0, L_0xa4b0a30;  1 drivers
v0x9fb82e0_0 .net "prop_out", 0 0, L_0xa4b3280;  1 drivers
v0x9fb83a0_0 .net "val1", 3 0, L_0xa4b4670;  1 drivers
v0x9fb7b00_0 .net "val2", 3 0, L_0xa4b4710;  1 drivers
v0x9ce0620_0 .net "val_out", 3 0, L_0xa4b2a20;  1 drivers
L_0xa4b0b40 .part L_0xa4b09c0, 0, 1;
L_0xa4b0c30 .part L_0xa4b0a30, 0, 1;
L_0xa4b0ef0 .part L_0xa4b09c0, 1, 1;
L_0xa4b0f90 .part L_0xa4b1740, 0, 1;
L_0xa4b1030 .part L_0xa4b0a30, 1, 1;
L_0xa4b12f0 .part L_0xa4b09c0, 2, 1;
L_0xa4b1390 .part L_0xa4b1740, 1, 1;
L_0xa4b1430 .part L_0xa4b0a30, 2, 1;
L_0xa4b1740 .concat8 [ 1 1 1 1], L_0xa4b0de0, L_0xa4b11e0, L_0xa4b15e0, L_0xa4b1bf0;
L_0xa4b18d0 .part L_0xa4b09c0, 3, 1;
L_0xa4b19d0 .part L_0xa4b1740, 2, 1;
L_0xa4b1a70 .part L_0xa4b0a30, 3, 1;
L_0xa4b1d50 .part L_0xa4b4670, 0, 1;
L_0xa4b1df0 .part L_0xa4b4710, 0, 1;
L_0xa4b2060 .part L_0xa4b4670, 1, 1;
L_0xa4b2190 .part L_0xa4b4710, 1, 1;
L_0xa4b23c0 .part L_0xa4b1740, 0, 1;
L_0xa4b2570 .part L_0xa4b4670, 2, 1;
L_0xa4b26b0 .part L_0xa4b4710, 2, 1;
L_0xa4b27a0 .part L_0xa4b1740, 1, 1;
L_0xa4b2a20 .concat8 [ 1 1 1 1], L_0xa4b1ee0, L_0xa4b2460, L_0xa4b2610, L_0xa4b2c50;
L_0xa4b2bb0 .part L_0xa4b4670, 3, 1;
L_0xa4b2840 .part L_0xa4b4710, 3, 1;
L_0xa4b2e20 .part L_0xa4b1740, 2, 1;
L_0xa4b30d0 .part L_0xa4b1740, 3, 1;
L_0xa4b3280 .reduce/and L_0xa4b0a30;
L_0xa4b2ec0 .part L_0xa4b09c0, 3, 1;
L_0xa4b3400 .part L_0xa4b0a30, 3, 1;
L_0xa4b3320 .part L_0xa4b09c0, 2, 1;
L_0xa4b3030 .part L_0xa4b0a30, 3, 1;
L_0xa4b34a0 .part L_0xa4b0a30, 2, 1;
L_0xa4b3ac0 .part L_0xa4b09c0, 1, 1;
L_0xa4b3f30 .part L_0xa4b0a30, 3, 1;
L_0xa4b3fd0 .part L_0xa4b0a30, 2, 1;
L_0xa4b3dd0 .part L_0xa4b0a30, 1, 1;
L_0xa4b4370 .part L_0xa4b09c0, 0, 1;
S_0x9f8ef70 .scope module, "adder3" "add_pg_4" 8 60, 9 3 0, S_0x9f91360;
 .timescale -9 -12;
    .port_info 0 /INPUT 4 "val1";
    .port_info 1 /INPUT 4 "val2";
    .port_info 2 /INPUT 1 "carry_in";
    .port_info 3 /OUTPUT 4 "val_out";
    .port_info 4 /OUTPUT 1 "carry_out";
    .port_info 5 /OUTPUT 1 "prop_out";
    .port_info 6 /OUTPUT 1 "gen_out";
L_0xa4b4c90 .functor AND 4, L_0xa4b8880, L_0xa4b8920, C4<1111>, C4<1111>;
L_0xa4b4d00 .functor XOR 4, L_0xa4b8880, L_0xa4b8920, C4<0000>, C4<0000>;
L_0x9f5fc50 .functor AND 1, L_0xa4b8a60, L_0xa4b4f00, C4<1>, C4<1>;
L_0xa287f20 .functor OR 1, L_0xa4b4e10, L_0x9f5fc50, C4<0>, C4<0>;
L_0xa494d10 .functor AND 1, L_0xa4b5090, L_0xa4b5130, C4<1>, C4<1>;
L_0xa4b5270 .functor OR 1, L_0xa4b4ff0, L_0xa494d10, C4<0>, C4<0>;
L_0xa4b55b0 .functor AND 1, L_0xa4b5420, L_0xa4b54c0, C4<1>, C4<1>;
L_0xa4b5670 .functor OR 1, L_0xa4b5380, L_0xa4b55b0, C4<0>, C4<0>;
L_0xa4b5ca0 .functor AND 1, L_0xa4b5a60, L_0xa4b5b90, C4<1>, C4<1>;
L_0xa4b5d10 .functor OR 1, L_0xa4b5960, L_0xa4b5ca0, C4<0>, C4<0>;
L_0xa4b5c30 .functor XOR 1, L_0xa4b5e70, L_0xa4b5f10, C4<0>, C4<0>;
L_0xa4b6080 .functor XOR 1, L_0xa4b5c30, L_0xa4b8a60, C4<0>, C4<0>;
L_0xa4b64f0 .functor XOR 1, L_0xa4b6200, L_0xa4b6330, C4<0>, C4<0>;
L_0xa4b6600 .functor XOR 1, L_0xa4b64f0, L_0xa4b6560, C4<0>, C4<0>;
L_0xa4b6190 .functor XOR 1, L_0xa4b6710, L_0xa4b6850, C4<0>, C4<0>;
L_0xa4b67b0 .functor XOR 1, L_0xa4b6190, L_0xa4b6940, C4<0>, C4<0>;
L_0xa4b6eb0 .functor XOR 1, L_0xa4b6d50, L_0xa4b69e0, C4<0>, C4<0>;
L_0xa4b6df0 .functor XOR 1, L_0xa4b6eb0, L_0xa4b6fc0, C4<0>, C4<0>;
L_0xa4b7730 .functor AND 1, L_0xa4b75a0, L_0xa4b74c0, C4<1>, C4<1>;
L_0xa4b7840 .functor OR 1, L_0xa4b7060, L_0xa4b7730, C4<0>, C4<0>;
L_0xa4b7c10 .functor AND 1, L_0xa4b71d0, L_0xa4b7640, C4<1>, C4<1>;
L_0xa4b7b10 .functor AND 1, L_0xa4b7c10, L_0xa4b7cd0, C4<1>, C4<1>;
L_0xa4b7950 .functor OR 1, L_0xa4b7840, L_0xa4b7b10, C4<0>, C4<0>;
L_0xa4b7e80 .functor AND 1, L_0xa4b8140, L_0xa4b81e0, C4<1>, C4<1>;
L_0xa4b8470 .functor AND 1, L_0xa4b7e80, L_0xa4b7fe0, C4<1>, C4<1>;
L_0xa4b8280 .functor AND 1, L_0xa4b8470, L_0xa4b8580, C4<1>, C4<1>;
L_0xa4b83a0 .functor OR 1, L_0xa4b7950, L_0xa4b8280, C4<0>, C4<0>;
v0x9fb7710_0 .net *"_ivl_10", 0 0, L_0x9f5fc50;  1 drivers
v0x9fb7810_0 .net *"_ivl_103", 0 0, L_0xa4b7060;  1 drivers
v0xa24b3b0_0 .net *"_ivl_105", 0 0, L_0xa4b75a0;  1 drivers
v0xa24b450_0 .net *"_ivl_107", 0 0, L_0xa4b74c0;  1 drivers
v0xa2a3050_0 .net *"_ivl_108", 0 0, L_0xa4b7730;  1 drivers
v0xa2a3110_0 .net *"_ivl_110", 0 0, L_0xa4b7840;  1 drivers
v0xa29b1e0_0 .net *"_ivl_113", 0 0, L_0xa4b71d0;  1 drivers
v0xa29b2c0_0 .net *"_ivl_115", 0 0, L_0xa4b7640;  1 drivers
v0xa286fb0_0 .net *"_ivl_116", 0 0, L_0xa4b7c10;  1 drivers
v0xa287090_0 .net *"_ivl_119", 0 0, L_0xa4b7cd0;  1 drivers
v0xa25efd0_0 .net *"_ivl_12", 0 0, L_0xa287f20;  1 drivers
v0xa25f0b0_0 .net *"_ivl_120", 0 0, L_0xa4b7b10;  1 drivers
v0xa272d80_0 .net *"_ivl_122", 0 0, L_0xa4b7950;  1 drivers
v0xa272e40_0 .net *"_ivl_125", 0 0, L_0xa4b8140;  1 drivers
v0xa243860_0 .net *"_ivl_127", 0 0, L_0xa4b81e0;  1 drivers
v0xa243940_0 .net *"_ivl_128", 0 0, L_0xa4b7e80;  1 drivers
v0xa22f630_0 .net *"_ivl_131", 0 0, L_0xa4b7fe0;  1 drivers
v0xa22f710_0 .net *"_ivl_132", 0 0, L_0xa4b8470;  1 drivers
v0xa207650_0 .net *"_ivl_135", 0 0, L_0xa4b8580;  1 drivers
v0xa207730_0 .net *"_ivl_136", 0 0, L_0xa4b8280;  1 drivers
v0xa21b400_0 .net *"_ivl_17", 0 0, L_0xa4b4ff0;  1 drivers
v0xa21b4c0_0 .net *"_ivl_19", 0 0, L_0xa4b5090;  1 drivers
v0xa1ef050_0 .net *"_ivl_21", 0 0, L_0xa4b5130;  1 drivers
v0xa1ef130_0 .net *"_ivl_22", 0 0, L_0xa494d10;  1 drivers
v0xa1395a0_0 .net *"_ivl_24", 0 0, L_0xa4b5270;  1 drivers
v0xa139680_0 .net *"_ivl_29", 0 0, L_0xa4b5380;  1 drivers
v0xa0c7400_0 .net *"_ivl_31", 0 0, L_0xa4b5420;  1 drivers
v0xa0c74e0_0 .net *"_ivl_33", 0 0, L_0xa4b54c0;  1 drivers
v0xa11ef90_0 .net *"_ivl_34", 0 0, L_0xa4b55b0;  1 drivers
v0xa11f050_0 .net *"_ivl_36", 0 0, L_0xa4b5670;  1 drivers
v0xa117120_0 .net *"_ivl_42", 0 0, L_0xa4b5960;  1 drivers
v0xa117200_0 .net *"_ivl_44", 0 0, L_0xa4b5a60;  1 drivers
v0xa102ef0_0 .net *"_ivl_46", 0 0, L_0xa4b5b90;  1 drivers
v0xa102fd0_0 .net *"_ivl_47", 0 0, L_0xa4b5ca0;  1 drivers
v0xa0daf10_0 .net *"_ivl_49", 0 0, L_0xa4b5d10;  1 drivers
v0xa0daff0_0 .net *"_ivl_54", 0 0, L_0xa4b5e70;  1 drivers
v0xa0eecc0_0 .net *"_ivl_56", 0 0, L_0xa4b5f10;  1 drivers
v0xa0eed80_0 .net *"_ivl_57", 0 0, L_0xa4b5c30;  1 drivers
v0xa0bf8b0_0 .net *"_ivl_59", 0 0, L_0xa4b6080;  1 drivers
v0xa0bf990_0 .net *"_ivl_64", 0 0, L_0xa4b6200;  1 drivers
v0xa0ab680_0 .net *"_ivl_66", 0 0, L_0xa4b6330;  1 drivers
v0xa0ab760_0 .net *"_ivl_67", 0 0, L_0xa4b64f0;  1 drivers
v0xa0836a0_0 .net *"_ivl_7", 0 0, L_0xa4b4e10;  1 drivers
v0xa083780_0 .net *"_ivl_70", 0 0, L_0xa4b6560;  1 drivers
v0xa097450_0 .net *"_ivl_71", 0 0, L_0xa4b6600;  1 drivers
v0xa097510_0 .net *"_ivl_76", 0 0, L_0xa4b6710;  1 drivers
v0xa18fc10_0 .net *"_ivl_78", 0 0, L_0xa4b6850;  1 drivers
v0xa18fcf0_0 .net *"_ivl_79", 0 0, L_0xa4b6190;  1 drivers
v0xa1e77a0_0 .net *"_ivl_82", 0 0, L_0xa4b6940;  1 drivers
v0xa1e7880_0 .net *"_ivl_83", 0 0, L_0xa4b67b0;  1 drivers
v0xa1df930_0 .net *"_ivl_89", 0 0, L_0xa4b6d50;  1 drivers
v0xa1dfa10_0 .net *"_ivl_9", 0 0, L_0xa4b4f00;  1 drivers
v0xa1cb700_0 .net *"_ivl_91", 0 0, L_0xa4b69e0;  1 drivers
v0xa1cb7c0_0 .net *"_ivl_92", 0 0, L_0xa4b6eb0;  1 drivers
v0xa1a3720_0 .net *"_ivl_95", 0 0, L_0xa4b6fc0;  1 drivers
v0xa1a3800_0 .net *"_ivl_96", 0 0, L_0xa4b6df0;  1 drivers
v0xa1b74d0_0 .net "carry", 3 0, L_0xa4b57d0;  1 drivers
v0xa1b75b0_0 .net "carry_in", 0 0, L_0xa4b8a60;  1 drivers
v0xa1880c0_0 .net8 "carry_out", 0 0, RS_0x7f41ebeba898;  alias, 2 drivers
v0xa188180_0 .net "gen", 3 0, L_0xa4b4c90;  1 drivers
v0xa173e90_0 .net "gen_out", 0 0, L_0xa4b83a0;  1 drivers
v0xa173f50_0 .net "prop", 3 0, L_0xa4b4d00;  1 drivers
v0xa14beb0_0 .net "prop_out", 0 0, L_0xa4b7420;  1 drivers
v0xa14bf70_0 .net "val1", 3 0, L_0xa4b8880;  1 drivers
v0xa15fc60_0 .net "val2", 3 0, L_0xa4b8920;  1 drivers
v0x9daa5b0_0 .net "val_out", 3 0, L_0xa4b6bc0;  1 drivers
L_0xa4b4e10 .part L_0xa4b4c90, 0, 1;
L_0xa4b4f00 .part L_0xa4b4d00, 0, 1;
L_0xa4b4ff0 .part L_0xa4b4c90, 1, 1;
L_0xa4b5090 .part L_0xa4b57d0, 0, 1;
L_0xa4b5130 .part L_0xa4b4d00, 1, 1;
L_0xa4b5380 .part L_0xa4b4c90, 2, 1;
L_0xa4b5420 .part L_0xa4b57d0, 1, 1;
L_0xa4b54c0 .part L_0xa4b4d00, 2, 1;
L_0xa4b57d0 .concat8 [ 1 1 1 1], L_0xa287f20, L_0xa4b5270, L_0xa4b5670, L_0xa4b5d10;
L_0xa4b5960 .part L_0xa4b4c90, 3, 1;
L_0xa4b5a60 .part L_0xa4b57d0, 2, 1;
L_0xa4b5b90 .part L_0xa4b4d00, 3, 1;
L_0xa4b5e70 .part L_0xa4b8880, 0, 1;
L_0xa4b5f10 .part L_0xa4b8920, 0, 1;
L_0xa4b6200 .part L_0xa4b8880, 1, 1;
L_0xa4b6330 .part L_0xa4b8920, 1, 1;
L_0xa4b6560 .part L_0xa4b57d0, 0, 1;
L_0xa4b6710 .part L_0xa4b8880, 2, 1;
L_0xa4b6850 .part L_0xa4b8920, 2, 1;
L_0xa4b6940 .part L_0xa4b57d0, 1, 1;
L_0xa4b6bc0 .concat8 [ 1 1 1 1], L_0xa4b6080, L_0xa4b6600, L_0xa4b67b0, L_0xa4b6df0;
L_0xa4b6d50 .part L_0xa4b8880, 3, 1;
L_0xa4b69e0 .part L_0xa4b8920, 3, 1;
L_0xa4b6fc0 .part L_0xa4b57d0, 2, 1;
L_0xa4b7270 .part L_0xa4b57d0, 3, 1;
L_0xa4b7420 .reduce/and L_0xa4b4d00;
L_0xa4b7060 .part L_0xa4b4c90, 3, 1;
L_0xa4b75a0 .part L_0xa4b4d00, 3, 1;
L_0xa4b74c0 .part L_0xa4b4c90, 2, 1;
L_0xa4b71d0 .part L_0xa4b4d00, 3, 1;
L_0xa4b7640 .part L_0xa4b4d00, 2, 1;
L_0xa4b7cd0 .part L_0xa4b4c90, 1, 1;
L_0xa4b8140 .part L_0xa4b4d00, 3, 1;
L_0xa4b81e0 .part L_0xa4b4d00, 2, 1;
L_0xa4b7fe0 .part L_0xa4b4d00, 1, 1;
L_0xa4b8580 .part L_0xa4b4c90, 0, 1;
S_0xa2952d0 .scope module, "shifter0" "shifter" 6 81, 10 3 0, S_0x9f490b0;
 .timescale -9 -12;
    .port_info 0 /INPUT 32 "val";
    .port_info 1 /INPUT 5 "shamt";
    .port_info 2 /INPUT 1 "shift_right";
    .port_info 3 /INPUT 1 "shift_arith";
    .port_info 4 /OUTPUT 32 "shifted_val";
v0xa2810a0_0 .net *"_ivl_1", 0 0, L_0xa4e2490;  1 drivers
v0xa281180_0 .net *"_ivl_101", 0 0, L_0xa4e4f30;  1 drivers
v0xa26ce70_0 .net *"_ivl_103", 0 0, L_0xa4e5210;  1 drivers
v0xa26cf30_0 .net *"_ivl_105", 30 0, L_0xa4e50c0;  1 drivers
v0xa2593e0_0 .net *"_ivl_106", 31 0, L_0xa4e5160;  1 drivers
v0xa245950_0 .net *"_ivl_11", 0 0, L_0xa4e2850;  1 drivers
v0xa245a30_0 .net *"_ivl_111", 0 0, L_0xa4e5830;  1 drivers
v0xa23d950_0 .net *"_ivl_113", 0 0, L_0xa4e56c0;  1 drivers
v0xa23da10_0 .net *"_ivl_115", 1 0, L_0xa4e5760;  1 drivers
v0xa229720_0 .net *"_ivl_117", 29 0, L_0xa4e58d0;  1 drivers
v0xa229800_0 .net *"_ivl_118", 31 0, L_0xa4e5c30;  1 drivers
v0xa2154f0_0 .net *"_ivl_123", 0 0, L_0xa4e5ec0;  1 drivers
v0xa2155d0_0 .net *"_ivl_125", 0 0, L_0xa4e5d20;  1 drivers
v0xa201a60_0 .net *"_ivl_127", 3 0, L_0xa4e5dc0;  1 drivers
v0xa201b40_0 .net *"_ivl_129", 27 0, L_0xa4e6120;  1 drivers
v0xa1eecc0_0 .net *"_ivl_13", 29 0, L_0xa4e2940;  1 drivers
v0xa1eeda0_0 .net *"_ivl_130", 31 0, L_0xa4e61c0;  1 drivers
v0xa121580_0 .net *"_ivl_135", 0 0, L_0xa4e64d0;  1 drivers
v0xa121660_0 .net *"_ivl_137", 0 0, L_0xa4e6300;  1 drivers
v0xa119210_0 .net *"_ivl_139", 7 0, L_0xa4e63a0;  1 drivers
L_0x7f41eb9c4de0 .functor BUFT 1, C4<00>, C4<0>, C4<0>, C4<0>;
v0xa1192f0_0 .net/2u *"_ivl_14", 1 0, L_0x7f41eb9c4de0;  1 drivers
v0xa111210_0 .net *"_ivl_141", 23 0, L_0xa4e6760;  1 drivers
v0xa1112d0_0 .net *"_ivl_142", 31 0, L_0xa4e6800;  1 drivers
v0xa0fcfe0_0 .net *"_ivl_147", 0 0, L_0xa4e66b0;  1 drivers
v0xa0fd0c0_0 .net *"_ivl_149", 0 0, L_0xa4e6b50;  1 drivers
v0xa0e8db0_0 .net *"_ivl_151", 15 0, L_0xa4e6bf0;  1 drivers
v0xa0e8e90_0 .net *"_ivl_153", 15 0, L_0xa4e6940;  1 drivers
v0xa0d5320_0 .net *"_ivl_154", 31 0, L_0xa4e6a30;  1 drivers
v0xa0d5400_0 .net *"_ivl_16", 31 0, L_0xa4e2a30;  1 drivers
v0xa0c19a0_0 .net *"_ivl_21", 0 0, L_0xa4e2d00;  1 drivers
v0xa0c1a60_0 .net *"_ivl_23", 27 0, L_0xa4e2da0;  1 drivers
L_0x7f41eb9c4e28 .functor BUFT 1, C4<0000>, C4<0>, C4<0>, C4<0>;
v0xa0b99a0_0 .net/2u *"_ivl_24", 3 0, L_0x7f41eb9c4e28;  1 drivers
v0xa0b9a80_0 .net *"_ivl_26", 31 0, L_0xa4e2e90;  1 drivers
v0x9dc29b0_0 .net *"_ivl_3", 30 0, L_0xa4e2530;  1 drivers
v0x9dc2a90_0 .net *"_ivl_31", 0 0, L_0xa4e3130;  1 drivers
v0x9dc2b70_0 .net *"_ivl_33", 23 0, L_0xa4e3260;  1 drivers
L_0x7f41eb9c4e70 .functor BUFT 1, C4<00000000>, C4<0>, C4<0>, C4<0>;
v0xa0a5770_0 .net/2u *"_ivl_34", 7 0, L_0x7f41eb9c4e70;  1 drivers
v0xa0a5850_0 .net *"_ivl_36", 31 0, L_0xa4e3300;  1 drivers
L_0x7f41eb9c4d98 .functor BUFT 1, C4<0>, C4<0>, C4<0>, C4<0>;
v0xa091540_0 .net/2u *"_ivl_4", 0 0, L_0x7f41eb9c4d98;  1 drivers
v0xa091620_0 .net *"_ivl_41", 0 0, L_0xa4e3610;  1 drivers
v0xa07dab0_0 .net *"_ivl_43", 15 0, L_0xa4e36b0;  1 drivers
L_0x7f41eb9c4eb8 .functor BUFT 1, C4<0000000000000000>, C4<0>, C4<0>, C4<0>;
v0xa07db90_0 .net/2u *"_ivl_44", 15 0, L_0x7f41eb9c4eb8;  1 drivers
v0xa1e9d90_0 .net *"_ivl_46", 31 0, L_0xa4e3840;  1 drivers
v0xa1e9e50_0 .net *"_ivl_51", 0 0, L_0xa4e3a80;  1 drivers
L_0x7f41eb9c4f00 .functor BUFT 1, C4<0>, C4<0>, C4<0>, C4<0>;
v0xa1e1a20_0 .net/2u *"_ivl_52", 0 0, L_0x7f41eb9c4f00;  1 drivers
v0xa1e1b00_0 .net *"_ivl_55", 30 0, L_0xa4e3b20;  1 drivers
v0xa1d9a20_0 .net *"_ivl_56", 31 0, L_0xa4e39d0;  1 drivers
v0xa1d9b00_0 .net *"_ivl_6", 31 0, L_0xa4e25d0;  1 drivers
v0xa1c57f0_0 .net *"_ivl_61", 0 0, L_0xa4e3e90;  1 drivers
L_0x7f41eb9c4f48 .functor BUFT 1, C4<00>, C4<0>, C4<0>, C4<0>;
v0xa1c58d0_0 .net/2u *"_ivl_62", 1 0, L_0x7f41eb9c4f48;  1 drivers
v0xa1b15c0_0 .net *"_ivl_65", 29 0, L_0xa4e3f30;  1 drivers
v0xa1b1680_0 .net *"_ivl_66", 31 0, L_0xa4e3dc0;  1 drivers
v0xa19db30_0 .net *"_ivl_71", 0 0, L_0xa4e4330;  1 drivers
L_0x7f41eb9c4f90 .functor BUFT 1, C4<0000>, C4<0>, C4<0>, C4<0>;
v0xa19dc10_0 .net/2u *"_ivl_72", 3 0, L_0x7f41eb9c4f90;  1 drivers
v0xa18a1b0_0 .net *"_ivl_75", 27 0, L_0xa4e44e0;  1 drivers
v0xa18a290_0 .net *"_ivl_76", 31 0, L_0xa4e4240;  1 drivers
v0xa1821b0_0 .net *"_ivl_81", 0 0, L_0xa4e48d0;  1 drivers
L_0x7f41eb9c4fd8 .functor BUFT 1, C4<00000000>, C4<0>, C4<0>, C4<0>;
v0xa182290_0 .net/2u *"_ivl_82", 7 0, L_0x7f41eb9c4fd8;  1 drivers
v0xa16df80_0 .net *"_ivl_85", 23 0, L_0xa4e4970;  1 drivers
v0xa16e040_0 .net *"_ivl_86", 31 0, L_0xa4e47c0;  1 drivers
v0xa159d50_0 .net *"_ivl_91", 0 0, L_0xa4e4d50;  1 drivers
L_0x7f41eb9c5020 .functor BUFT 1, C4<0000000000000000>, C4<0>, C4<0>, C4<0>;
v0xa159e30_0 .net/2u *"_ivl_92", 15 0, L_0x7f41eb9c5020;  1 drivers
v0xa1462c0_0 .net *"_ivl_95", 15 0, L_0xa4e4df0;  1 drivers
v0xa1463a0_0 .net *"_ivl_96", 31 0, L_0xa4e4c20;  1 drivers
v0xa06f3b0_0 .net "shamt", 4 0, L_0xa4e73c0;  1 drivers
v0x9dc7a60_0 .net "shift_arith", 0 0, v0xa3beca0_0;  alias, 1 drivers
v0xa06f450_0 .net "shift_l1", 31 0, L_0xa4e2710;  1 drivers
v0xa067040_0 .net "shift_l2", 31 0, L_0xa4e2b70;  1 drivers
v0xa067100_0 .net "shift_l3", 31 0, L_0xa4e2f80;  1 drivers
v0xa05f040_0 .net "shift_l4", 31 0, L_0xa4e3440;  1 drivers
v0xa05f120_0 .net "shift_l5", 31 0, L_0xa4e3930;  1 drivers
v0xa04ae10_0 .net "shift_ra1", 31 0, L_0xa4e54c0;  1 drivers
v0xa04aef0_0 .net "shift_ra2", 31 0, L_0xa4e5aa0;  1 drivers
v0xa036be0_0 .net "shift_ra3", 31 0, L_0xa4e5f60;  1 drivers
v0xa036cc0_0 .net "shift_ra4", 31 0, L_0xa4e6570;  1 drivers
v0xa023150_0 .net "shift_ra5", 31 0, L_0xa4e6ce0;  1 drivers
v0xa023210_0 .net "shift_rf", 31 0, L_0xa4e6e20;  1 drivers
v0xa00f7d0_0 .net "shift_right", 0 0, L_0xa4e7670;  1 drivers
v0xa00f890_0 .net "shift_rl1", 31 0, L_0xa4e3d20;  1 drivers
v0xa0077d0_0 .net "shift_rl2", 31 0, L_0xa4e41a0;  1 drivers
v0xa0078b0_0 .net "shift_rl3", 31 0, L_0xa4e4720;  1 drivers
v0x9ff35a0_0 .net "shift_rl4", 31 0, L_0xa4e4b80;  1 drivers
v0x9ff3680_0 .net "shift_rl5", 31 0, L_0xa4e5020;  1 drivers
v0x9fdf370_0 .net "shifted_val", 31 0, L_0xa4e7230;  alias, 1 drivers
v0x9fdf450_0 .net "val", 31 0, L_0xa495600;  alias, 1 drivers
L_0xa4e2490 .part L_0xa4e73c0, 0, 1;
L_0xa4e2530 .part L_0xa495600, 0, 31;
L_0xa4e25d0 .concat [ 1 31 0 0], L_0x7f41eb9c4d98, L_0xa4e2530;
L_0xa4e2710 .functor MUXZ 32, L_0xa495600, L_0xa4e25d0, L_0xa4e2490, C4<>;
L_0xa4e2850 .part L_0xa4e73c0, 1, 1;
L_0xa4e2940 .part L_0xa4e2710, 0, 30;
L_0xa4e2a30 .concat [ 2 30 0 0], L_0x7f41eb9c4de0, L_0xa4e2940;
L_0xa4e2b70 .functor MUXZ 32, L_0xa4e2710, L_0xa4e2a30, L_0xa4e2850, C4<>;
L_0xa4e2d00 .part L_0xa4e73c0, 2, 1;
L_0xa4e2da0 .part L_0xa4e2b70, 0, 28;
L_0xa4e2e90 .concat [ 4 28 0 0], L_0x7f41eb9c4e28, L_0xa4e2da0;
L_0xa4e2f80 .functor MUXZ 32, L_0xa4e2b70, L_0xa4e2e90, L_0xa4e2d00, C4<>;
L_0xa4e3130 .part L_0xa4e73c0, 3, 1;
L_0xa4e3260 .part L_0xa4e2f80, 0, 24;
L_0xa4e3300 .concat [ 8 24 0 0], L_0x7f41eb9c4e70, L_0xa4e3260;
L_0xa4e3440 .functor MUXZ 32, L_0xa4e2f80, L_0xa4e3300, L_0xa4e3130, C4<>;
L_0xa4e3610 .part L_0xa4e73c0, 4, 1;
L_0xa4e36b0 .part L_0xa4e3440, 0, 16;
L_0xa4e3840 .concat [ 16 16 0 0], L_0x7f41eb9c4eb8, L_0xa4e36b0;
L_0xa4e3930 .functor MUXZ 32, L_0xa4e3440, L_0xa4e3840, L_0xa4e3610, C4<>;
L_0xa4e3a80 .part L_0xa4e73c0, 0, 1;
L_0xa4e3b20 .part L_0xa495600, 1, 31;
L_0xa4e39d0 .concat [ 31 1 0 0], L_0xa4e3b20, L_0x7f41eb9c4f00;
L_0xa4e3d20 .functor MUXZ 32, L_0xa495600, L_0xa4e39d0, L_0xa4e3a80, C4<>;
L_0xa4e3e90 .part L_0xa4e73c0, 1, 1;
L_0xa4e3f30 .part L_0xa4e3d20, 2, 30;
L_0xa4e3dc0 .concat [ 30 2 0 0], L_0xa4e3f30, L_0x7f41eb9c4f48;
L_0xa4e41a0 .functor MUXZ 32, L_0xa4e3d20, L_0xa4e3dc0, L_0xa4e3e90, C4<>;
L_0xa4e4330 .part L_0xa4e73c0, 2, 1;
L_0xa4e44e0 .part L_0xa4e41a0, 4, 28;
L_0xa4e4240 .concat [ 28 4 0 0], L_0xa4e44e0, L_0x7f41eb9c4f90;
L_0xa4e4720 .functor MUXZ 32, L_0xa4e41a0, L_0xa4e4240, L_0xa4e4330, C4<>;
L_0xa4e48d0 .part L_0xa4e73c0, 3, 1;
L_0xa4e4970 .part L_0xa4e4720, 8, 24;
L_0xa4e47c0 .concat [ 24 8 0 0], L_0xa4e4970, L_0x7f41eb9c4fd8;
L_0xa4e4b80 .functor MUXZ 32, L_0xa4e4720, L_0xa4e47c0, L_0xa4e48d0, C4<>;
L_0xa4e4d50 .part L_0xa4e73c0, 4, 1;
L_0xa4e4df0 .part L_0xa4e4b80, 16, 16;
L_0xa4e4c20 .concat [ 16 16 0 0], L_0xa4e4df0, L_0x7f41eb9c5020;
L_0xa4e5020 .functor MUXZ 32, L_0xa4e4b80, L_0xa4e4c20, L_0xa4e4d50, C4<>;
L_0xa4e4f30 .part L_0xa4e73c0, 0, 1;
L_0xa4e5210 .part L_0xa495600, 31, 1;
L_0xa4e50c0 .part L_0xa495600, 1, 31;
L_0xa4e5160 .concat [ 31 1 0 0], L_0xa4e50c0, L_0xa4e5210;
L_0xa4e54c0 .functor MUXZ 32, L_0xa495600, L_0xa4e5160, L_0xa4e4f30, C4<>;
L_0xa4e5830 .part L_0xa4e73c0, 1, 1;
L_0xa4e56c0 .part L_0xa495600, 31, 1;
L_0xa4e5760 .repeat 2, 2, L_0xa4e56c0;
L_0xa4e58d0 .part L_0xa4e54c0, 2, 30;
L_0xa4e5c30 .concat [ 30 2 0 0], L_0xa4e58d0, L_0xa4e5760;
L_0xa4e5aa0 .functor MUXZ 32, L_0xa4e54c0, L_0xa4e5c30, L_0xa4e5830, C4<>;
L_0xa4e5ec0 .part L_0xa4e73c0, 2, 1;
L_0xa4e5d20 .part L_0xa495600, 31, 1;
L_0xa4e5dc0 .repeat 4, 4, L_0xa4e5d20;
L_0xa4e6120 .part L_0xa4e5aa0, 4, 28;
L_0xa4e61c0 .concat [ 28 4 0 0], L_0xa4e6120, L_0xa4e5dc0;
L_0xa4e5f60 .functor MUXZ 32, L_0xa4e5aa0, L_0xa4e61c0, L_0xa4e5ec0, C4<>;
L_0xa4e64d0 .part L_0xa4e73c0, 3, 1;
L_0xa4e6300 .part L_0xa495600, 31, 1;
L_0xa4e63a0 .repeat 8, 8, L_0xa4e6300;
L_0xa4e6760 .part L_0xa4e5f60, 8, 24;
L_0xa4e6800 .concat [ 24 8 0 0], L_0xa4e6760, L_0xa4e63a0;
L_0xa4e6570 .functor MUXZ 32, L_0xa4e5f60, L_0xa4e6800, L_0xa4e64d0, C4<>;
L_0xa4e66b0 .part L_0xa4e73c0, 4, 1;
L_0xa4e6b50 .part L_0xa495600, 31, 1;
L_0xa4e6bf0 .repeat 16, 16, L_0xa4e6b50;
L_0xa4e6940 .part L_0xa4e6570, 16, 16;
L_0xa4e6a30 .concat [ 16 16 0 0], L_0xa4e6940, L_0xa4e6bf0;
L_0xa4e6ce0 .functor MUXZ 32, L_0xa4e6570, L_0xa4e6a30, L_0xa4e66b0, C4<>;
L_0xa4e6e20 .functor MUXZ 32, L_0xa4e5020, L_0xa4e6ce0, v0xa3beca0_0, C4<>;
L_0xa4e7230 .functor MUXZ 32, L_0xa4e3930, L_0xa4e6e20, L_0xa4e7670, C4<>;
S_0x9fcb8e0 .scope module, "slt1" "set_less_than" 6 91, 11 3 0, S_0x9f490b0;
 .timescale -9 -12;
    .port_info 0 /INPUT 32 "val1";
    .port_info 1 /INPUT 32 "val2";
    .port_info 2 /INPUT 1 "i_unsigned";
    .port_info 3 /OUTPUT 1 "less_than";
L_0x7f41eb9c5068 .functor BUFT 1, C4<11111111111111111111111111111111>, C4<0>, C4<0>, C4<0>;
L_0xa4e3020 .functor XOR 32, L_0xa495670, L_0x7f41eb9c5068, C4<00000000000000000000000000000000>, C4<00000000000000000000000000000000>;
L_0xa50d780 .functor NOT 1, L_0xa50d190, C4<0>, C4<0>, C4<0>;
L_0xa50d9d0 .functor XOR 1, L_0xa50d7f0, L_0xa50d890, C4<0>, C4<0>;
v0xa374330_0 .net/2u *"_ivl_0", 31 0, L_0x7f41eb9c5068;  1 drivers
v0xa3743d0_0 .net *"_ivl_14", 0 0, L_0xa50d9d0;  1 drivers
v0xa374470_0 .net "carry", 0 0, L_0xa50d190;  1 drivers
v0xa374510_0 .net "i_unsigned", 0 0, v0xa3beee0_0;  alias, 1 drivers
v0xa3745b0_0 .net "less_signed", 0 0, L_0xa50dae0;  1 drivers
v0xa374650_0 .net "less_than", 0 0, L_0xa50dc20;  alias, 1 drivers
v0xa3746f0_0 .net "less_unsigned", 0 0, L_0xa50d780;  1 drivers
v0xa374790_0 .net "sign1", 0 0, L_0xa50d7f0;  1 drivers
v0xa374830_0 .net "sign2", 0 0, L_0xa50d890;  1 drivers
v0xa3748d0_0 .net "sign_sub", 0 0, L_0xa50d930;  1 drivers
v0xa374970_0 .net "sub", 31 0, L_0xa50c7a0;  1 drivers
v0xa374a10_0 .net "sub_op2", 31 0, L_0xa4e3020;  1 drivers
v0xa374ab0_0 .net "val1", 31 0, L_0xa495600;  alias, 1 drivers
v0xa374b50_0 .net "val2", 31 0, L_0xa495670;  alias, 1 drivers
L_0xa50d7f0 .part L_0xa495600, 31, 1;
L_0xa50d890 .part L_0xa495670, 31, 1;
L_0xa50d930 .part L_0xa50c7a0, 31, 1;
L_0xa50dae0 .functor MUXZ 1, L_0xa50d930, L_0xa50d7f0, L_0xa50d9d0, C4<>;
L_0xa50dc20 .functor MUXZ 1, L_0xa50dae0, L_0xa50d780, v0xa3beee0_0, C4<>;
S_0xa310050 .scope module, "suber" "add_pg_32" 11 14, 7 3 0, S_0x9fcb8e0;
 .timescale -9 -12;
    .port_info 0 /INPUT 32 "val1";
    .port_info 1 /INPUT 32 "val2";
    .port_info 2 /INPUT 1 "carry_in";
    .port_info 3 /OUTPUT 32 "val_out";
    .port_info 4 /OUTPUT 1 "carry_out";
    .port_info 5 /OUTPUT 1 "prop_out";
    .port_info 6 /OUTPUT 1 "gen_out";
L_0x7f41eb9c50b0 .functor BUFT 1, C4<1>, C4<0>, C4<0>, C4<0>;
L_0xa4f9c00 .functor AND 1, L_0x7f41eb9c50b0, L_0xa4f9b60, C4<1>, C4<1>;
L_0xa4f9cc0 .functor OR 1, L_0xa4f9ac0, L_0xa4f9c00, C4<0>, C4<0>;
L_0xa50cde0 .functor AND 1, L_0xa50ce50, L_0xa50cef0, C4<1>, C4<1>;
L_0xa50d030 .functor OR 1, L_0xa50cd40, L_0xa50cde0, C4<0>, C4<0>;
L_0xa50d320 .functor AND 1, L_0xa50d4e0, L_0xa50d620, C4<1>, C4<1>;
L_0xa50d6c0 .functor OR 1, L_0xa50d3b0, L_0xa50d320, C4<0>, C4<0>;
v0xa3734d0_0 .net *"_ivl_13", 0 0, L_0xa4f9ac0;  1 drivers
v0xa373570_0 .net *"_ivl_15", 0 0, L_0xa4f9b60;  1 drivers
v0xa373610_0 .net *"_ivl_16", 0 0, L_0xa4f9c00;  1 drivers
v0xa3736b0_0 .net *"_ivl_18", 0 0, L_0xa4f9cc0;  1 drivers
v0xa373750_0 .net *"_ivl_39", 0 0, L_0xa50cd40;  1 drivers
v0xa3737f0_0 .net *"_ivl_41", 0 0, L_0xa50ce50;  1 drivers
v0xa373890_0 .net *"_ivl_43", 0 0, L_0xa50cef0;  1 drivers
v0xa373930_0 .net *"_ivl_44", 0 0, L_0xa50cde0;  1 drivers
v0xa3739d0_0 .net *"_ivl_46", 0 0, L_0xa50d030;  1 drivers
v0xa373a70_0 .net *"_ivl_53", 0 0, L_0xa50d3b0;  1 drivers
v0xa373b10_0 .net *"_ivl_55", 0 0, L_0xa50d4e0;  1 drivers
v0xa373bb0_0 .net *"_ivl_57", 0 0, L_0xa50d620;  1 drivers
v0xa373c50_0 .net *"_ivl_58", 0 0, L_0xa50d320;  1 drivers
v0xa373cf0_0 .net "carry", 1 0, L_0xa50cc50;  1 drivers
v0xa373d90_0 .net "carry_in", 0 0, L_0x7f41eb9c50b0;  1 drivers
v0xa373e30_0 .net "carry_out", 0 0, L_0xa50d190;  alias, 1 drivers
v0xa373ed0_0 .net "gen", 1 0, L_0xa50cac0;  1 drivers
v0xa373f70_0 .net "gen_out", 0 0, L_0xa50d6c0;  1 drivers
v0xa374010_0 .net "prop", 1 0, L_0xa50c930;  1 drivers
v0xa3740b0_0 .net "prop_out", 0 0, L_0xa50d280;  1 drivers
v0xa374150_0 .net "val1", 31 0, L_0xa495600;  alias, 1 drivers
v0xa3741f0_0 .net "val2", 31 0, L_0xa4e3020;  alias, 1 drivers
v0xa374290_0 .net "val_out", 31 0, L_0xa50c7a0;  alias, 1 drivers
L_0xa4f9980 .part L_0xa495600, 0, 16;
L_0xa4f9a20 .part L_0xa4e3020, 0, 16;
L_0xa4f9ac0 .part L_0xa50cac0, 0, 1;
L_0xa4f9b60 .part L_0xa50c930, 0, 1;
L_0xa50c5c0 .part L_0xa495600, 16, 16;
L_0xa50c660 .part L_0xa4e3020, 16, 16;
L_0xa50c700 .part L_0xa50cc50, 0, 1;
L_0xa50c7a0 .concat8 [ 16 16 0 0], L_0xa4f7b50, L_0xa50a510;
L_0xa50c930 .concat8 [ 1 1 0 0], L_0xa4f84f0, L_0xa50b210;
L_0xa50cac0 .concat8 [ 1 1 0 0], L_0xa4f9870, L_0xa50c4b0;
L_0xa50cc50 .concat8 [ 1 1 0 0], L_0xa4f9cc0, L_0xa50d030;
L_0xa50cd40 .part L_0xa50cac0, 1, 1;
L_0xa50ce50 .part L_0xa50cc50, 0, 1;
L_0xa50cef0 .part L_0xa50c930, 1, 1;
L_0xa50d190 .part L_0xa50cc50, 1, 1;
L_0xa50d280 .reduce/and L_0xa50c930;
L_0xa50d3b0 .part L_0xa50cac0, 1, 1;
L_0xa50d4e0 .part L_0xa50c930, 1, 1;
L_0xa50d620 .part L_0xa50cac0, 0, 1;
S_0xa30e9e0 .scope module, "adder0" "add_pg_16" 7 18, 8 3 0, S_0xa310050;
 .timescale -9 -12;
    .port_info 0 /INPUT 16 "val1";
    .port_info 1 /INPUT 16 "val2";
    .port_info 2 /INPUT 1 "carry_in";
    .port_info 3 /OUTPUT 16 "val_out";
    .port_info 4 /OUTPUT 1 "carry_out";
    .port_info 5 /OUTPUT 1 "prop_out";
    .port_info 6 /OUTPUT 1 "gen_out";
L_0xa4eb640 .functor AND 1, L_0x7f41eb9c50b0, L_0xa4eb5a0, C4<1>, C4<1>;
L_0xa4eb700 .functor OR 1, L_0xa4eb500, L_0xa4eb640, C4<0>, C4<0>;
L_0xa4efa00 .functor AND 1, L_0xa4ef820, L_0xa4ef910, C4<1>, C4<1>;
L_0xa4efac0 .functor OR 1, L_0xa4ef6e0, L_0xa4efa00, C4<0>, C4<0>;
L_0xa4f39c0 .functor AND 1, L_0xa4f3b70, L_0xa4f3c10, C4<1>, C4<1>;
L_0xa4f3d90 .functor OR 1, L_0xa4f3ad0, L_0xa4f39c0, C4<0>, C4<0>;
L_0xa4f7ef0 .functor AND 1, L_0xa4f7d40, L_0xa4f7fc0, C4<1>, C4<1>;
L_0xa4f8190 .functor OR 1, L_0xa4f7e50, L_0xa4f7ef0, C4<0>, C4<0>;
L_0xa4f8820 .functor AND 1, L_0xa4f8680, L_0xa4f8590, C4<1>, C4<1>;
L_0xa4f88e0 .functor OR 1, L_0xa4f8060, L_0xa4f8820, C4<0>, C4<0>;
L_0xa4f8d10 .functor AND 1, L_0xa4f8a50, L_0xa4f8720, C4<1>, C4<1>;
L_0xa4f8c00 .functor AND 1, L_0xa4f8d10, L_0xa4f8d80, C4<1>, C4<1>;
L_0xa4f90c0 .functor OR 1, L_0xa4f88e0, L_0xa4f8c00, C4<0>, C4<0>;
L_0xa4f8f30 .functor AND 1, L_0xa4f91d0, L_0xa4f9270, C4<1>, C4<1>;
L_0xa4f9050 .functor AND 1, L_0xa4f8f30, L_0xa4f94c0, C4<1>, C4<1>;
L_0xa4f9310 .functor AND 1, L_0xa4f9050, L_0xa4f9600, C4<1>, C4<1>;
L_0xa4f9870 .functor OR 1, L_0xa4f90c0, L_0xa4f9310, C4<0>, C4<0>;
v0xa209b30_0 .net *"_ivl_101", 0 0, L_0xa4f8060;  1 drivers
v0xa209c30_0 .net *"_ivl_103", 0 0, L_0xa4f8680;  1 drivers
v0xa21a800_0 .net *"_ivl_105", 0 0, L_0xa4f8590;  1 drivers
v0xa21a8a0_0 .net *"_ivl_106", 0 0, L_0xa4f8820;  1 drivers
v0xa1f60b0_0 .net *"_ivl_108", 0 0, L_0xa4f88e0;  1 drivers
v0xa206d70_0 .net *"_ivl_111", 0 0, L_0xa4f8a50;  1 drivers
v0xa206e50_0 .net *"_ivl_113", 0 0, L_0xa4f8720;  1 drivers
v0xa1f5c80_0 .net *"_ivl_114", 0 0, L_0xa4f8d10;  1 drivers
v0xa1f5d60_0 .net *"_ivl_117", 0 0, L_0xa4f8d80;  1 drivers
v0xa2ae140_0 .net *"_ivl_118", 0 0, L_0xa4f8c00;  1 drivers
v0xa2ae220_0 .net *"_ivl_120", 0 0, L_0xa4f90c0;  1 drivers
v0xa2ad930_0 .net *"_ivl_123", 0 0, L_0xa4f91d0;  1 drivers
v0xa2ada10_0 .net *"_ivl_125", 0 0, L_0xa4f9270;  1 drivers
v0xa1f54e0_0 .net *"_ivl_126", 0 0, L_0xa4f8f30;  1 drivers
v0xa1f55a0_0 .net *"_ivl_129", 0 0, L_0xa4f94c0;  1 drivers
v0xa1ee320_0 .net *"_ivl_13", 0 0, L_0xa4eb500;  1 drivers
v0xa1ee400_0 .net *"_ivl_130", 0 0, L_0xa4f9050;  1 drivers
v0xa0c7f70_0 .net *"_ivl_133", 0 0, L_0xa4f9600;  1 drivers
v0xa0c8050_0 .net *"_ivl_134", 0 0, L_0xa4f9310;  1 drivers
v0xa122b50_0 .net *"_ivl_15", 0 0, L_0xa4eb5a0;  1 drivers
v0xa122c30_0 .net *"_ivl_16", 0 0, L_0xa4eb640;  1 drivers
v0xa117d80_0 .net *"_ivl_18", 0 0, L_0xa4eb700;  1 drivers
v0xa117e40_0 .net *"_ivl_35", 0 0, L_0xa4ef6e0;  1 drivers
v0xa0dbab0_0 .net *"_ivl_37", 0 0, L_0xa4ef820;  1 drivers
v0xa0dbb90_0 .net *"_ivl_39", 0 0, L_0xa4ef910;  1 drivers
v0xa103aa0_0 .net *"_ivl_40", 0 0, L_0xa4efa00;  1 drivers
v0xa103b80_0 .net *"_ivl_42", 0 0, L_0xa4efac0;  1 drivers
v0xa0ef870_0 .net *"_ivl_59", 0 0, L_0xa4f3ad0;  1 drivers
v0xa0ef950_0 .net *"_ivl_61", 0 0, L_0xa4f3b70;  1 drivers
v0xa11e390_0 .net *"_ivl_63", 0 0, L_0xa4f3c10;  1 drivers
v0xa11e450_0 .net *"_ivl_64", 0 0, L_0xa4f39c0;  1 drivers
v0xa105850_0 .net *"_ivl_66", 0 0, L_0xa4f3d90;  1 drivers
v0xa105930_0 .net *"_ivl_87", 0 0, L_0xa4f7e50;  1 drivers
v0xa116520_0 .net *"_ivl_89", 0 0, L_0xa4f7d40;  1 drivers
v0xa116600_0 .net *"_ivl_91", 0 0, L_0xa4f7fc0;  1 drivers
v0xa0f1620_0 .net *"_ivl_92", 0 0, L_0xa4f7ef0;  1 drivers
v0xa0f1700_0 .net *"_ivl_94", 0 0, L_0xa4f8190;  1 drivers
v0xa1022f0_0 .net "carry", 3 0, L_0xa4f7bf0;  1 drivers
v0xa1023b0_0 .net "carry_in", 0 0, L_0x7f41eb9c50b0;  alias, 1 drivers
RS_0x7f41ebebff38 .resolv tri, L_0xa4f65e0, L_0xa4f8340;
v0xa0dd3f0_0 .net8 "carry_out", 0 0, RS_0x7f41ebebff38;  2 drivers
v0xa0dd4c0_0 .net "gen", 3 0, L_0xa4f7ca0;  1 drivers
v0xa0ee0c0_0 .net "gen_out", 0 0, L_0xa4f9870;  1 drivers
v0xa0ee180_0 .net "prop", 3 0, L_0xa4f7a10;  1 drivers
v0xa0c9960_0 .net "prop_out", 0 0, L_0xa4f84f0;  1 drivers
v0xa0c9a20_0 .net "val1", 15 0, L_0xa4f9980;  1 drivers
v0xa0da630_0 .net "val2", 15 0, L_0xa4f9a20;  1 drivers
v0xa0da710_0 .net "val_out", 15 0, L_0xa4f7b50;  1 drivers
L_0xa4eb3c0 .part L_0xa4f9980, 0, 4;
L_0xa4eb460 .part L_0xa4f9a20, 0, 4;
L_0xa4eb500 .part L_0xa4f7ca0, 0, 1;
L_0xa4eb5a0 .part L_0xa4f7a10, 0, 1;
L_0xa4ef460 .part L_0xa4f9980, 4, 4;
L_0xa4ef550 .part L_0xa4f9a20, 4, 4;
L_0xa4ef640 .part L_0xa4f7bf0, 0, 1;
L_0xa4ef6e0 .part L_0xa4f7ca0, 1, 1;
L_0xa4ef820 .part L_0xa4f7bf0, 0, 1;
L_0xa4ef910 .part L_0xa4f7a10, 1, 1;
L_0xa4f3880 .part L_0xa4f9980, 8, 4;
L_0xa4f3920 .part L_0xa4f9a20, 8, 4;
L_0xa4f3a30 .part L_0xa4f7bf0, 1, 1;
L_0xa4f3ad0 .part L_0xa4f7ca0, 2, 1;
L_0xa4f3b70 .part L_0xa4f7bf0, 1, 1;
L_0xa4f3c10 .part L_0xa4f7a10, 2, 1;
L_0xa4f78d0 .part L_0xa4f9980, 12, 4;
L_0xa4f7970 .part L_0xa4f9a20, 12, 4;
L_0xa4f7ab0 .part L_0xa4f7bf0, 2, 1;
L_0xa4f7b50 .concat8 [ 4 4 4 4], L_0xa4e9880, L_0xa4ed810, L_0xa4f1c30, L_0xa4f5f30;
L_0xa4f7a10 .concat8 [ 1 1 1 1], L_0xa4e9fd0, L_0xa4ee070, L_0xa4f2490, L_0xa4f6790;
L_0xa4f7ca0 .concat8 [ 1 1 1 1], L_0xa4eaee0, L_0xa4eef80, L_0xa4f33a0, L_0xa4f6e80;
L_0xa4f7bf0 .concat8 [ 1 1 1 1], L_0xa4eb700, L_0xa4efac0, L_0xa4f3d90, L_0xa4f8190;
L_0xa4f7e50 .part L_0xa4f7ca0, 3, 1;
L_0xa4f7d40 .part L_0xa4f7bf0, 2, 1;
L_0xa4f7fc0 .part L_0xa4f7a10, 3, 1;
L_0xa4f8340 .part L_0xa4f7bf0, 3, 1;
L_0xa4f84f0 .reduce/and L_0xa4f7a10;
L_0xa4f8060 .part L_0xa4f7ca0, 3, 1;
L_0xa4f8680 .part L_0xa4f7a10, 3, 1;
L_0xa4f8590 .part L_0xa4f7ca0, 2, 1;
L_0xa4f8a50 .part L_0xa4f7a10, 3, 1;
L_0xa4f8720 .part L_0xa4f7a10, 2, 1;
L_0xa4f8d80 .part L_0xa4f7ca0, 1, 1;
L_0xa4f91d0 .part L_0xa4f7a10, 3, 1;
L_0xa4f9270 .part L_0xa4f7a10, 2, 1;
L_0xa4f94c0 .part L_0xa4f7a10, 1, 1;
L_0xa4f9600 .part L_0xa4f7ca0, 0, 1;
S_0xa30ca80 .scope module, "adder0" "add_pg_4" 8 18, 9 3 0, S_0xa30e9e0;
 .timescale -9 -12;
    .port_info 0 /INPUT 4 "val1";
    .port_info 1 /INPUT 4 "val2";
    .port_info 2 /INPUT 1 "carry_in";
    .port_info 3 /OUTPUT 4 "val_out";
    .port_info 4 /OUTPUT 1 "carry_out";
    .port_info 5 /OUTPUT 1 "prop_out";
    .port_info 6 /OUTPUT 1 "gen_out";
L_0xa4e7800 .functor AND 4, L_0xa4eb3c0, L_0xa4eb460, C4<1111>, C4<1111>;
L_0xa4e7870 .functor XOR 4, L_0xa4eb3c0, L_0xa4eb460, C4<0000>, C4<0000>;
L_0xa4e7b60 .functor AND 1, L_0x7f41eb9c50b0, L_0xa4e7a70, C4<1>, C4<1>;
L_0xa4e7c20 .functor OR 1, L_0xa4e7980, L_0xa4e7b60, C4<0>, C4<0>;
L_0xa4e7f10 .functor AND 1, L_0xa4e7dd0, L_0xa4e7e70, C4<1>, C4<1>;
L_0xa4e8020 .functor OR 1, L_0xa4e7d30, L_0xa4e7f10, C4<0>, C4<0>;
L_0xa4e8360 .functor AND 1, L_0xa4e81d0, L_0xa4e8270, C4<1>, C4<1>;
L_0xa4e8420 .functor OR 1, L_0xa4e8130, L_0xa4e8360, C4<0>, C4<0>;
L_0xa4e89f0 .functor AND 1, L_0xa4e87b0, L_0xa4e88e0, C4<1>, C4<1>;
L_0xa4e8a60 .functor OR 1, L_0xa4e8710, L_0xa4e89f0, C4<0>, C4<0>;
L_0xa4e8980 .functor XOR 1, L_0xa4e8bc0, L_0xa4e8c60, C4<0>, C4<0>;
L_0xa4e8d50 .functor XOR 1, L_0xa4e8980, L_0x7f41eb9c50b0, C4<0>, C4<0>;
L_0xa4e9200 .functor XOR 1, L_0xa4e8f10, L_0xa4e9040, C4<0>, C4<0>;
L_0xa4e9310 .functor XOR 1, L_0xa4e9200, L_0xa4e9270, C4<0>, C4<0>;
L_0xa4e8ea0 .functor XOR 1, L_0xa4e93d0, L_0xa4e9510, C4<0>, C4<0>;
L_0xa4e9470 .functor XOR 1, L_0xa4e8ea0, L_0xa4e9600, C4<0>, C4<0>;
L_0xa4e9b70 .functor XOR 1, L_0xa4e9a10, L_0xa4e96a0, C4<0>, C4<0>;
L_0xa4e9ab0 .functor XOR 1, L_0xa4e9b70, L_0xa4e9c80, C4<0>, C4<0>;
L_0xa4e97f0 .functor AND 1, L_0xa4ea150, L_0xa4ea070, C4<1>, C4<1>;
L_0xa4ea380 .functor OR 1, L_0xa4e9d20, L_0xa4e97f0, C4<0>, C4<0>;
L_0xa4ea750 .functor AND 1, L_0xa4e9e90, L_0xa4ea1f0, C4<1>, C4<1>;
L_0xa4ea650 .functor AND 1, L_0xa4ea750, L_0xa4ea810, C4<1>, C4<1>;
L_0xa4ea490 .functor OR 1, L_0xa4ea380, L_0xa4ea650, C4<0>, C4<0>;
L_0xa4ea9c0 .functor AND 1, L_0xa4eac80, L_0xa4ead20, C4<1>, C4<1>;
L_0xa4eafb0 .functor AND 1, L_0xa4ea9c0, L_0xa4eab20, C4<1>, C4<1>;
L_0xa4eadc0 .functor AND 1, L_0xa4eafb0, L_0xa4eb0c0, C4<1>, C4<1>;
L_0xa4eaee0 .functor OR 1, L_0xa4ea490, L_0xa4eadc0, C4<0>, C4<0>;
v0xa30f5f0_0 .net *"_ivl_10", 0 0, L_0xa4e7b60;  1 drivers
v0xa30dab0_0 .net *"_ivl_103", 0 0, L_0xa4e9d20;  1 drivers
v0xa30bf40_0 .net *"_ivl_105", 0 0, L_0xa4ea150;  1 drivers
v0xa30b220_0 .net *"_ivl_107", 0 0, L_0xa4ea070;  1 drivers
v0xa30b300_0 .net *"_ivl_108", 0 0, L_0xa4e97f0;  1 drivers
v0xa30a5f0_0 .net *"_ivl_110", 0 0, L_0xa4ea380;  1 drivers
v0xa30a6d0_0 .net *"_ivl_113", 0 0, L_0xa4e9e90;  1 drivers
v0xa309aa0_0 .net *"_ivl_115", 0 0, L_0xa4ea1f0;  1 drivers
v0xa309b60_0 .net *"_ivl_116", 0 0, L_0xa4ea750;  1 drivers
v0xa308f50_0 .net *"_ivl_119", 0 0, L_0xa4ea810;  1 drivers
v0xa309030_0 .net *"_ivl_12", 0 0, L_0xa4e7c20;  1 drivers
v0xa308320_0 .net *"_ivl_120", 0 0, L_0xa4ea650;  1 drivers
v0xa308400_0 .net *"_ivl_122", 0 0, L_0xa4ea490;  1 drivers
v0xa315f30_0 .net *"_ivl_125", 0 0, L_0xa4eac80;  1 drivers
v0xa316010_0 .net *"_ivl_127", 0 0, L_0xa4ead20;  1 drivers
v0xa315300_0 .net *"_ivl_128", 0 0, L_0xa4ea9c0;  1 drivers
v0xa3153c0_0 .net *"_ivl_131", 0 0, L_0xa4eab20;  1 drivers
v0xa3146d0_0 .net *"_ivl_132", 0 0, L_0xa4eafb0;  1 drivers
v0xa3147b0_0 .net *"_ivl_135", 0 0, L_0xa4eb0c0;  1 drivers
v0xa307510_0 .net *"_ivl_136", 0 0, L_0xa4eadc0;  1 drivers
v0xa3075f0_0 .net *"_ivl_17", 0 0, L_0xa4e7d30;  1 drivers
v0xa313b80_0 .net *"_ivl_19", 0 0, L_0xa4e7dd0;  1 drivers
v0xa313c60_0 .net *"_ivl_21", 0 0, L_0xa4e7e70;  1 drivers
v0xa313030_0 .net *"_ivl_22", 0 0, L_0xa4e7f10;  1 drivers
v0xa3130f0_0 .net *"_ivl_24", 0 0, L_0xa4e8020;  1 drivers
v0xa3124e0_0 .net *"_ivl_29", 0 0, L_0xa4e8130;  1 drivers
v0xa3125c0_0 .net *"_ivl_31", 0 0, L_0xa4e81d0;  1 drivers
v0xa305500_0 .net *"_ivl_33", 0 0, L_0xa4e8270;  1 drivers
v0xa3055e0_0 .net *"_ivl_34", 0 0, L_0xa4e8360;  1 drivers
v0xa2d6ca0_0 .net *"_ivl_36", 0 0, L_0xa4e8420;  1 drivers
v0xa2d6d80_0 .net *"_ivl_42", 0 0, L_0xa4e8710;  1 drivers
v0xa2f34a0_0 .net *"_ivl_44", 0 0, L_0xa4e87b0;  1 drivers
v0xa2f3560_0 .net *"_ivl_46", 0 0, L_0xa4e88e0;  1 drivers
v0xa2f28c0_0 .net *"_ivl_47", 0 0, L_0xa4e89f0;  1 drivers
v0xa2f29a0_0 .net *"_ivl_49", 0 0, L_0xa4e8a60;  1 drivers
v0xa2f1ce0_0 .net *"_ivl_54", 0 0, L_0xa4e8bc0;  1 drivers
v0xa2f1dc0_0 .net *"_ivl_56", 0 0, L_0xa4e8c60;  1 drivers
v0xa2f1100_0 .net *"_ivl_57", 0 0, L_0xa4e8980;  1 drivers
v0xa2f11e0_0 .net *"_ivl_59", 0 0, L_0xa4e8d50;  1 drivers
v0xa2f0520_0 .net *"_ivl_64", 0 0, L_0xa4e8f10;  1 drivers
v0xa2f05e0_0 .net *"_ivl_66", 0 0, L_0xa4e9040;  1 drivers
v0xa2ef6a0_0 .net *"_ivl_67", 0 0, L_0xa4e9200;  1 drivers
v0xa2ef780_0 .net *"_ivl_7", 0 0, L_0xa4e7980;  1 drivers
v0xa2d8b50_0 .net *"_ivl_70", 0 0, L_0xa4e9270;  1 drivers
v0xa2d8c30_0 .net *"_ivl_71", 0 0, L_0xa4e9310;  1 drivers
v0xa2d7db0_0 .net *"_ivl_76", 0 0, L_0xa4e93d0;  1 drivers
v0xa2d7e90_0 .net *"_ivl_78", 0 0, L_0xa4e9510;  1 drivers
v0xa2f8b50_0 .net *"_ivl_79", 0 0, L_0xa4e8ea0;  1 drivers
v0xa2f8c10_0 .net *"_ivl_82", 0 0, L_0xa4e9600;  1 drivers
v0xa2cd3a0_0 .net *"_ivl_83", 0 0, L_0xa4e9470;  1 drivers
v0xa2cd480_0 .net *"_ivl_89", 0 0, L_0xa4e9a10;  1 drivers
v0xa2cbe50_0 .net *"_ivl_9", 0 0, L_0xa4e7a70;  1 drivers
v0xa2cbf30_0 .net *"_ivl_91", 0 0, L_0xa4e96a0;  1 drivers
v0xa2c1630_0 .net *"_ivl_92", 0 0, L_0xa4e9b70;  1 drivers
v0xa2c1710_0 .net *"_ivl_95", 0 0, L_0xa4e9c80;  1 drivers
v0xa2ca940_0 .net *"_ivl_96", 0 0, L_0xa4e9ab0;  1 drivers
v0xa2caa00_0 .net "carry", 3 0, L_0xa4e8580;  1 drivers
v0xa2c9450_0 .net "carry_in", 0 0, L_0x7f41eb9c50b0;  alias, 1 drivers
v0xa2c9510_0 .net "carry_out", 0 0, L_0xa4e9f30;  1 drivers
v0xa2c7f60_0 .net "gen", 3 0, L_0xa4e7800;  1 drivers
v0xa2c8040_0 .net "gen_out", 0 0, L_0xa4eaee0;  1 drivers
v0xa2c6a70_0 .net "prop", 3 0, L_0xa4e7870;  1 drivers
v0xa2c6b50_0 .net "prop_out", 0 0, L_0xa4e9fd0;  1 drivers
v0xa2c5520_0 .net "val1", 3 0, L_0xa4eb3c0;  1 drivers
v0xa2c5600_0 .net "val2", 3 0, L_0xa4eb460;  1 drivers
v0x9dce4c0_0 .net "val_out", 3 0, L_0xa4e9880;  1 drivers
L_0xa4e7980 .part L_0xa4e7800, 0, 1;
L_0xa4e7a70 .part L_0xa4e7870, 0, 1;
L_0xa4e7d30 .part L_0xa4e7800, 1, 1;
L_0xa4e7dd0 .part L_0xa4e8580, 0, 1;
L_0xa4e7e70 .part L_0xa4e7870, 1, 1;
L_0xa4e8130 .part L_0xa4e7800, 2, 1;
L_0xa4e81d0 .part L_0xa4e8580, 1, 1;
L_0xa4e8270 .part L_0xa4e7870, 2, 1;
L_0xa4e8580 .concat8 [ 1 1 1 1], L_0xa4e7c20, L_0xa4e8020, L_0xa4e8420, L_0xa4e8a60;
L_0xa4e8710 .part L_0xa4e7800, 3, 1;
L_0xa4e87b0 .part L_0xa4e8580, 2, 1;
L_0xa4e88e0 .part L_0xa4e7870, 3, 1;
L_0xa4e8bc0 .part L_0xa4eb3c0, 0, 1;
L_0xa4e8c60 .part L_0xa4eb460, 0, 1;
L_0xa4e8f10 .part L_0xa4eb3c0, 1, 1;
L_0xa4e9040 .part L_0xa4eb460, 1, 1;
L_0xa4e9270 .part L_0xa4e8580, 0, 1;
L_0xa4e93d0 .part L_0xa4eb3c0, 2, 1;
L_0xa4e9510 .part L_0xa4eb460, 2, 1;
L_0xa4e9600 .part L_0xa4e8580, 1, 1;
L_0xa4e9880 .concat8 [ 1 1 1 1], L_0xa4e8d50, L_0xa4e9310, L_0xa4e9470, L_0xa4e9ab0;
L_0xa4e9a10 .part L_0xa4eb3c0, 3, 1;
L_0xa4e96a0 .part L_0xa4eb460, 3, 1;
L_0xa4e9c80 .part L_0xa4e8580, 2, 1;
L_0xa4e9f30 .part L_0xa4e8580, 3, 1;
L_0xa4e9fd0 .reduce/and L_0xa4e7870;
L_0xa4e9d20 .part L_0xa4e7800, 3, 1;
L_0xa4ea150 .part L_0xa4e7870, 3, 1;
L_0xa4ea070 .part L_0xa4e7800, 2, 1;
L_0xa4e9e90 .part L_0xa4e7870, 3, 1;
L_0xa4ea1f0 .part L_0xa4e7870, 2, 1;
L_0xa4ea810 .part L_0xa4e7800, 1, 1;
L_0xa4eac80 .part L_0xa4e7870, 3, 1;
L_0xa4ead20 .part L_0xa4e7870, 2, 1;
L_0xa4eab20 .part L_0xa4e7870, 1, 1;
L_0xa4eb0c0 .part L_0xa4e7800, 0, 1;
S_0xa2c4010 .scope module, "adder1" "add_pg_4" 8 32, 9 3 0, S_0xa30e9e0;
 .timescale -9 -12;
    .port_info 0 /INPUT 4 "val1";
    .port_info 1 /INPUT 4 "val2";
    .port_info 2 /INPUT 1 "carry_in";
    .port_info 3 /OUTPUT 4 "val_out";
    .port_info 4 /OUTPUT 1 "carry_out";
    .port_info 5 /OUTPUT 1 "prop_out";
    .port_info 6 /OUTPUT 1 "gen_out";
L_0xa4eb810 .functor AND 4, L_0xa4ef460, L_0xa4ef550, C4<1111>, C4<1111>;
L_0xa4eb880 .functor XOR 4, L_0xa4ef460, L_0xa4ef550, C4<0000>, C4<0000>;
L_0xa4ebb70 .functor AND 1, L_0xa4ef640, L_0xa4eba80, C4<1>, C4<1>;
L_0xa4ebc30 .functor OR 1, L_0xa4eb990, L_0xa4ebb70, C4<0>, C4<0>;
L_0xa4ebf20 .functor AND 1, L_0xa4ebde0, L_0xa4ebe80, C4<1>, C4<1>;
L_0xa4ec030 .functor OR 1, L_0xa4ebd40, L_0xa4ebf20, C4<0>, C4<0>;
L_0xa4ec370 .functor AND 1, L_0xa4ec1e0, L_0xa4ec280, C4<1>, C4<1>;
L_0xa4ec430 .functor OR 1, L_0xa4ec140, L_0xa4ec370, C4<0>, C4<0>;
L_0xa4ec970 .functor AND 1, L_0xa4ec7c0, L_0xa4ec860, C4<1>, C4<1>;
L_0xa4ec9e0 .functor OR 1, L_0xa4ec720, L_0xa4ec970, C4<0>, C4<0>;
L_0xa4ec900 .functor XOR 1, L_0xa4ecb40, L_0xa4ecbe0, C4<0>, C4<0>;
L_0xa4eccd0 .functor XOR 1, L_0xa4ec900, L_0xa4ef640, C4<0>, C4<0>;
L_0xa4ed140 .functor XOR 1, L_0xa4ece50, L_0xa4ecf80, C4<0>, C4<0>;
L_0xa4ed250 .functor XOR 1, L_0xa4ed140, L_0xa4ed1b0, C4<0>, C4<0>;
L_0xa4ecde0 .functor XOR 1, L_0xa4ed360, L_0xa4ed4a0, C4<0>, C4<0>;
L_0xa4ed400 .functor XOR 1, L_0xa4ecde0, L_0xa4ed590, C4<0>, C4<0>;
L_0xa4edb00 .functor XOR 1, L_0xa4ed9a0, L_0xa4ed630, C4<0>, C4<0>;
L_0xa4eda40 .functor XOR 1, L_0xa4edb00, L_0xa4edc10, C4<0>, C4<0>;
L_0xa4ed780 .functor AND 1, L_0xa4ee1f0, L_0xa4ee110, C4<1>, C4<1>;
L_0xa4ee420 .functor OR 1, L_0xa4edcb0, L_0xa4ed780, C4<0>, C4<0>;
L_0xa4ee7f0 .functor AND 1, L_0xa4ede20, L_0xa4ee290, C4<1>, C4<1>;
L_0xa4ee6f0 .functor AND 1, L_0xa4ee7f0, L_0xa4ee8b0, C4<1>, C4<1>;
L_0xa4ee530 .functor OR 1, L_0xa4ee420, L_0xa4ee6f0, C4<0>, C4<0>;
L_0xa4eea60 .functor AND 1, L_0xa4eed20, L_0xa4eedc0, C4<1>, C4<1>;
L_0xa4ef050 .functor AND 1, L_0xa4eea60, L_0xa4eebc0, C4<1>, C4<1>;
L_0xa4eee60 .functor AND 1, L_0xa4ef050, L_0xa4ef160, C4<1>, C4<1>;
L_0xa4eef80 .functor OR 1, L_0xa4ee530, L_0xa4eee60, C4<0>, C4<0>;
v0xa2c2c10_0 .net *"_ivl_10", 0 0, L_0xa4ebb70;  1 drivers
v0xa2d54a0_0 .net *"_ivl_103", 0 0, L_0xa4edcb0;  1 drivers
v0xa2d5560_0 .net *"_ivl_105", 0 0, L_0xa4ee1f0;  1 drivers
v0xa2d39d0_0 .net *"_ivl_107", 0 0, L_0xa4ee110;  1 drivers
v0xa2d3ab0_0 .net *"_ivl_108", 0 0, L_0xa4ed780;  1 drivers
v0xa2d1f00_0 .net *"_ivl_110", 0 0, L_0xa4ee420;  1 drivers
v0xa2d1fe0_0 .net *"_ivl_113", 0 0, L_0xa4ede20;  1 drivers
v0xa2d0430_0 .net *"_ivl_115", 0 0, L_0xa4ee290;  1 drivers
v0xa2d0510_0 .net *"_ivl_116", 0 0, L_0xa4ee7f0;  1 drivers
v0xa2ce9f0_0 .net *"_ivl_119", 0 0, L_0xa4ee8b0;  1 drivers
v0xa2cead0_0 .net *"_ivl_12", 0 0, L_0xa4ebc30;  1 drivers
v0xa2e5da0_0 .net *"_ivl_120", 0 0, L_0xa4ee6f0;  1 drivers
v0xa2e5e80_0 .net *"_ivl_122", 0 0, L_0xa4ee530;  1 drivers
v0xa2e4850_0 .net *"_ivl_125", 0 0, L_0xa4eed20;  1 drivers
v0xa2e4910_0 .net *"_ivl_127", 0 0, L_0xa4eedc0;  1 drivers
v0xa2da030_0 .net *"_ivl_128", 0 0, L_0xa4eea60;  1 drivers
v0xa2da110_0 .net *"_ivl_131", 0 0, L_0xa4eebc0;  1 drivers
v0xa2e3340_0 .net *"_ivl_132", 0 0, L_0xa4ef050;  1 drivers
v0xa2e3420_0 .net *"_ivl_135", 0 0, L_0xa4ef160;  1 drivers
v0xa2e1e50_0 .net *"_ivl_136", 0 0, L_0xa4eee60;  1 drivers
v0xa2e1f30_0 .net *"_ivl_17", 0 0, L_0xa4ebd40;  1 drivers
v0xa2e0960_0 .net *"_ivl_19", 0 0, L_0xa4ebde0;  1 drivers
v0xa2e0a20_0 .net *"_ivl_21", 0 0, L_0xa4ebe80;  1 drivers
v0xa2df470_0 .net *"_ivl_22", 0 0, L_0xa4ebf20;  1 drivers
v0xa2df550_0 .net *"_ivl_24", 0 0, L_0xa4ec030;  1 drivers
v0xa2ddf20_0 .net *"_ivl_29", 0 0, L_0xa4ec140;  1 drivers
v0xa2de000_0 .net *"_ivl_31", 0 0, L_0xa4ec1e0;  1 drivers
v0xa2dca10_0 .net *"_ivl_33", 0 0, L_0xa4ec280;  1 drivers
v0xa2dcaf0_0 .net *"_ivl_34", 0 0, L_0xa4ec370;  1 drivers
v0xa2db520_0 .net *"_ivl_36", 0 0, L_0xa4ec430;  1 drivers
v0xa2db5e0_0 .net *"_ivl_42", 0 0, L_0xa4ec720;  1 drivers
v0xa2edea0_0 .net *"_ivl_44", 0 0, L_0xa4ec7c0;  1 drivers
v0xa2edf80_0 .net *"_ivl_46", 0 0, L_0xa4ec860;  1 drivers
v0xa2ec3d0_0 .net *"_ivl_47", 0 0, L_0xa4ec970;  1 drivers
v0xa2ec4b0_0 .net *"_ivl_49", 0 0, L_0xa4ec9e0;  1 drivers
v0xa2ea900_0 .net *"_ivl_54", 0 0, L_0xa4ecb40;  1 drivers
v0xa2ea9e0_0 .net *"_ivl_56", 0 0, L_0xa4ecbe0;  1 drivers
v0xa2e8e30_0 .net *"_ivl_57", 0 0, L_0xa4ec900;  1 drivers
v0xa2e8ef0_0 .net *"_ivl_59", 0 0, L_0xa4eccd0;  1 drivers
v0xa2e73f0_0 .net *"_ivl_64", 0 0, L_0xa4ece50;  1 drivers
v0xa2e74d0_0 .net *"_ivl_66", 0 0, L_0xa4ecf80;  1 drivers
v0xa2b6f50_0 .net *"_ivl_67", 0 0, L_0xa4ed140;  1 drivers
v0xa2b7030_0 .net *"_ivl_7", 0 0, L_0xa4eb990;  1 drivers
v0x9f7d220_0 .net *"_ivl_70", 0 0, L_0xa4ed1b0;  1 drivers
v0x9f7d300_0 .net *"_ivl_71", 0 0, L_0xa4ed250;  1 drivers
v0x9f21d90_0 .net *"_ivl_76", 0 0, L_0xa4ed360;  1 drivers
v0x9f21e50_0 .net *"_ivl_78", 0 0, L_0xa4ed4a0;  1 drivers
v0x9f7c970_0 .net *"_ivl_79", 0 0, L_0xa4ecde0;  1 drivers
v0x9f7ca50_0 .net *"_ivl_82", 0 0, L_0xa4ed590;  1 drivers
v0x9f71ba0_0 .net *"_ivl_83", 0 0, L_0xa4ed400;  1 drivers
v0x9f71c80_0 .net *"_ivl_89", 0 0, L_0xa4ed9a0;  1 drivers
v0x9f358d0_0 .net *"_ivl_9", 0 0, L_0xa4eba80;  1 drivers
v0x9f359b0_0 .net *"_ivl_91", 0 0, L_0xa4ed630;  1 drivers
v0x9f5d8c0_0 .net *"_ivl_92", 0 0, L_0xa4edb00;  1 drivers
v0x9f5d980_0 .net *"_ivl_95", 0 0, L_0xa4edc10;  1 drivers
v0x9f49690_0 .net *"_ivl_96", 0 0, L_0xa4eda40;  1 drivers
v0x9f49770_0 .net "carry", 3 0, L_0xa4ec590;  1 drivers
v0x9f781b0_0 .net "carry_in", 0 0, L_0xa4ef640;  1 drivers
v0x9f78270_0 .net "carry_out", 0 0, L_0xa4edec0;  1 drivers
v0x9f5f670_0 .net "gen", 3 0, L_0xa4eb810;  1 drivers
v0x9f5f750_0 .net "gen_out", 0 0, L_0xa4eef80;  1 drivers
v0x9f70340_0 .net "prop", 3 0, L_0xa4eb880;  1 drivers
v0x9f70420_0 .net "prop_out", 0 0, L_0xa4ee070;  1 drivers
v0x9f4b440_0 .net "val1", 3 0, L_0xa4ef460;  1 drivers
v0x9f4b520_0 .net "val2", 3 0, L_0xa4ef550;  1 drivers
v0x9ddb690_0 .net "val_out", 3 0, L_0xa4ed810;  1 drivers
L_0xa4eb990 .part L_0xa4eb810, 0, 1;
L_0xa4eba80 .part L_0xa4eb880, 0, 1;
L_0xa4ebd40 .part L_0xa4eb810, 1, 1;
L_0xa4ebde0 .part L_0xa4ec590, 0, 1;
L_0xa4ebe80 .part L_0xa4eb880, 1, 1;
L_0xa4ec140 .part L_0xa4eb810, 2, 1;
L_0xa4ec1e0 .part L_0xa4ec590, 1, 1;
L_0xa4ec280 .part L_0xa4eb880, 2, 1;
L_0xa4ec590 .concat8 [ 1 1 1 1], L_0xa4ebc30, L_0xa4ec030, L_0xa4ec430, L_0xa4ec9e0;
L_0xa4ec720 .part L_0xa4eb810, 3, 1;
L_0xa4ec7c0 .part L_0xa4ec590, 2, 1;
L_0xa4ec860 .part L_0xa4eb880, 3, 1;
L_0xa4ecb40 .part L_0xa4ef460, 0, 1;
L_0xa4ecbe0 .part L_0xa4ef550, 0, 1;
L_0xa4ece50 .part L_0xa4ef460, 1, 1;
L_0xa4ecf80 .part L_0xa4ef550, 1, 1;
L_0xa4ed1b0 .part L_0xa4ec590, 0, 1;
L_0xa4ed360 .part L_0xa4ef460, 2, 1;
L_0xa4ed4a0 .part L_0xa4ef550, 2, 1;
L_0xa4ed590 .part L_0xa4ec590, 1, 1;
L_0xa4ed810 .concat8 [ 1 1 1 1], L_0xa4eccd0, L_0xa4ed250, L_0xa4ed400, L_0xa4eda40;
L_0xa4ed9a0 .part L_0xa4ef460, 3, 1;
L_0xa4ed630 .part L_0xa4ef550, 3, 1;
L_0xa4edc10 .part L_0xa4ec590, 2, 1;
L_0xa4edec0 .part L_0xa4ec590, 3, 1;
L_0xa4ee070 .reduce/and L_0xa4eb880;
L_0xa4edcb0 .part L_0xa4eb810, 3, 1;
L_0xa4ee1f0 .part L_0xa4eb880, 3, 1;
L_0xa4ee110 .part L_0xa4eb810, 2, 1;
L_0xa4ede20 .part L_0xa4eb880, 3, 1;
L_0xa4ee290 .part L_0xa4eb880, 2, 1;
L_0xa4ee8b0 .part L_0xa4eb810, 1, 1;
L_0xa4eed20 .part L_0xa4eb880, 3, 1;
L_0xa4eedc0 .part L_0xa4eb880, 2, 1;
L_0xa4eebc0 .part L_0xa4eb880, 1, 1;
L_0xa4ef160 .part L_0xa4eb810, 0, 1;
S_0x9f5c110 .scope module, "adder2" "add_pg_4" 8 46, 9 3 0, S_0xa30e9e0;
 .timescale -9 -12;
    .port_info 0 /INPUT 4 "val1";
    .port_info 1 /INPUT 4 "val2";
    .port_info 2 /INPUT 1 "carry_in";
    .port_info 3 /OUTPUT 4 "val_out";
    .port_info 4 /OUTPUT 1 "carry_out";
    .port_info 5 /OUTPUT 1 "prop_out";
    .port_info 6 /OUTPUT 1 "gen_out";
L_0xa4efbd0 .functor AND 4, L_0xa4f3880, L_0xa4f3920, C4<1111>, C4<1111>;
L_0xa4efc40 .functor XOR 4, L_0xa4f3880, L_0xa4f3920, C4<0000>, C4<0000>;
L_0xa4eff30 .functor AND 1, L_0xa4f3a30, L_0xa4efe40, C4<1>, C4<1>;
L_0xa4efff0 .functor OR 1, L_0xa4efd50, L_0xa4eff30, C4<0>, C4<0>;
L_0xa4f02e0 .functor AND 1, L_0xa4f01a0, L_0xa4f0240, C4<1>, C4<1>;
L_0xa4f03f0 .functor OR 1, L_0xa4f0100, L_0xa4f02e0, C4<0>, C4<0>;
L_0xa4f0730 .functor AND 1, L_0xa4f05a0, L_0xa4f0640, C4<1>, C4<1>;
L_0xa4f07f0 .functor OR 1, L_0xa4f0500, L_0xa4f0730, C4<0>, C4<0>;
L_0xa4f0d90 .functor AND 1, L_0xa4f0be0, L_0xa4f0c80, C4<1>, C4<1>;
L_0xa4f0e00 .functor OR 1, L_0xa4f0ae0, L_0xa4f0d90, C4<0>, C4<0>;
L_0xa4f0d20 .functor XOR 1, L_0xa4f0f60, L_0xa4f1000, C4<0>, C4<0>;
L_0xa4f10f0 .functor XOR 1, L_0xa4f0d20, L_0xa4f3a30, C4<0>, C4<0>;
L_0xa4f1560 .functor XOR 1, L_0xa4f1270, L_0xa4f13a0, C4<0>, C4<0>;
L_0xa4f1670 .functor XOR 1, L_0xa4f1560, L_0xa4f15d0, C4<0>, C4<0>;
L_0xa4f1200 .functor XOR 1, L_0xa4f1780, L_0xa4f18c0, C4<0>, C4<0>;
L_0xa4f1820 .functor XOR 1, L_0xa4f1200, L_0xa4f19b0, C4<0>, C4<0>;
L_0xa4f1f20 .functor XOR 1, L_0xa4f1dc0, L_0xa4f1a50, C4<0>, C4<0>;
L_0xa4f1e60 .functor XOR 1, L_0xa4f1f20, L_0xa4f2030, C4<0>, C4<0>;
L_0xa4f1ba0 .functor AND 1, L_0xa4f2610, L_0xa4f2530, C4<1>, C4<1>;
L_0xa4f2840 .functor OR 1, L_0xa4f20d0, L_0xa4f1ba0, C4<0>, C4<0>;
L_0xa4f2c10 .functor AND 1, L_0xa4f2240, L_0xa4f26b0, C4<1>, C4<1>;
L_0xa4f2b10 .functor AND 1, L_0xa4f2c10, L_0xa4f2cd0, C4<1>, C4<1>;
L_0xa4f2950 .functor OR 1, L_0xa4f2840, L_0xa4f2b10, C4<0>, C4<0>;
L_0xa4f2e80 .functor AND 1, L_0xa4f3140, L_0xa4f31e0, C4<1>, C4<1>;
L_0xa4f3470 .functor AND 1, L_0xa4f2e80, L_0xa4f2fe0, C4<1>, C4<1>;
L_0xa4f3280 .functor AND 1, L_0xa4f3470, L_0xa4f3580, C4<1>, C4<1>;
L_0xa4f33a0 .functor OR 1, L_0xa4f2950, L_0xa4f3280, C4<0>, C4<0>;
v0x9f37300_0 .net *"_ivl_10", 0 0, L_0xa4eff30;  1 drivers
v0x9f47ee0_0 .net *"_ivl_103", 0 0, L_0xa4f20d0;  1 drivers
v0x9f47fa0_0 .net *"_ivl_105", 0 0, L_0xa4f2610;  1 drivers
v0x9f23780_0 .net *"_ivl_107", 0 0, L_0xa4f2530;  1 drivers
v0x9f23860_0 .net *"_ivl_108", 0 0, L_0xa4f1ba0;  1 drivers
v0x9f34450_0 .net *"_ivl_110", 0 0, L_0xa4f2840;  1 drivers
v0x9f34530_0 .net *"_ivl_113", 0 0, L_0xa4f2240;  1 drivers
v0x9f1a330_0 .net *"_ivl_115", 0 0, L_0xa4f26b0;  1 drivers
v0x9f1a410_0 .net *"_ivl_116", 0 0, L_0xa4f2c10;  1 drivers
v0x9ede060_0 .net *"_ivl_119", 0 0, L_0xa4f2cd0;  1 drivers
v0x9ede140_0 .net *"_ivl_12", 0 0, L_0xa4efff0;  1 drivers
v0x9f06050_0 .net *"_ivl_120", 0 0, L_0xa4f2b10;  1 drivers
v0x9f06110_0 .net *"_ivl_122", 0 0, L_0xa4f2950;  1 drivers
v0x9ef1e20_0 .net *"_ivl_125", 0 0, L_0xa4f3140;  1 drivers
v0x9ef1f00_0 .net *"_ivl_127", 0 0, L_0xa4f31e0;  1 drivers
v0x9f20940_0 .net *"_ivl_128", 0 0, L_0xa4f2e80;  1 drivers
v0x9f20a20_0 .net *"_ivl_131", 0 0, L_0xa4f2fe0;  1 drivers
v0x9f07e00_0 .net *"_ivl_132", 0 0, L_0xa4f3470;  1 drivers
v0x9f07ee0_0 .net *"_ivl_135", 0 0, L_0xa4f3580;  1 drivers
v0x9f18ad0_0 .net *"_ivl_136", 0 0, L_0xa4f3280;  1 drivers
v0x9f18b90_0 .net *"_ivl_17", 0 0, L_0xa4f0100;  1 drivers
v0x9ef3bd0_0 .net *"_ivl_19", 0 0, L_0xa4f01a0;  1 drivers
v0x9ef3cb0_0 .net *"_ivl_21", 0 0, L_0xa4f0240;  1 drivers
v0x9f048a0_0 .net *"_ivl_22", 0 0, L_0xa4f02e0;  1 drivers
v0x9f04980_0 .net *"_ivl_24", 0 0, L_0xa4f03f0;  1 drivers
v0x9edf9a0_0 .net *"_ivl_29", 0 0, L_0xa4f0500;  1 drivers
v0x9edfa80_0 .net *"_ivl_31", 0 0, L_0xa4f05a0;  1 drivers
v0x9ef0670_0 .net *"_ivl_33", 0 0, L_0xa4f0640;  1 drivers
v0x9ef0730_0 .net *"_ivl_34", 0 0, L_0xa4f0730;  1 drivers
v0x9ecbf10_0 .net *"_ivl_36", 0 0, L_0xa4f07f0;  1 drivers
v0x9ecbff0_0 .net *"_ivl_42", 0 0, L_0xa4f0ae0;  1 drivers
v0x9edcbe0_0 .net *"_ivl_44", 0 0, L_0xa4f0be0;  1 drivers
v0x9edccc0_0 .net *"_ivl_46", 0 0, L_0xa4f0c80;  1 drivers
v0x9ecbae0_0 .net *"_ivl_47", 0 0, L_0xa4f0d90;  1 drivers
v0x9ecbbc0_0 .net *"_ivl_49", 0 0, L_0xa4f0e00;  1 drivers
v0x9f80930_0 .net *"_ivl_54", 0 0, L_0xa4f0f60;  1 drivers
v0x9f809f0_0 .net *"_ivl_56", 0 0, L_0xa4f1000;  1 drivers
v0x9f804f0_0 .net *"_ivl_57", 0 0, L_0xa4f0d20;  1 drivers
v0x9f805d0_0 .net *"_ivl_59", 0 0, L_0xa4f10f0;  1 drivers
v0x9f800b0_0 .net *"_ivl_64", 0 0, L_0xa4f1270;  1 drivers
v0x9f80190_0 .net *"_ivl_66", 0 0, L_0xa4f13a0;  1 drivers
v0x9f811b0_0 .net *"_ivl_67", 0 0, L_0xa4f1560;  1 drivers
v0x9f81290_0 .net *"_ivl_7", 0 0, L_0xa4efd50;  1 drivers
v0x9f80d70_0 .net *"_ivl_70", 0 0, L_0xa4f15d0;  1 drivers
v0x9f80e30_0 .net *"_ivl_71", 0 0, L_0xa4f1670;  1 drivers
v0x9e64f20_0 .net *"_ivl_76", 0 0, L_0xa4f1780;  1 drivers
v0x9e65000_0 .net *"_ivl_78", 0 0, L_0xa4f18c0;  1 drivers
v0x9f87fc0_0 .net *"_ivl_79", 0 0, L_0xa4f1200;  1 drivers
v0x9f880a0_0 .net *"_ivl_82", 0 0, L_0xa4f19b0;  1 drivers
v0x9f84cc0_0 .net *"_ivl_83", 0 0, L_0xa4f1820;  1 drivers
v0x9f84da0_0 .net *"_ivl_89", 0 0, L_0xa4f1dc0;  1 drivers
v0x9fab840_0 .net *"_ivl_9", 0 0, L_0xa4efe40;  1 drivers
v0x9fab900_0 .net *"_ivl_91", 0 0, L_0xa4f1a50;  1 drivers
v0x9fb53e0_0 .net *"_ivl_92", 0 0, L_0xa4f1f20;  1 drivers
v0x9fb54c0_0 .net *"_ivl_95", 0 0, L_0xa4f2030;  1 drivers
v0x9fb1810_0 .net *"_ivl_96", 0 0, L_0xa4f1e60;  1 drivers
v0x9fb18f0_0 .net "carry", 3 0, L_0xa4f0950;  1 drivers
v0x9faf9e0_0 .net "carry_in", 0 0, L_0xa4f3a30;  1 drivers
v0x9fafaa0_0 .net "carry_out", 0 0, L_0xa4f22e0;  1 drivers
v0x9faed00_0 .net "gen", 3 0, L_0xa4efbd0;  1 drivers
v0x9faede0_0 .net "gen_out", 0 0, L_0xa4f33a0;  1 drivers
v0x9f990d0_0 .net "prop", 3 0, L_0xa4efc40;  1 drivers
v0x9f991b0_0 .net "prop_out", 0 0, L_0xa4f2490;  1 drivers
v0x9fa9e30_0 .net "val1", 3 0, L_0xa4f3880;  1 drivers
v0x9fa9f10_0 .net "val2", 3 0, L_0xa4f3920;  1 drivers
v0x9de49a0_0 .net "val_out", 3 0, L_0xa4f1c30;  1 drivers
L_0xa4efd50 .part L_0xa4efbd0, 0, 1;
L_0xa4efe40 .part L_0xa4efc40, 0, 1;
L_0xa4f0100 .part L_0xa4efbd0, 1, 1;
L_0xa4f01a0 .part L_0xa4f0950, 0, 1;
L_0xa4f0240 .part L_0xa4efc40, 1, 1;
L_0xa4f0500 .part L_0xa4efbd0, 2, 1;
L_0xa4f05a0 .part L_0xa4f0950, 1, 1;
L_0xa4f0640 .part L_0xa4efc40, 2, 1;
L_0xa4f0950 .concat8 [ 1 1 1 1], L_0xa4efff0, L_0xa4f03f0, L_0xa4f07f0, L_0xa4f0e00;
L_0xa4f0ae0 .part L_0xa4efbd0, 3, 1;
L_0xa4f0be0 .part L_0xa4f0950, 2, 1;
L_0xa4f0c80 .part L_0xa4efc40, 3, 1;
L_0xa4f0f60 .part L_0xa4f3880, 0, 1;
L_0xa4f1000 .part L_0xa4f3920, 0, 1;
L_0xa4f1270 .part L_0xa4f3880, 1, 1;
L_0xa4f13a0 .part L_0xa4f3920, 1, 1;
L_0xa4f15d0 .part L_0xa4f0950, 0, 1;
L_0xa4f1780 .part L_0xa4f3880, 2, 1;
L_0xa4f18c0 .part L_0xa4f3920, 2, 1;
L_0xa4f19b0 .part L_0xa4f0950, 1, 1;
L_0xa4f1c30 .concat8 [ 1 1 1 1], L_0xa4f10f0, L_0xa4f1670, L_0xa4f1820, L_0xa4f1e60;
L_0xa4f1dc0 .part L_0xa4f3880, 3, 1;
L_0xa4f1a50 .part L_0xa4f3920, 3, 1;
L_0xa4f2030 .part L_0xa4f0950, 2, 1;
L_0xa4f22e0 .part L_0xa4f0950, 3, 1;
L_0xa4f2490 .reduce/and L_0xa4efc40;
L_0xa4f20d0 .part L_0xa4efbd0, 3, 1;
L_0xa4f2610 .part L_0xa4efc40, 3, 1;
L_0xa4f2530 .part L_0xa4efbd0, 2, 1;
L_0xa4f2240 .part L_0xa4efc40, 3, 1;
L_0xa4f26b0 .part L_0xa4efc40, 2, 1;
L_0xa4f2cd0 .part L_0xa4efbd0, 1, 1;
L_0xa4f3140 .part L_0xa4efc40, 3, 1;
L_0xa4f31e0 .part L_0xa4efc40, 2, 1;
L_0xa4f2fe0 .part L_0xa4efc40, 1, 1;
L_0xa4f3580 .part L_0xa4efbd0, 0, 1;
S_0x9fa8f00 .scope module, "adder3" "add_pg_4" 8 60, 9 3 0, S_0xa30e9e0;
 .timescale -9 -12;
    .port_info 0 /INPUT 4 "val1";
    .port_info 1 /INPUT 4 "val2";
    .port_info 2 /INPUT 1 "carry_in";
    .port_info 3 /OUTPUT 4 "val_out";
    .port_info 4 /OUTPUT 1 "carry_out";
    .port_info 5 /OUTPUT 1 "prop_out";
    .port_info 6 /OUTPUT 1 "gen_out";
L_0xa4f3ea0 .functor AND 4, L_0xa4f78d0, L_0xa4f7970, C4<1111>, C4<1111>;
L_0xa4f3f10 .functor XOR 4, L_0xa4f78d0, L_0xa4f7970, C4<0000>, C4<0000>;
L_0xa4f4200 .functor AND 1, L_0xa4f7ab0, L_0xa4f4110, C4<1>, C4<1>;
L_0xa4f42c0 .functor OR 1, L_0xa4f4020, L_0xa4f4200, C4<0>, C4<0>;
L_0xa4f45b0 .functor AND 1, L_0xa4f4470, L_0xa4f4510, C4<1>, C4<1>;
L_0xa4f46c0 .functor OR 1, L_0xa4f43d0, L_0xa4f45b0, C4<0>, C4<0>;
L_0xa4f4a00 .functor AND 1, L_0xa4f4870, L_0xa4f4910, C4<1>, C4<1>;
L_0xa4f4ac0 .functor OR 1, L_0xa4f47d0, L_0xa4f4a00, C4<0>, C4<0>;
L_0xa4f5090 .functor AND 1, L_0xa4f4e50, L_0xa4f4f80, C4<1>, C4<1>;
L_0xa4f5100 .functor OR 1, L_0xa4f4db0, L_0xa4f5090, C4<0>, C4<0>;
L_0xa4f5020 .functor XOR 1, L_0xa4f5260, L_0xa4f5300, C4<0>, C4<0>;
L_0xa4f53f0 .functor XOR 1, L_0xa4f5020, L_0xa4f7ab0, C4<0>, C4<0>;
L_0xa4f5860 .functor XOR 1, L_0xa4f5570, L_0xa4f56a0, C4<0>, C4<0>;
L_0xa4f5970 .functor XOR 1, L_0xa4f5860, L_0xa4f58d0, C4<0>, C4<0>;
L_0xa4f5500 .functor XOR 1, L_0xa4f5a80, L_0xa4f5bc0, C4<0>, C4<0>;
L_0xa4f5b20 .functor XOR 1, L_0xa4f5500, L_0xa4f5cb0, C4<0>, C4<0>;
L_0xa4f6220 .functor XOR 1, L_0xa4f60c0, L_0xa4f5d50, C4<0>, C4<0>;
L_0xa4f6160 .functor XOR 1, L_0xa4f6220, L_0xa4f6330, C4<0>, C4<0>;
L_0xa4f6aa0 .functor AND 1, L_0xa4f6910, L_0xa4f6830, C4<1>, C4<1>;
L_0xa4f6bb0 .functor OR 1, L_0xa4f63d0, L_0xa4f6aa0, C4<0>, C4<0>;
L_0xa4f6f80 .functor AND 1, L_0xa4f6540, L_0xa4f69b0, C4<1>, C4<1>;
L_0xa4d8420 .functor AND 1, L_0xa4f6f80, L_0xa4f6ff0, C4<1>, C4<1>;
L_0xa4f6cc0 .functor OR 1, L_0xa4f6bb0, L_0xa4d8420, C4<0>, C4<0>;
L_0xa4f71a0 .functor AND 1, L_0xa4f72b0, L_0xa4f7350, C4<1>, C4<1>;
L_0xa4f75b0 .functor AND 1, L_0xa4f71a0, L_0xa4f7510, C4<1>, C4<1>;
L_0xa4f73f0 .functor AND 1, L_0xa4f75b0, L_0xa4f7620, C4<1>, C4<1>;
L_0xa4f6e80 .functor OR 1, L_0xa4f6cc0, L_0xa4f73f0, C4<0>, C4<0>;
v0x9fa7ef0_0 .net *"_ivl_10", 0 0, L_0xa4f4200;  1 drivers
v0x9fa6cd0_0 .net *"_ivl_103", 0 0, L_0xa4f63d0;  1 drivers
v0x9fa6db0_0 .net *"_ivl_105", 0 0, L_0xa4f6910;  1 drivers
v0x9fa64b0_0 .net *"_ivl_107", 0 0, L_0xa4f6830;  1 drivers
v0x9fa6590_0 .net *"_ivl_108", 0 0, L_0xa4f6aa0;  1 drivers
v0x9fa3270_0 .net *"_ivl_110", 0 0, L_0xa4f6bb0;  1 drivers
v0x9fa3350_0 .net *"_ivl_113", 0 0, L_0xa4f6540;  1 drivers
v0x9fa2a90_0 .net *"_ivl_115", 0 0, L_0xa4f69b0;  1 drivers
v0x9fa2b70_0 .net *"_ivl_116", 0 0, L_0xa4f6f80;  1 drivers
v0x9f903b0_0 .net *"_ivl_119", 0 0, L_0xa4f6ff0;  1 drivers
v0x9f90470_0 .net *"_ivl_12", 0 0, L_0xa4f42c0;  1 drivers
v0x9fa0e20_0 .net *"_ivl_120", 0 0, L_0xa4d8420;  1 drivers
v0x9fa0f00_0 .net *"_ivl_122", 0 0, L_0xa4f6cc0;  1 drivers
v0x9f9e9e0_0 .net *"_ivl_125", 0 0, L_0xa4f72b0;  1 drivers
v0x9f9eac0_0 .net *"_ivl_127", 0 0, L_0xa4f7350;  1 drivers
v0xa2a8050_0 .net *"_ivl_128", 0 0, L_0xa4f71a0;  1 drivers
v0xa2a8130_0 .net *"_ivl_131", 0 0, L_0xa4f7510;  1 drivers
v0xa24c030_0 .net *"_ivl_132", 0 0, L_0xa4f75b0;  1 drivers
v0xa24c0f0_0 .net *"_ivl_135", 0 0, L_0xa4f7620;  1 drivers
v0xa2a6c10_0 .net *"_ivl_136", 0 0, L_0xa4f73f0;  1 drivers
v0xa2a6cf0_0 .net *"_ivl_17", 0 0, L_0xa4f43d0;  1 drivers
v0xa29be40_0 .net *"_ivl_19", 0 0, L_0xa4f4470;  1 drivers
v0xa29bf20_0 .net *"_ivl_21", 0 0, L_0xa4f4510;  1 drivers
v0xa25fb70_0 .net *"_ivl_22", 0 0, L_0xa4f45b0;  1 drivers
v0xa25fc50_0 .net *"_ivl_24", 0 0, L_0xa4f46c0;  1 drivers
v0xa287b60_0 .net *"_ivl_29", 0 0, L_0xa4f47d0;  1 drivers
v0xa287c20_0 .net *"_ivl_31", 0 0, L_0xa4f4870;  1 drivers
v0xa273930_0 .net *"_ivl_33", 0 0, L_0xa4f4910;  1 drivers
v0xa273a10_0 .net *"_ivl_34", 0 0, L_0xa4f4a00;  1 drivers
v0xa2a2450_0 .net *"_ivl_36", 0 0, L_0xa4f4ac0;  1 drivers
v0xa2a2530_0 .net *"_ivl_42", 0 0, L_0xa4f4db0;  1 drivers
v0xa289910_0 .net *"_ivl_44", 0 0, L_0xa4f4e50;  1 drivers
v0xa2899f0_0 .net *"_ivl_46", 0 0, L_0xa4f4f80;  1 drivers
v0xa29a5e0_0 .net *"_ivl_47", 0 0, L_0xa4f5090;  1 drivers
v0xa29a6a0_0 .net *"_ivl_49", 0 0, L_0xa4f5100;  1 drivers
v0xa2756e0_0 .net *"_ivl_54", 0 0, L_0xa4f5260;  1 drivers
v0xa2757c0_0 .net *"_ivl_56", 0 0, L_0xa4f5300;  1 drivers
v0xa2863b0_0 .net *"_ivl_57", 0 0, L_0xa4f5020;  1 drivers
v0xa286490_0 .net *"_ivl_59", 0 0, L_0xa4f53f0;  1 drivers
v0xa2614b0_0 .net *"_ivl_64", 0 0, L_0xa4f5570;  1 drivers
v0xa261590_0 .net *"_ivl_66", 0 0, L_0xa4f56a0;  1 drivers
v0xa272180_0 .net *"_ivl_67", 0 0, L_0xa4f5860;  1 drivers
v0xa272240_0 .net *"_ivl_7", 0 0, L_0xa4f4020;  1 drivers
v0xa24da20_0 .net *"_ivl_70", 0 0, L_0xa4f58d0;  1 drivers
v0xa24db00_0 .net *"_ivl_71", 0 0, L_0xa4f5970;  1 drivers
v0xa25e6f0_0 .net *"_ivl_76", 0 0, L_0xa4f5a80;  1 drivers
v0xa25e7d0_0 .net *"_ivl_78", 0 0, L_0xa4f5bc0;  1 drivers
v0xa2444c0_0 .net *"_ivl_79", 0 0, L_0xa4f5500;  1 drivers
v0xa2445a0_0 .net *"_ivl_82", 0 0, L_0xa4f5cb0;  1 drivers
v0xa2081f0_0 .net *"_ivl_83", 0 0, L_0xa4f5b20;  1 drivers
v0xa2082b0_0 .net *"_ivl_89", 0 0, L_0xa4f60c0;  1 drivers
v0xa2301e0_0 .net *"_ivl_9", 0 0, L_0xa4f4110;  1 drivers
v0xa2302c0_0 .net *"_ivl_91", 0 0, L_0xa4f5d50;  1 drivers
v0xa21bfb0_0 .net *"_ivl_92", 0 0, L_0xa4f6220;  1 drivers
v0xa21c090_0 .net *"_ivl_95", 0 0, L_0xa4f6330;  1 drivers
v0xa24aad0_0 .net *"_ivl_96", 0 0, L_0xa4f6160;  1 drivers
v0xa24abb0_0 .net "carry", 3 0, L_0xa4f4c20;  1 drivers
v0xa231f90_0 .net "carry_in", 0 0, L_0xa4f7ab0;  1 drivers
v0xa232030_0 .net8 "carry_out", 0 0, RS_0x7f41ebebff38;  alias, 2 drivers
v0xa242c60_0 .net "gen", 3 0, L_0xa4f3ea0;  1 drivers
v0xa242d40_0 .net "gen_out", 0 0, L_0xa4f6e80;  1 drivers
v0xa21dd60_0 .net "prop", 3 0, L_0xa4f3f10;  1 drivers
v0xa21de40_0 .net "prop_out", 0 0, L_0xa4f6790;  1 drivers
v0xa22ea30_0 .net "val1", 3 0, L_0xa4f78d0;  1 drivers
v0xa22eb10_0 .net "val2", 3 0, L_0xa4f7970;  1 drivers
v0x9de0450_0 .net "val_out", 3 0, L_0xa4f5f30;  1 drivers
L_0xa4f4020 .part L_0xa4f3ea0, 0, 1;
L_0xa4f4110 .part L_0xa4f3f10, 0, 1;
L_0xa4f43d0 .part L_0xa4f3ea0, 1, 1;
L_0xa4f4470 .part L_0xa4f4c20, 0, 1;
L_0xa4f4510 .part L_0xa4f3f10, 1, 1;
L_0xa4f47d0 .part L_0xa4f3ea0, 2, 1;
L_0xa4f4870 .part L_0xa4f4c20, 1, 1;
L_0xa4f4910 .part L_0xa4f3f10, 2, 1;
L_0xa4f4c20 .concat8 [ 1 1 1 1], L_0xa4f42c0, L_0xa4f46c0, L_0xa4f4ac0, L_0xa4f5100;
L_0xa4f4db0 .part L_0xa4f3ea0, 3, 1;
L_0xa4f4e50 .part L_0xa4f4c20, 2, 1;
L_0xa4f4f80 .part L_0xa4f3f10, 3, 1;
L_0xa4f5260 .part L_0xa4f78d0, 0, 1;
L_0xa4f5300 .part L_0xa4f7970, 0, 1;
L_0xa4f5570 .part L_0xa4f78d0, 1, 1;
L_0xa4f56a0 .part L_0xa4f7970, 1, 1;
L_0xa4f58d0 .part L_0xa4f4c20, 0, 1;
L_0xa4f5a80 .part L_0xa4f78d0, 2, 1;
L_0xa4f5bc0 .part L_0xa4f7970, 2, 1;
L_0xa4f5cb0 .part L_0xa4f4c20, 1, 1;
L_0xa4f5f30 .concat8 [ 1 1 1 1], L_0xa4f53f0, L_0xa4f5970, L_0xa4f5b20, L_0xa4f6160;
L_0xa4f60c0 .part L_0xa4f78d0, 3, 1;
L_0xa4f5d50 .part L_0xa4f7970, 3, 1;
L_0xa4f6330 .part L_0xa4f4c20, 2, 1;
L_0xa4f65e0 .part L_0xa4f4c20, 3, 1;
L_0xa4f6790 .reduce/and L_0xa4f3f10;
L_0xa4f63d0 .part L_0xa4f3ea0, 3, 1;
L_0xa4f6910 .part L_0xa4f3f10, 3, 1;
L_0xa4f6830 .part L_0xa4f3ea0, 2, 1;
L_0xa4f6540 .part L_0xa4f3f10, 3, 1;
L_0xa4f69b0 .part L_0xa4f3f10, 2, 1;
L_0xa4f6ff0 .part L_0xa4f3ea0, 1, 1;
L_0xa4f72b0 .part L_0xa4f3f10, 3, 1;
L_0xa4f7350 .part L_0xa4f3f10, 2, 1;
L_0xa4f7510 .part L_0xa4f3f10, 1, 1;
L_0xa4f7620 .part L_0xa4f3ea0, 0, 1;
S_0xa0c0510 .scope module, "adder1" "add_pg_16" 7 32, 8 3 0, S_0xa310050;
 .timescale -9 -12;
    .port_info 0 /INPUT 16 "val1";
    .port_info 1 /INPUT 16 "val2";
    .port_info 2 /INPUT 1 "carry_in";
    .port_info 3 /OUTPUT 16 "val_out";
    .port_info 4 /OUTPUT 1 "carry_out";
    .port_info 5 /OUTPUT 1 "prop_out";
    .port_info 6 /OUTPUT 1 "gen_out";
L_0xa4fdca0 .functor AND 1, L_0xa50c700, L_0xa4fdc00, C4<1>, C4<1>;
L_0xa4fdd10 .functor OR 1, L_0xa4fdb60, L_0xa4fdca0, C4<0>, C4<0>;
L_0xa5020a0 .functor AND 1, L_0xa501ec0, L_0xa501fb0, C4<1>, C4<1>;
L_0xa502160 .functor OR 1, L_0xa501d80, L_0xa5020a0, C4<0>, C4<0>;
L_0xa506060 .functor AND 1, L_0xa506210, L_0xa5062b0, C4<1>, C4<1>;
L_0xa506430 .functor OR 1, L_0xa506170, L_0xa506060, C4<0>, C4<0>;
L_0xa50ac10 .functor AND 1, L_0xa50a9c0, L_0xa50ace0, C4<1>, C4<1>;
L_0xa50aeb0 .functor OR 1, L_0xa50ab70, L_0xa50ac10, C4<0>, C4<0>;
L_0xa50b540 .functor AND 1, L_0xa50b3a0, L_0xa50b2b0, C4<1>, C4<1>;
L_0xa50b600 .functor OR 1, L_0xa50ad80, L_0xa50b540, C4<0>, C4<0>;
L_0xa50b9d0 .functor AND 1, L_0xa50b710, L_0xa50b440, C4<1>, C4<1>;
L_0xa50b8c0 .functor AND 1, L_0xa50b9d0, L_0xa50ba40, C4<1>, C4<1>;
L_0xa50bd80 .functor OR 1, L_0xa50b600, L_0xa50b8c0, C4<0>, C4<0>;
L_0xa50bbf0 .functor AND 1, L_0xa50be90, L_0xa50bf30, C4<1>, C4<1>;
L_0xa50bd10 .functor AND 1, L_0xa50bbf0, L_0xa50c100, C4<1>, C4<1>;
L_0xa50bfd0 .functor AND 1, L_0xa50bd10, L_0xa50c240, C4<1>, C4<1>;
L_0xa50c4b0 .functor OR 1, L_0xa50bd80, L_0xa50bfd0, C4<0>, C4<0>;
v0xa361910_0 .net *"_ivl_101", 0 0, L_0xa50ad80;  1 drivers
v0xa361a10_0 .net *"_ivl_103", 0 0, L_0xa50b3a0;  1 drivers
v0xa361af0_0 .net *"_ivl_105", 0 0, L_0xa50b2b0;  1 drivers
v0xa361bb0_0 .net *"_ivl_106", 0 0, L_0xa50b540;  1 drivers
v0xa361c90_0 .net *"_ivl_108", 0 0, L_0xa50b600;  1 drivers
v0xa361d70_0 .net *"_ivl_111", 0 0, L_0xa50b710;  1 drivers
v0xa361e50_0 .net *"_ivl_113", 0 0, L_0xa50b440;  1 drivers
v0xa361f30_0 .net *"_ivl_114", 0 0, L_0xa50b9d0;  1 drivers
v0xa362010_0 .net *"_ivl_117", 0 0, L_0xa50ba40;  1 drivers
v0xa3620f0_0 .net *"_ivl_118", 0 0, L_0xa50b8c0;  1 drivers
v0xa3621d0_0 .net *"_ivl_120", 0 0, L_0xa50bd80;  1 drivers
v0xa3622b0_0 .net *"_ivl_123", 0 0, L_0xa50be90;  1 drivers
v0xa362390_0 .net *"_ivl_125", 0 0, L_0xa50bf30;  1 drivers
v0xa362470_0 .net *"_ivl_126", 0 0, L_0xa50bbf0;  1 drivers
v0xa362550_0 .net *"_ivl_129", 0 0, L_0xa50c100;  1 drivers
v0xa362630_0 .net *"_ivl_13", 0 0, L_0xa4fdb60;  1 drivers
v0xa362710_0 .net *"_ivl_130", 0 0, L_0xa50bd10;  1 drivers
v0xa3627f0_0 .net *"_ivl_133", 0 0, L_0xa50c240;  1 drivers
v0xa3628d0_0 .net *"_ivl_134", 0 0, L_0xa50bfd0;  1 drivers
v0xa3629b0_0 .net *"_ivl_15", 0 0, L_0xa4fdc00;  1 drivers
v0xa362a90_0 .net *"_ivl_16", 0 0, L_0xa4fdca0;  1 drivers
v0xa362b70_0 .net *"_ivl_18", 0 0, L_0xa4fdd10;  1 drivers
v0xa362c50_0 .net *"_ivl_35", 0 0, L_0xa501d80;  1 drivers
v0xa362d30_0 .net *"_ivl_37", 0 0, L_0xa501ec0;  1 drivers
v0xa362e10_0 .net *"_ivl_39", 0 0, L_0xa501fb0;  1 drivers
v0xa362ef0_0 .net *"_ivl_40", 0 0, L_0xa5020a0;  1 drivers
v0xa362fd0_0 .net *"_ivl_42", 0 0, L_0xa502160;  1 drivers
v0xa3630b0_0 .net *"_ivl_59", 0 0, L_0xa506170;  1 drivers
v0xa363190_0 .net *"_ivl_61", 0 0, L_0xa506210;  1 drivers
v0xa363270_0 .net *"_ivl_63", 0 0, L_0xa5062b0;  1 drivers
v0xa363350_0 .net *"_ivl_64", 0 0, L_0xa506060;  1 drivers
v0xa363430_0 .net *"_ivl_66", 0 0, L_0xa506430;  1 drivers
v0xa363510_0 .net *"_ivl_87", 0 0, L_0xa50ab70;  1 drivers
v0xa3635f0_0 .net *"_ivl_89", 0 0, L_0xa50a9c0;  1 drivers
v0xa3636d0_0 .net *"_ivl_91", 0 0, L_0xa50ace0;  1 drivers
v0xa3637b0_0 .net *"_ivl_92", 0 0, L_0xa50ac10;  1 drivers
v0xa363890_0 .net *"_ivl_94", 0 0, L_0xa50aeb0;  1 drivers
v0xa363970_0 .net "carry", 3 0, L_0xa50a600;  1 drivers
v0xa363a50_0 .net "carry_in", 0 0, L_0xa50c700;  1 drivers
RS_0x7f41ebec3fb8 .resolv tri, L_0xa508c80, L_0xa50b060;
v0xa363af0_0 .net8 "carry_out", 0 0, RS_0x7f41ebec3fb8;  2 drivers
v0xa363bc0_0 .net "gen", 3 0, L_0xa50a7a0;  1 drivers
v0xa363c60_0 .net "gen_out", 0 0, L_0xa50c4b0;  1 drivers
v0xa363d20_0 .net "prop", 3 0, L_0xa50a3d0;  1 drivers
v0xa363e00_0 .net "prop_out", 0 0, L_0xa50b210;  1 drivers
v0xa363ec0_0 .net "val1", 15 0, L_0xa50c5c0;  1 drivers
v0xa363fa0_0 .net "val2", 15 0, L_0xa50c660;  1 drivers
v0xa364080_0 .net "val_out", 15 0, L_0xa50a510;  1 drivers
L_0xa4fda20 .part L_0xa50c5c0, 0, 4;
L_0xa4fdac0 .part L_0xa50c660, 0, 4;
L_0xa4fdb60 .part L_0xa50a7a0, 0, 1;
L_0xa4fdc00 .part L_0xa50a3d0, 0, 1;
L_0xa501b00 .part L_0xa50c5c0, 4, 4;
L_0xa501bf0 .part L_0xa50c660, 4, 4;
L_0xa501ce0 .part L_0xa50a600, 0, 1;
L_0xa501d80 .part L_0xa50a7a0, 1, 1;
L_0xa501ec0 .part L_0xa50a600, 0, 1;
L_0xa501fb0 .part L_0xa50a3d0, 1, 1;
L_0xa505f20 .part L_0xa50c5c0, 8, 4;
L_0xa505fc0 .part L_0xa50c660, 8, 4;
L_0xa5060d0 .part L_0xa50a600, 1, 1;
L_0xa506170 .part L_0xa50a7a0, 2, 1;
L_0xa506210 .part L_0xa50a600, 1, 1;
L_0xa5062b0 .part L_0xa50a3d0, 2, 1;
L_0xa50a290 .part L_0xa50c5c0, 12, 4;
L_0xa50a330 .part L_0xa50c660, 12, 4;
L_0xa50a470 .part L_0xa50a600, 2, 1;
L_0xa50a510 .concat8 [ 4 4 4 4], L_0xa4fbdd0, L_0xa4ffeb0, L_0xa5042d0, L_0xa5085d0;
L_0xa50a3d0 .concat8 [ 1 1 1 1], L_0xa4fc630, L_0xa500710, L_0xa504b30, L_0xa508e30;
L_0xa50a7a0 .concat8 [ 1 1 1 1], L_0xa4fd540, L_0xa501620, L_0xa505a40, L_0xa509db0;
L_0xa50a600 .concat8 [ 1 1 1 1], L_0xa4fdd10, L_0xa502160, L_0xa506430, L_0xa50aeb0;
L_0xa50ab70 .part L_0xa50a7a0, 3, 1;
L_0xa50a9c0 .part L_0xa50a600, 2, 1;
L_0xa50ace0 .part L_0xa50a3d0, 3, 1;
L_0xa50b060 .part L_0xa50a600, 3, 1;
L_0xa50b210 .reduce/and L_0xa50a3d0;
L_0xa50ad80 .part L_0xa50a7a0, 3, 1;
L_0xa50b3a0 .part L_0xa50a3d0, 3, 1;
L_0xa50b2b0 .part L_0xa50a7a0, 2, 1;
L_0xa50b710 .part L_0xa50a3d0, 3, 1;
L_0xa50b440 .part L_0xa50a3d0, 2, 1;
L_0xa50ba40 .part L_0xa50a7a0, 1, 1;
L_0xa50be90 .part L_0xa50a3d0, 3, 1;
L_0xa50bf30 .part L_0xa50a3d0, 2, 1;
L_0xa50c100 .part L_0xa50a3d0, 1, 1;
L_0xa50c240 .part L_0xa50a7a0, 0, 1;
S_0xa0ac230 .scope module, "adder0" "add_pg_4" 8 18, 9 3 0, S_0xa0c0510;
 .timescale -9 -12;
    .port_info 0 /INPUT 4 "val1";
    .port_info 1 /INPUT 4 "val2";
    .port_info 2 /INPUT 1 "carry_in";
    .port_info 3 /OUTPUT 4 "val_out";
    .port_info 4 /OUTPUT 1 "carry_out";
    .port_info 5 /OUTPUT 1 "prop_out";
    .port_info 6 /OUTPUT 1 "gen_out";
L_0xa4f9dd0 .functor AND 4, L_0xa4fda20, L_0xa4fdac0, C4<1111>, C4<1111>;
L_0xa4f9e40 .functor XOR 4, L_0xa4fda20, L_0xa4fdac0, C4<0000>, C4<0000>;
L_0xa4fa130 .functor AND 1, L_0xa50c700, L_0xa4fa040, C4<1>, C4<1>;
L_0xa4fa240 .functor OR 1, L_0xa4f9f50, L_0xa4fa130, C4<0>, C4<0>;
L_0xa4fa530 .functor AND 1, L_0xa4fa3f0, L_0xa4fa490, C4<1>, C4<1>;
L_0xa4fa640 .functor OR 1, L_0xa4fa350, L_0xa4fa530, C4<0>, C4<0>;
L_0xa4fa980 .functor AND 1, L_0xa4fa7f0, L_0xa4fa890, C4<1>, C4<1>;
L_0xa4faa40 .functor OR 1, L_0xa4fa750, L_0xa4fa980, C4<0>, C4<0>;
L_0xa4faf80 .functor AND 1, L_0xa4fadd0, L_0xa4fae70, C4<1>, C4<1>;
L_0xa4faff0 .functor OR 1, L_0xa4fad30, L_0xa4faf80, C4<0>, C4<0>;
L_0xa4faf10 .functor XOR 1, L_0xa4fb150, L_0xa4fb1f0, C4<0>, C4<0>;
L_0xa4fb2e0 .functor XOR 1, L_0xa4faf10, L_0xa50c700, C4<0>, C4<0>;
L_0xa4fb700 .functor XOR 1, L_0xa4fb410, L_0xa4fb540, C4<0>, C4<0>;
L_0xa4fb810 .functor XOR 1, L_0xa4fb700, L_0xa4fb770, C4<0>, C4<0>;
L_0xa4fb3a0 .functor XOR 1, L_0xa4fb920, L_0xa4fba60, C4<0>, C4<0>;
L_0xa4fb9c0 .functor XOR 1, L_0xa4fb3a0, L_0xa4fbb50, C4<0>, C4<0>;
L_0xa4fc0c0 .functor XOR 1, L_0xa4fbf60, L_0xa4fbbf0, C4<0>, C4<0>;
L_0xa4fc000 .functor XOR 1, L_0xa4fc0c0, L_0xa4fc1d0, C4<0>, C4<0>;
L_0xa4fbd40 .functor AND 1, L_0xa4fc7b0, L_0xa4fc6d0, C4<1>, C4<1>;
L_0xa4fc9e0 .functor OR 1, L_0xa4fc270, L_0xa4fbd40, C4<0>, C4<0>;
L_0xa4fcdb0 .functor AND 1, L_0xa4fc3e0, L_0xa4fc850, C4<1>, C4<1>;
L_0xa4fccb0 .functor AND 1, L_0xa4fcdb0, L_0xa4fce70, C4<1>, C4<1>;
L_0xa4fcaf0 .functor OR 1, L_0xa4fc9e0, L_0xa4fccb0, C4<0>, C4<0>;
L_0xa4fd020 .functor AND 1, L_0xa4fd2e0, L_0xa4fd380, C4<1>, C4<1>;
L_0xa4fd610 .functor AND 1, L_0xa4fd020, L_0xa4fd180, C4<1>, C4<1>;
L_0xa4fd420 .functor AND 1, L_0xa4fd610, L_0xa4fd720, C4<1>, C4<1>;
L_0xa4fd540 .functor OR 1, L_0xa4fcaf0, L_0xa4fd420, C4<0>, C4<0>;
v0xa084330_0 .net *"_ivl_10", 0 0, L_0xa4fa130;  1 drivers
v0xa0980f0_0 .net *"_ivl_103", 0 0, L_0xa4fc270;  1 drivers
v0xa0c6b20_0 .net *"_ivl_105", 0 0, L_0xa4fc7b0;  1 drivers
v0xa0c6bf0_0 .net *"_ivl_107", 0 0, L_0xa4fc6d0;  1 drivers
v0xa0adfe0_0 .net *"_ivl_108", 0 0, L_0xa4fbd40;  1 drivers
v0xa0becb0_0 .net *"_ivl_110", 0 0, L_0xa4fc9e0;  1 drivers
v0xa0bed90_0 .net *"_ivl_113", 0 0, L_0xa4fc3e0;  1 drivers
v0xa099db0_0 .net *"_ivl_115", 0 0, L_0xa4fc850;  1 drivers
v0xa099e90_0 .net *"_ivl_116", 0 0, L_0xa4fcdb0;  1 drivers
v0xa0aaa80_0 .net *"_ivl_119", 0 0, L_0xa4fce70;  1 drivers
v0xa0aab60_0 .net *"_ivl_12", 0 0, L_0xa4fa240;  1 drivers
v0xa085b80_0 .net *"_ivl_120", 0 0, L_0xa4fccb0;  1 drivers
v0xa085c40_0 .net *"_ivl_122", 0 0, L_0xa4fcaf0;  1 drivers
v0xa096850_0 .net *"_ivl_125", 0 0, L_0xa4fd2e0;  1 drivers
v0xa096930_0 .net *"_ivl_127", 0 0, L_0xa4fd380;  1 drivers
v0xa0720b0_0 .net *"_ivl_128", 0 0, L_0xa4fd020;  1 drivers
v0xa072190_0 .net *"_ivl_131", 0 0, L_0xa4fd180;  1 drivers
v0xa082dc0_0 .net *"_ivl_132", 0 0, L_0xa4fd610;  1 drivers
v0xa082ea0_0 .net *"_ivl_135", 0 0, L_0xa4fd720;  1 drivers
v0xa071c20_0 .net *"_ivl_136", 0 0, L_0xa4fd420;  1 drivers
v0xa071ce0_0 .net *"_ivl_17", 0 0, L_0xa4fa350;  1 drivers
v0xa1ed240_0 .net *"_ivl_19", 0 0, L_0xa4fa3f0;  1 drivers
v0xa1ed320_0 .net *"_ivl_21", 0 0, L_0xa4fa490;  1 drivers
v0xa190780_0 .net *"_ivl_22", 0 0, L_0xa4fa530;  1 drivers
v0xa190860_0 .net *"_ivl_24", 0 0, L_0xa4fa640;  1 drivers
v0xa1eb360_0 .net *"_ivl_29", 0 0, L_0xa4fa750;  1 drivers
v0xa1eb440_0 .net *"_ivl_31", 0 0, L_0xa4fa7f0;  1 drivers
v0xa1e0590_0 .net *"_ivl_33", 0 0, L_0xa4fa890;  1 drivers
v0xa1e0650_0 .net *"_ivl_34", 0 0, L_0xa4fa980;  1 drivers
v0xa1a42c0_0 .net *"_ivl_36", 0 0, L_0xa4faa40;  1 drivers
v0xa1a43a0_0 .net *"_ivl_42", 0 0, L_0xa4fad30;  1 drivers
v0xa1cc2b0_0 .net *"_ivl_44", 0 0, L_0xa4fadd0;  1 drivers
v0xa1cc390_0 .net *"_ivl_46", 0 0, L_0xa4fae70;  1 drivers
v0x9dee500_0 .net *"_ivl_47", 0 0, L_0xa4faf80;  1 drivers
v0x9dee5e0_0 .net *"_ivl_49", 0 0, L_0xa4faff0;  1 drivers
v0x9dee6c0_0 .net *"_ivl_54", 0 0, L_0xa4fb150;  1 drivers
v0xa1b8080_0 .net *"_ivl_56", 0 0, L_0xa4fb1f0;  1 drivers
v0xa1b8160_0 .net *"_ivl_57", 0 0, L_0xa4faf10;  1 drivers
v0xa1e6ba0_0 .net *"_ivl_59", 0 0, L_0xa4fb2e0;  1 drivers
v0xa1e6c80_0 .net *"_ivl_64", 0 0, L_0xa4fb410;  1 drivers
v0xa1ce060_0 .net *"_ivl_66", 0 0, L_0xa4fb540;  1 drivers
v0xa1ce120_0 .net *"_ivl_67", 0 0, L_0xa4fb700;  1 drivers
v0xa1ded30_0 .net *"_ivl_7", 0 0, L_0xa4f9f50;  1 drivers
v0xa1dee10_0 .net *"_ivl_70", 0 0, L_0xa4fb770;  1 drivers
v0xa1b9e30_0 .net *"_ivl_71", 0 0, L_0xa4fb810;  1 drivers
v0xa1b9f10_0 .net *"_ivl_76", 0 0, L_0xa4fb920;  1 drivers
v0xa1cab00_0 .net *"_ivl_78", 0 0, L_0xa4fba60;  1 drivers
v0xa1cabe0_0 .net *"_ivl_79", 0 0, L_0xa4fb3a0;  1 drivers
v0xa1a5c00_0 .net *"_ivl_82", 0 0, L_0xa4fbb50;  1 drivers
v0xa1a5cc0_0 .net *"_ivl_83", 0 0, L_0xa4fb9c0;  1 drivers
v0xa1b68d0_0 .net *"_ivl_89", 0 0, L_0xa4fbf60;  1 drivers
v0xa1b69b0_0 .net *"_ivl_9", 0 0, L_0xa4fa040;  1 drivers
v0xa192170_0 .net *"_ivl_91", 0 0, L_0xa4fbbf0;  1 drivers
v0xa192250_0 .net *"_ivl_92", 0 0, L_0xa4fc0c0;  1 drivers
v0xa1a2e40_0 .net *"_ivl_95", 0 0, L_0xa4fc1d0;  1 drivers
v0xa1a2f20_0 .net *"_ivl_96", 0 0, L_0xa4fc000;  1 drivers
v0xa188d20_0 .net "carry", 3 0, L_0xa4faba0;  1 drivers
v0xa188de0_0 .net "carry_in", 0 0, L_0xa50c700;  alias, 1 drivers
v0xa14ca50_0 .net "carry_out", 0 0, L_0xa4fc480;  1 drivers
v0xa14cb10_0 .net "gen", 3 0, L_0xa4f9dd0;  1 drivers
v0xa174a40_0 .net "gen_out", 0 0, L_0xa4fd540;  1 drivers
v0xa174b00_0 .net "prop", 3 0, L_0xa4f9e40;  1 drivers
v0xa160810_0 .net "prop_out", 0 0, L_0xa4fc630;  1 drivers
v0xa1608d0_0 .net "val1", 3 0, L_0xa4fda20;  1 drivers
v0xa18f330_0 .net "val2", 3 0, L_0xa4fdac0;  1 drivers
v0x9e05bc0_0 .net "val_out", 3 0, L_0xa4fbdd0;  1 drivers
L_0xa4f9f50 .part L_0xa4f9dd0, 0, 1;
L_0xa4fa040 .part L_0xa4f9e40, 0, 1;
L_0xa4fa350 .part L_0xa4f9dd0, 1, 1;
L_0xa4fa3f0 .part L_0xa4faba0, 0, 1;
L_0xa4fa490 .part L_0xa4f9e40, 1, 1;
L_0xa4fa750 .part L_0xa4f9dd0, 2, 1;
L_0xa4fa7f0 .part L_0xa4faba0, 1, 1;
L_0xa4fa890 .part L_0xa4f9e40, 2, 1;
L_0xa4faba0 .concat8 [ 1 1 1 1], L_0xa4fa240, L_0xa4fa640, L_0xa4faa40, L_0xa4faff0;
L_0xa4fad30 .part L_0xa4f9dd0, 3, 1;
L_0xa4fadd0 .part L_0xa4faba0, 2, 1;
L_0xa4fae70 .part L_0xa4f9e40, 3, 1;
L_0xa4fb150 .part L_0xa4fda20, 0, 1;
L_0xa4fb1f0 .part L_0xa4fdac0, 0, 1;
L_0xa4fb410 .part L_0xa4fda20, 1, 1;
L_0xa4fb540 .part L_0xa4fdac0, 1, 1;
L_0xa4fb770 .part L_0xa4faba0, 0, 1;
L_0xa4fb920 .part L_0xa4fda20, 2, 1;
L_0xa4fba60 .part L_0xa4fdac0, 2, 1;
L_0xa4fbb50 .part L_0xa4faba0, 1, 1;
L_0xa4fbdd0 .concat8 [ 1 1 1 1], L_0xa4fb2e0, L_0xa4fb810, L_0xa4fb9c0, L_0xa4fc000;
L_0xa4fbf60 .part L_0xa4fda20, 3, 1;
L_0xa4fbbf0 .part L_0xa4fdac0, 3, 1;
L_0xa4fc1d0 .part L_0xa4faba0, 2, 1;
L_0xa4fc480 .part L_0xa4faba0, 3, 1;
L_0xa4fc630 .reduce/and L_0xa4f9e40;
L_0xa4fc270 .part L_0xa4f9dd0, 3, 1;
L_0xa4fc7b0 .part L_0xa4f9e40, 3, 1;
L_0xa4fc6d0 .part L_0xa4f9dd0, 2, 1;
L_0xa4fc3e0 .part L_0xa4f9e40, 3, 1;
L_0xa4fc850 .part L_0xa4f9e40, 2, 1;
L_0xa4fce70 .part L_0xa4f9dd0, 1, 1;
L_0xa4fd2e0 .part L_0xa4f9e40, 3, 1;
L_0xa4fd380 .part L_0xa4f9e40, 2, 1;
L_0xa4fd180 .part L_0xa4f9e40, 1, 1;
L_0xa4fd720 .part L_0xa4f9dd0, 0, 1;
S_0xa1767f0 .scope module, "adder1" "add_pg_4" 8 32, 9 3 0, S_0xa0c0510;
 .timescale -9 -12;
    .port_info 0 /INPUT 4 "val1";
    .port_info 1 /INPUT 4 "val2";
    .port_info 2 /INPUT 1 "carry_in";
    .port_info 3 /OUTPUT 4 "val_out";
    .port_info 4 /OUTPUT 1 "carry_out";
    .port_info 5 /OUTPUT 1 "prop_out";
    .port_info 6 /OUTPUT 1 "gen_out";
L_0xa4fde20 .functor AND 4, L_0xa501b00, L_0xa501bf0, C4<1111>, C4<1111>;
L_0xa4fde90 .functor XOR 4, L_0xa501b00, L_0xa501bf0, C4<0000>, C4<0000>;
L_0xa4fe180 .functor AND 1, L_0xa501ce0, L_0xa4fe090, C4<1>, C4<1>;
L_0xa4fe240 .functor OR 1, L_0xa4fdfa0, L_0xa4fe180, C4<0>, C4<0>;
L_0xa4fe530 .functor AND 1, L_0xa4fe3f0, L_0xa4fe490, C4<1>, C4<1>;
L_0xa4fe640 .functor OR 1, L_0xa4fe350, L_0xa4fe530, C4<0>, C4<0>;
L_0xa4fe980 .functor AND 1, L_0xa4fe7f0, L_0xa4fe890, C4<1>, C4<1>;
L_0xa4fea40 .functor OR 1, L_0xa4fe750, L_0xa4fe980, C4<0>, C4<0>;
L_0xa4ff010 .functor AND 1, L_0xa4fedd0, L_0xa4fef00, C4<1>, C4<1>;
L_0xa4ff080 .functor OR 1, L_0xa4fed30, L_0xa4ff010, C4<0>, C4<0>;
L_0xa4fefa0 .functor XOR 1, L_0xa4ff1e0, L_0xa4ff280, C4<0>, C4<0>;
L_0xa4ff370 .functor XOR 1, L_0xa4fefa0, L_0xa501ce0, C4<0>, C4<0>;
L_0xa4ff7e0 .functor XOR 1, L_0xa4ff4f0, L_0xa4ff620, C4<0>, C4<0>;
L_0xa4ff8f0 .functor XOR 1, L_0xa4ff7e0, L_0xa4ff850, C4<0>, C4<0>;
L_0xa4ff480 .functor XOR 1, L_0xa4ffa00, L_0xa4ffb40, C4<0>, C4<0>;
L_0xa4ffaa0 .functor XOR 1, L_0xa4ff480, L_0xa4ffc30, C4<0>, C4<0>;
L_0xa5001a0 .functor XOR 1, L_0xa500040, L_0xa4ffcd0, C4<0>, C4<0>;
L_0xa5000e0 .functor XOR 1, L_0xa5001a0, L_0xa5002b0, C4<0>, C4<0>;
L_0xa4ffe20 .functor AND 1, L_0xa500890, L_0xa5007b0, C4<1>, C4<1>;
L_0xa500ac0 .functor OR 1, L_0xa500350, L_0xa4ffe20, C4<0>, C4<0>;
L_0xa500e90 .functor AND 1, L_0xa5004c0, L_0xa500930, C4<1>, C4<1>;
L_0xa500d90 .functor AND 1, L_0xa500e90, L_0xa500f50, C4<1>, C4<1>;
L_0xa500bd0 .functor OR 1, L_0xa500ac0, L_0xa500d90, C4<0>, C4<0>;
L_0xa501100 .functor AND 1, L_0xa5013c0, L_0xa501460, C4<1>, C4<1>;
L_0xa5016f0 .functor AND 1, L_0xa501100, L_0xa501260, C4<1>, C4<1>;
L_0xa501500 .functor AND 1, L_0xa5016f0, L_0xa501800, C4<1>, C4<1>;
L_0xa501620 .functor OR 1, L_0xa500bd0, L_0xa501500, C4<0>, C4<0>;
v0xa1874c0_0 .net *"_ivl_10", 0 0, L_0xa4fe180;  1 drivers
v0xa187560_0 .net *"_ivl_103", 0 0, L_0xa500350;  1 drivers
v0xa1625c0_0 .net *"_ivl_105", 0 0, L_0xa500890;  1 drivers
v0xa162680_0 .net *"_ivl_107", 0 0, L_0xa5007b0;  1 drivers
v0xa173290_0 .net *"_ivl_108", 0 0, L_0xa4ffe20;  1 drivers
v0xa14e390_0 .net *"_ivl_110", 0 0, L_0xa500ac0;  1 drivers
v0xa14e470_0 .net *"_ivl_113", 0 0, L_0xa5004c0;  1 drivers
v0xa15f060_0 .net *"_ivl_115", 0 0, L_0xa500930;  1 drivers
v0xa15f140_0 .net *"_ivl_116", 0 0, L_0xa500e90;  1 drivers
v0xa13a8c0_0 .net *"_ivl_119", 0 0, L_0xa500f50;  1 drivers
v0xa13a9a0_0 .net *"_ivl_12", 0 0, L_0xa4fe240;  1 drivers
v0xa14b5d0_0 .net *"_ivl_120", 0 0, L_0xa500d90;  1 drivers
v0xa14b6b0_0 .net *"_ivl_122", 0 0, L_0xa500bd0;  1 drivers
v0xa13a430_0 .net *"_ivl_125", 0 0, L_0xa5013c0;  1 drivers
v0xa13a4f0_0 .net *"_ivl_127", 0 0, L_0xa501460;  1 drivers
v0xa130270_0 .net *"_ivl_128", 0 0, L_0xa501100;  1 drivers
v0xa130350_0 .net *"_ivl_131", 0 0, L_0xa501260;  1 drivers
v0xa12ed20_0 .net *"_ivl_132", 0 0, L_0xa5016f0;  1 drivers
v0xa12ee00_0 .net *"_ivl_135", 0 0, L_0xa501800;  1 drivers
v0xa124500_0 .net *"_ivl_136", 0 0, L_0xa501500;  1 drivers
v0xa1245e0_0 .net *"_ivl_17", 0 0, L_0xa4fe350;  1 drivers
v0xa12d810_0 .net *"_ivl_19", 0 0, L_0xa4fe3f0;  1 drivers
v0xa12d8d0_0 .net *"_ivl_21", 0 0, L_0xa4fe490;  1 drivers
v0xa12c320_0 .net *"_ivl_22", 0 0, L_0xa4fe530;  1 drivers
v0xa12c400_0 .net *"_ivl_24", 0 0, L_0xa4fe640;  1 drivers
v0xa12ae30_0 .net *"_ivl_29", 0 0, L_0xa4fe750;  1 drivers
v0xa12af10_0 .net *"_ivl_31", 0 0, L_0xa4fe7f0;  1 drivers
v0xa129940_0 .net *"_ivl_33", 0 0, L_0xa4fe890;  1 drivers
v0xa129a20_0 .net *"_ivl_34", 0 0, L_0xa4fe980;  1 drivers
v0xa1283f0_0 .net *"_ivl_36", 0 0, L_0xa4fea40;  1 drivers
v0xa1284b0_0 .net *"_ivl_42", 0 0, L_0xa4fed30;  1 drivers
v0xa126ee0_0 .net *"_ivl_44", 0 0, L_0xa4fedd0;  1 drivers
v0xa126fc0_0 .net *"_ivl_46", 0 0, L_0xa4fef00;  1 drivers
v0xa1259f0_0 .net *"_ivl_47", 0 0, L_0xa4ff010;  1 drivers
v0xa125ad0_0 .net *"_ivl_49", 0 0, L_0xa4ff080;  1 drivers
v0xa138370_0 .net *"_ivl_54", 0 0, L_0xa4ff1e0;  1 drivers
v0xa138450_0 .net *"_ivl_56", 0 0, L_0xa4ff280;  1 drivers
v0xa1368a0_0 .net *"_ivl_57", 0 0, L_0xa4fefa0;  1 drivers
v0xa136960_0 .net *"_ivl_59", 0 0, L_0xa4ff370;  1 drivers
v0xa134dd0_0 .net *"_ivl_64", 0 0, L_0xa4ff4f0;  1 drivers
v0xa134eb0_0 .net *"_ivl_66", 0 0, L_0xa4ff620;  1 drivers
v0xa133300_0 .net *"_ivl_67", 0 0, L_0xa4ff7e0;  1 drivers
v0xa1333e0_0 .net *"_ivl_7", 0 0, L_0xa4fdfa0;  1 drivers
v0xa1318c0_0 .net *"_ivl_70", 0 0, L_0xa4ff850;  1 drivers
v0xa1319a0_0 .net *"_ivl_71", 0 0, L_0xa4ff8f0;  1 drivers
v0xa015da0_0 .net *"_ivl_76", 0 0, L_0xa4ffa00;  1 drivers
v0xa015e60_0 .net *"_ivl_78", 0 0, L_0xa4ffb40;  1 drivers
v0xa070980_0 .net *"_ivl_79", 0 0, L_0xa4ff480;  1 drivers
v0xa070a60_0 .net *"_ivl_82", 0 0, L_0xa4ffc30;  1 drivers
v0xa065bb0_0 .net *"_ivl_83", 0 0, L_0xa4ffaa0;  1 drivers
v0xa065c90_0 .net *"_ivl_89", 0 0, L_0xa500040;  1 drivers
v0xa0298e0_0 .net *"_ivl_9", 0 0, L_0xa4fe090;  1 drivers
v0xa0299c0_0 .net *"_ivl_91", 0 0, L_0xa4ffcd0;  1 drivers
v0xa0518d0_0 .net *"_ivl_92", 0 0, L_0xa5001a0;  1 drivers
v0xa051990_0 .net *"_ivl_95", 0 0, L_0xa5002b0;  1 drivers
v0xa03d6a0_0 .net *"_ivl_96", 0 0, L_0xa5000e0;  1 drivers
v0xa03d780_0 .net "carry", 3 0, L_0xa4feba0;  1 drivers
v0xa06c1c0_0 .net "carry_in", 0 0, L_0xa501ce0;  1 drivers
v0xa06c280_0 .net "carry_out", 0 0, L_0xa500560;  1 drivers
v0xa053680_0 .net "gen", 3 0, L_0xa4fde20;  1 drivers
v0xa053760_0 .net "gen_out", 0 0, L_0xa501620;  1 drivers
v0xa064350_0 .net "prop", 3 0, L_0xa4fde90;  1 drivers
v0xa064430_0 .net "prop_out", 0 0, L_0xa500710;  1 drivers
v0xa03f450_0 .net "val1", 3 0, L_0xa501b00;  1 drivers
v0xa03f530_0 .net "val2", 3 0, L_0xa501bf0;  1 drivers
v0x9e08a20_0 .net "val_out", 3 0, L_0xa4ffeb0;  1 drivers
L_0xa4fdfa0 .part L_0xa4fde20, 0, 1;
L_0xa4fe090 .part L_0xa4fde90, 0, 1;
L_0xa4fe350 .part L_0xa4fde20, 1, 1;
L_0xa4fe3f0 .part L_0xa4feba0, 0, 1;
L_0xa4fe490 .part L_0xa4fde90, 1, 1;
L_0xa4fe750 .part L_0xa4fde20, 2, 1;
L_0xa4fe7f0 .part L_0xa4feba0, 1, 1;
L_0xa4fe890 .part L_0xa4fde90, 2, 1;
L_0xa4feba0 .concat8 [ 1 1 1 1], L_0xa4fe240, L_0xa4fe640, L_0xa4fea40, L_0xa4ff080;
L_0xa4fed30 .part L_0xa4fde20, 3, 1;
L_0xa4fedd0 .part L_0xa4feba0, 2, 1;
L_0xa4fef00 .part L_0xa4fde90, 3, 1;
L_0xa4ff1e0 .part L_0xa501b00, 0, 1;
L_0xa4ff280 .part L_0xa501bf0, 0, 1;
L_0xa4ff4f0 .part L_0xa501b00, 1, 1;
L_0xa4ff620 .part L_0xa501bf0, 1, 1;
L_0xa4ff850 .part L_0xa4feba0, 0, 1;
L_0xa4ffa00 .part L_0xa501b00, 2, 1;
L_0xa4ffb40 .part L_0xa501bf0, 2, 1;
L_0xa4ffc30 .part L_0xa4feba0, 1, 1;
L_0xa4ffeb0 .concat8 [ 1 1 1 1], L_0xa4ff370, L_0xa4ff8f0, L_0xa4ffaa0, L_0xa5000e0;
L_0xa500040 .part L_0xa501b00, 3, 1;
L_0xa4ffcd0 .part L_0xa501bf0, 3, 1;
L_0xa5002b0 .part L_0xa4feba0, 2, 1;
L_0xa500560 .part L_0xa4feba0, 3, 1;
L_0xa500710 .reduce/and L_0xa4fde90;
L_0xa500350 .part L_0xa4fde20, 3, 1;
L_0xa500890 .part L_0xa4fde90, 3, 1;
L_0xa5007b0 .part L_0xa4fde20, 2, 1;
L_0xa5004c0 .part L_0xa4fde90, 3, 1;
L_0xa500930 .part L_0xa4fde90, 2, 1;
L_0xa500f50 .part L_0xa4fde20, 1, 1;
L_0xa5013c0 .part L_0xa4fde90, 3, 1;
L_0xa501460 .part L_0xa4fde90, 2, 1;
L_0xa501260 .part L_0xa4fde90, 1, 1;
L_0xa501800 .part L_0xa4fde20, 0, 1;
S_0xa050120 .scope module, "adder2" "add_pg_4" 8 46, 9 3 0, S_0xa0c0510;
 .timescale -9 -12;
    .port_info 0 /INPUT 4 "val1";
    .port_info 1 /INPUT 4 "val2";
    .port_info 2 /INPUT 1 "carry_in";
    .port_info 3 /OUTPUT 4 "val_out";
    .port_info 4 /OUTPUT 1 "carry_out";
    .port_info 5 /OUTPUT 1 "prop_out";
    .port_info 6 /OUTPUT 1 "gen_out";
L_0xa502270 .functor AND 4, L_0xa505f20, L_0xa505fc0, C4<1111>, C4<1111>;
L_0xa5022e0 .functor XOR 4, L_0xa505f20, L_0xa505fc0, C4<0000>, C4<0000>;
L_0xa5025d0 .functor AND 1, L_0xa5060d0, L_0xa5024e0, C4<1>, C4<1>;
L_0xa502690 .functor OR 1, L_0xa5023f0, L_0xa5025d0, C4<0>, C4<0>;
L_0xa502980 .functor AND 1, L_0xa502840, L_0xa5028e0, C4<1>, C4<1>;
L_0xa502a90 .functor OR 1, L_0xa5027a0, L_0xa502980, C4<0>, C4<0>;
L_0xa502dd0 .functor AND 1, L_0xa502c40, L_0xa502ce0, C4<1>, C4<1>;
L_0xa502e90 .functor OR 1, L_0xa502ba0, L_0xa502dd0, C4<0>, C4<0>;
L_0xa503430 .functor AND 1, L_0xa503280, L_0xa503320, C4<1>, C4<1>;
L_0xa5034a0 .functor OR 1, L_0xa503180, L_0xa503430, C4<0>, C4<0>;
L_0xa5033c0 .functor XOR 1, L_0xa503600, L_0xa5036a0, C4<0>, C4<0>;
L_0xa503790 .functor XOR 1, L_0xa5033c0, L_0xa5060d0, C4<0>, C4<0>;
L_0xa503c00 .functor XOR 1, L_0xa503910, L_0xa503a40, C4<0>, C4<0>;
L_0xa503d10 .functor XOR 1, L_0xa503c00, L_0xa503c70, C4<0>, C4<0>;
L_0xa5038a0 .functor XOR 1, L_0xa503e20, L_0xa503f60, C4<0>, C4<0>;
L_0xa503ec0 .functor XOR 1, L_0xa5038a0, L_0xa504050, C4<0>, C4<0>;
L_0xa5045c0 .functor XOR 1, L_0xa504460, L_0xa5040f0, C4<0>, C4<0>;
L_0xa504500 .functor XOR 1, L_0xa5045c0, L_0xa5046d0, C4<0>, C4<0>;
L_0xa504240 .functor AND 1, L_0xa504cb0, L_0xa504bd0, C4<1>, C4<1>;
L_0xa504ee0 .functor OR 1, L_0xa504770, L_0xa504240, C4<0>, C4<0>;
L_0xa5052b0 .functor AND 1, L_0xa5048e0, L_0xa504d50, C4<1>, C4<1>;
L_0xa5051b0 .functor AND 1, L_0xa5052b0, L_0xa505370, C4<1>, C4<1>;
L_0xa504ff0 .functor OR 1, L_0xa504ee0, L_0xa5051b0, C4<0>, C4<0>;
L_0xa505520 .functor AND 1, L_0xa5057e0, L_0xa505880, C4<1>, C4<1>;
L_0xa505b10 .functor AND 1, L_0xa505520, L_0xa505680, C4<1>, C4<1>;
L_0xa505920 .functor AND 1, L_0xa505b10, L_0xa505c20, C4<1>, C4<1>;
L_0xa505a40 .functor OR 1, L_0xa504ff0, L_0xa505920, C4<0>, C4<0>;
v0xa02b310_0 .net *"_ivl_10", 0 0, L_0xa5025d0;  1 drivers
v0xa03bef0_0 .net *"_ivl_103", 0 0, L_0xa504770;  1 drivers
v0xa03bfb0_0 .net *"_ivl_105", 0 0, L_0xa504cb0;  1 drivers
v0xa017790_0 .net *"_ivl_107", 0 0, L_0xa504bd0;  1 drivers
v0xa017870_0 .net *"_ivl_108", 0 0, L_0xa504240;  1 drivers
v0xa028460_0 .net *"_ivl_110", 0 0, L_0xa504ee0;  1 drivers
v0xa028540_0 .net *"_ivl_113", 0 0, L_0xa5048e0;  1 drivers
v0xa00e340_0 .net *"_ivl_115", 0 0, L_0xa504d50;  1 drivers
v0xa00e420_0 .net *"_ivl_116", 0 0, L_0xa5052b0;  1 drivers
v0x9fd2070_0 .net *"_ivl_119", 0 0, L_0xa505370;  1 drivers
v0x9fd2150_0 .net *"_ivl_12", 0 0, L_0xa502690;  1 drivers
v0x9ffa060_0 .net *"_ivl_120", 0 0, L_0xa5051b0;  1 drivers
v0x9ffa120_0 .net *"_ivl_122", 0 0, L_0xa504ff0;  1 drivers
v0x9fe5e30_0 .net *"_ivl_125", 0 0, L_0xa5057e0;  1 drivers
v0x9fe5f10_0 .net *"_ivl_127", 0 0, L_0xa505880;  1 drivers
v0xa014950_0 .net *"_ivl_128", 0 0, L_0xa505520;  1 drivers
v0xa014a30_0 .net *"_ivl_131", 0 0, L_0xa505680;  1 drivers
v0x9ffbe10_0 .net *"_ivl_132", 0 0, L_0xa505b10;  1 drivers
v0x9ffbef0_0 .net *"_ivl_135", 0 0, L_0xa505c20;  1 drivers
v0xa00cae0_0 .net *"_ivl_136", 0 0, L_0xa505920;  1 drivers
v0xa00cba0_0 .net *"_ivl_17", 0 0, L_0xa5027a0;  1 drivers
v0x9fe7be0_0 .net *"_ivl_19", 0 0, L_0xa502840;  1 drivers
v0x9fe7cc0_0 .net *"_ivl_21", 0 0, L_0xa5028e0;  1 drivers
v0x9ff88b0_0 .net *"_ivl_22", 0 0, L_0xa502980;  1 drivers
v0x9ff8990_0 .net *"_ivl_24", 0 0, L_0xa502a90;  1 drivers
v0x9fd39b0_0 .net *"_ivl_29", 0 0, L_0xa502ba0;  1 drivers
v0x9fd3a90_0 .net *"_ivl_31", 0 0, L_0xa502c40;  1 drivers
v0x9fe4680_0 .net *"_ivl_33", 0 0, L_0xa502ce0;  1 drivers
v0x9fe4740_0 .net *"_ivl_34", 0 0, L_0xa502dd0;  1 drivers
v0x9fbfe90_0 .net *"_ivl_36", 0 0, L_0xa502e90;  1 drivers
v0x9fbff70_0 .net *"_ivl_42", 0 0, L_0xa503180;  1 drivers
v0x9fd0bf0_0 .net *"_ivl_44", 0 0, L_0xa503280;  1 drivers
v0x9fd0cd0_0 .net *"_ivl_46", 0 0, L_0xa503320;  1 drivers
v0x9fbfa00_0 .net *"_ivl_47", 0 0, L_0xa503430;  1 drivers
v0x9fbfae0_0 .net *"_ivl_49", 0 0, L_0xa5034a0;  1 drivers
v0x9f985f0_0 .net *"_ivl_54", 0 0, L_0xa503600;  1 drivers
v0x9f986b0_0 .net *"_ivl_56", 0 0, L_0xa5036a0;  1 drivers
v0x9fb7ef0_0 .net *"_ivl_57", 0 0, L_0xa5033c0;  1 drivers
v0x9fb7fb0_0 .net *"_ivl_59", 0 0, L_0xa503790;  1 drivers
v0x9fb9a80_0 .net *"_ivl_64", 0 0, L_0xa503910;  1 drivers
v0x9fb9b60_0 .net *"_ivl_66", 0 0, L_0xa503a40;  1 drivers
v0x9fb9690_0 .net *"_ivl_67", 0 0, L_0xa503c00;  1 drivers
v0x9fb9770_0 .net *"_ivl_7", 0 0, L_0xa5023f0;  1 drivers
v0x9fb8eb0_0 .net *"_ivl_70", 0 0, L_0xa503c70;  1 drivers
v0x9fb8f90_0 .net *"_ivl_71", 0 0, L_0xa503d10;  1 drivers
v0x9f79960_0 .net *"_ivl_76", 0 0, L_0xa503e20;  1 drivers
v0x9f79a40_0 .net *"_ivl_78", 0 0, L_0xa503f60;  1 drivers
v0x9face20_0 .net *"_ivl_79", 0 0, L_0xa5038a0;  1 drivers
v0x9facf00_0 .net *"_ivl_82", 0 0, L_0xa504050;  1 drivers
v0x9f97310_0 .net *"_ivl_83", 0 0, L_0xa503ec0;  1 drivers
v0x9f973d0_0 .net *"_ivl_89", 0 0, L_0xa504460;  1 drivers
v0xa2a3c00_0 .net *"_ivl_9", 0 0, L_0xa5024e0;  1 drivers
v0xa2a3ce0_0 .net *"_ivl_91", 0 0, L_0xa5040f0;  1 drivers
v0xa11fb40_0 .net *"_ivl_92", 0 0, L_0xa5045c0;  1 drivers
v0xa11fc00_0 .net *"_ivl_95", 0 0, L_0xa5046d0;  1 drivers
v0xa1e8350_0 .net *"_ivl_96", 0 0, L_0xa504500;  1 drivers
v0xa1e8430_0 .net "carry", 3 0, L_0xa502ff0;  1 drivers
v0xa06d970_0 .net "carry_in", 0 0, L_0xa5060d0;  1 drivers
v0xa06da10_0 .net "carry_out", 0 0, L_0xa504980;  1 drivers
v0x9e1fa90_0 .net "gen", 3 0, L_0xa502270;  1 drivers
v0x9e1fb70_0 .net "gen_out", 0 0, L_0xa505a40;  1 drivers
v0x9e1fc30_0 .net "prop", 3 0, L_0xa5022e0;  1 drivers
v0x9e1fd10_0 .net "prop_out", 0 0, L_0xa504b30;  1 drivers
v0x9e1fdd0_0 .net "val1", 3 0, L_0xa505f20;  1 drivers
v0x9e1feb0_0 .net "val2", 3 0, L_0xa505fc0;  1 drivers
v0x9e138d0_0 .net "val_out", 3 0, L_0xa5042d0;  1 drivers
L_0xa5023f0 .part L_0xa502270, 0, 1;
L_0xa5024e0 .part L_0xa5022e0, 0, 1;
L_0xa5027a0 .part L_0xa502270, 1, 1;
L_0xa502840 .part L_0xa502ff0, 0, 1;
L_0xa5028e0 .part L_0xa5022e0, 1, 1;
L_0xa502ba0 .part L_0xa502270, 2, 1;
L_0xa502c40 .part L_0xa502ff0, 1, 1;
L_0xa502ce0 .part L_0xa5022e0, 2, 1;
L_0xa502ff0 .concat8 [ 1 1 1 1], L_0xa502690, L_0xa502a90, L_0xa502e90, L_0xa5034a0;
L_0xa503180 .part L_0xa502270, 3, 1;
L_0xa503280 .part L_0xa502ff0, 2, 1;
L_0xa503320 .part L_0xa5022e0, 3, 1;
L_0xa503600 .part L_0xa505f20, 0, 1;
L_0xa5036a0 .part L_0xa505fc0, 0, 1;
L_0xa503910 .part L_0xa505f20, 1, 1;
L_0xa503a40 .part L_0xa505fc0, 1, 1;
L_0xa503c70 .part L_0xa502ff0, 0, 1;
L_0xa503e20 .part L_0xa505f20, 2, 1;
L_0xa503f60 .part L_0xa505fc0, 2, 1;
L_0xa504050 .part L_0xa502ff0, 1, 1;
L_0xa5042d0 .concat8 [ 1 1 1 1], L_0xa503790, L_0xa503d10, L_0xa503ec0, L_0xa504500;
L_0xa504460 .part L_0xa505f20, 3, 1;
L_0xa5040f0 .part L_0xa505fc0, 3, 1;
L_0xa5046d0 .part L_0xa502ff0, 2, 1;
L_0xa504980 .part L_0xa502ff0, 3, 1;
L_0xa504b30 .reduce/and L_0xa5022e0;
L_0xa504770 .part L_0xa502270, 3, 1;
L_0xa504cb0 .part L_0xa5022e0, 3, 1;
L_0xa504bd0 .part L_0xa502270, 2, 1;
L_0xa5048e0 .part L_0xa5022e0, 3, 1;
L_0xa504d50 .part L_0xa5022e0, 2, 1;
L_0xa505370 .part L_0xa502270, 1, 1;
L_0xa5057e0 .part L_0xa5022e0, 3, 1;
L_0xa505880 .part L_0xa5022e0, 2, 1;
L_0xa505680 .part L_0xa5022e0, 1, 1;
L_0xa505c20 .part L_0xa502270, 0, 1;
S_0x9e23f30 .scope module, "adder3" "add_pg_4" 8 60, 9 3 0, S_0xa0c0510;
 .timescale -9 -12;
    .port_info 0 /INPUT 4 "val1";
    .port_info 1 /INPUT 4 "val2";
    .port_info 2 /INPUT 1 "carry_in";
    .port_info 3 /OUTPUT 4 "val_out";
    .port_info 4 /OUTPUT 1 "carry_out";
    .port_info 5 /OUTPUT 1 "prop_out";
    .port_info 6 /OUTPUT 1 "gen_out";
L_0xa506540 .functor AND 4, L_0xa50a290, L_0xa50a330, C4<1111>, C4<1111>;
L_0xa5065b0 .functor XOR 4, L_0xa50a290, L_0xa50a330, C4<0000>, C4<0000>;
L_0xa5068a0 .functor AND 1, L_0xa50a470, L_0xa5067b0, C4<1>, C4<1>;
L_0xa506960 .functor OR 1, L_0xa5066c0, L_0xa5068a0, C4<0>, C4<0>;
L_0xa506c50 .functor AND 1, L_0xa506b10, L_0xa506bb0, C4<1>, C4<1>;
L_0xa506d60 .functor OR 1, L_0xa506a70, L_0xa506c50, C4<0>, C4<0>;
L_0xa5070a0 .functor AND 1, L_0xa506f10, L_0xa506fb0, C4<1>, C4<1>;
L_0xa507160 .functor OR 1, L_0xa506e70, L_0xa5070a0, C4<0>, C4<0>;
L_0xa507730 .functor AND 1, L_0xa5074f0, L_0xa507620, C4<1>, C4<1>;
L_0xa5077a0 .functor OR 1, L_0xa507450, L_0xa507730, C4<0>, C4<0>;
L_0xa5076c0 .functor XOR 1, L_0xa507900, L_0xa5079a0, C4<0>, C4<0>;
L_0xa507a90 .functor XOR 1, L_0xa5076c0, L_0xa50a470, C4<0>, C4<0>;
L_0xa507f00 .functor XOR 1, L_0xa507c10, L_0xa507d40, C4<0>, C4<0>;
L_0xa508010 .functor XOR 1, L_0xa507f00, L_0xa507f70, C4<0>, C4<0>;
L_0xa507ba0 .functor XOR 1, L_0xa508120, L_0xa508260, C4<0>, C4<0>;
L_0xa5081c0 .functor XOR 1, L_0xa507ba0, L_0xa508350, C4<0>, C4<0>;
L_0xa5088c0 .functor XOR 1, L_0xa508760, L_0xa5083f0, C4<0>, C4<0>;
L_0xa508800 .functor XOR 1, L_0xa5088c0, L_0xa5089d0, C4<0>, C4<0>;
L_0xa509140 .functor AND 1, L_0xa508fb0, L_0xa508ed0, C4<1>, C4<1>;
L_0xa509250 .functor OR 1, L_0xa508a70, L_0xa509140, C4<0>, C4<0>;
L_0xa509620 .functor AND 1, L_0xa508be0, L_0xa509050, C4<1>, C4<1>;
L_0xa509520 .functor AND 1, L_0xa509620, L_0xa5096e0, C4<1>, C4<1>;
L_0xa509360 .functor OR 1, L_0xa509250, L_0xa509520, C4<0>, C4<0>;
L_0xa509890 .functor AND 1, L_0xa509b50, L_0xa509bf0, C4<1>, C4<1>;
L_0xa509e80 .functor AND 1, L_0xa509890, L_0xa5099f0, C4<1>, C4<1>;
L_0xa509c90 .functor AND 1, L_0xa509e80, L_0xa509f90, C4<1>, C4<1>;
L_0xa509db0 .functor OR 1, L_0xa509360, L_0xa509c90, C4<0>, C4<0>;
v0x9e241b0_0 .net *"_ivl_10", 0 0, L_0xa5068a0;  1 drivers
v0x9e242b0_0 .net *"_ivl_103", 0 0, L_0xa508a70;  1 drivers
v0x9d2d730_0 .net *"_ivl_105", 0 0, L_0xa508fb0;  1 drivers
v0x9d2d7f0_0 .net *"_ivl_107", 0 0, L_0xa508ed0;  1 drivers
v0x9d2d8d0_0 .net *"_ivl_108", 0 0, L_0xa509140;  1 drivers
v0x9d2da00_0 .net *"_ivl_110", 0 0, L_0xa509250;  1 drivers
v0x9d2dae0_0 .net *"_ivl_113", 0 0, L_0xa508be0;  1 drivers
v0xa34d070_0 .net *"_ivl_115", 0 0, L_0xa509050;  1 drivers
v0xa34d150_0 .net *"_ivl_116", 0 0, L_0xa509620;  1 drivers
v0xa34d230_0 .net *"_ivl_119", 0 0, L_0xa5096e0;  1 drivers
v0xa34d310_0 .net *"_ivl_12", 0 0, L_0xa506960;  1 drivers
v0xa34d3f0_0 .net *"_ivl_120", 0 0, L_0xa509520;  1 drivers
v0xa34d4d0_0 .net *"_ivl_122", 0 0, L_0xa509360;  1 drivers
v0xa34d5b0_0 .net *"_ivl_125", 0 0, L_0xa509b50;  1 drivers
v0xa34d690_0 .net *"_ivl_127", 0 0, L_0xa509bf0;  1 drivers
v0xa34d770_0 .net *"_ivl_128", 0 0, L_0xa509890;  1 drivers
v0xa34d850_0 .net *"_ivl_131", 0 0, L_0xa5099f0;  1 drivers
v0xa34d930_0 .net *"_ivl_132", 0 0, L_0xa509e80;  1 drivers
v0xa35eb00_0 .net *"_ivl_135", 0 0, L_0xa509f90;  1 drivers
v0xa35ebe0_0 .net *"_ivl_136", 0 0, L_0xa509c90;  1 drivers
v0xa35ecc0_0 .net *"_ivl_17", 0 0, L_0xa506a70;  1 drivers
v0xa35eda0_0 .net *"_ivl_19", 0 0, L_0xa506b10;  1 drivers
v0xa35ee80_0 .net *"_ivl_21", 0 0, L_0xa506bb0;  1 drivers
v0xa35ef60_0 .net *"_ivl_22", 0 0, L_0xa506c50;  1 drivers
v0xa35f040_0 .net *"_ivl_24", 0 0, L_0xa506d60;  1 drivers
v0xa35f120_0 .net *"_ivl_29", 0 0, L_0xa506e70;  1 drivers
v0xa35f200_0 .net *"_ivl_31", 0 0, L_0xa506f10;  1 drivers
v0xa35f2e0_0 .net *"_ivl_33", 0 0, L_0xa506fb0;  1 drivers
v0xa35f3c0_0 .net *"_ivl_34", 0 0, L_0xa5070a0;  1 drivers
v0xa35f4a0_0 .net *"_ivl_36", 0 0, L_0xa507160;  1 drivers
v0xa35f580_0 .net *"_ivl_42", 0 0, L_0xa507450;  1 drivers
v0xa35f660_0 .net *"_ivl_44", 0 0, L_0xa5074f0;  1 drivers
v0xa35f740_0 .net *"_ivl_46", 0 0, L_0xa507620;  1 drivers
v0xa35f820_0 .net *"_ivl_47", 0 0, L_0xa507730;  1 drivers
v0xa35f900_0 .net *"_ivl_49", 0 0, L_0xa5077a0;  1 drivers
v0xa35f9e0_0 .net *"_ivl_54", 0 0, L_0xa507900;  1 drivers
v0xa35fac0_0 .net *"_ivl_56", 0 0, L_0xa5079a0;  1 drivers
v0xa35fba0_0 .net *"_ivl_57", 0 0, L_0xa5076c0;  1 drivers
v0xa35fc80_0 .net *"_ivl_59", 0 0, L_0xa507a90;  1 drivers
v0xa35fd60_0 .net *"_ivl_64", 0 0, L_0xa507c10;  1 drivers
v0xa35fe40_0 .net *"_ivl_66", 0 0, L_0xa507d40;  1 drivers
v0xa35ff20_0 .net *"_ivl_67", 0 0, L_0xa507f00;  1 drivers
v0xa360000_0 .net *"_ivl_7", 0 0, L_0xa5066c0;  1 drivers
v0xa3600e0_0 .net *"_ivl_70", 0 0, L_0xa507f70;  1 drivers
v0xa3601c0_0 .net *"_ivl_71", 0 0, L_0xa508010;  1 drivers
v0xa3602a0_0 .net *"_ivl_76", 0 0, L_0xa508120;  1 drivers
v0xa360380_0 .net *"_ivl_78", 0 0, L_0xa508260;  1 drivers
v0xa360460_0 .net *"_ivl_79", 0 0, L_0xa507ba0;  1 drivers
v0xa360540_0 .net *"_ivl_82", 0 0, L_0xa508350;  1 drivers
v0xa360620_0 .net *"_ivl_83", 0 0, L_0xa5081c0;  1 drivers
v0xa360700_0 .net *"_ivl_89", 0 0, L_0xa508760;  1 drivers
v0xa3607e0_0 .net *"_ivl_9", 0 0, L_0xa5067b0;  1 drivers
v0xa3608c0_0 .net *"_ivl_91", 0 0, L_0xa5083f0;  1 drivers
v0xa3609a0_0 .net *"_ivl_92", 0 0, L_0xa5088c0;  1 drivers
v0xa360a80_0 .net *"_ivl_95", 0 0, L_0xa5089d0;  1 drivers
v0xa360b60_0 .net *"_ivl_96", 0 0, L_0xa508800;  1 drivers
v0xa360c40_0 .net "carry", 3 0, L_0xa5072c0;  1 drivers
v0xa360d20_0 .net "carry_in", 0 0, L_0xa50a470;  1 drivers
v0xa360de0_0 .net8 "carry_out", 0 0, RS_0x7f41ebec3fb8;  alias, 2 drivers
v0xa360ea0_0 .net "gen", 3 0, L_0xa506540;  1 drivers
v0xa360f80_0 .net "gen_out", 0 0, L_0xa509db0;  1 drivers
v0xa361040_0 .net "prop", 3 0, L_0xa5065b0;  1 drivers
v0xa361120_0 .net "prop_out", 0 0, L_0xa508e30;  1 drivers
v0xa3611e0_0 .net "val1", 3 0, L_0xa50a290;  1 drivers
v0xa3612c0_0 .net "val2", 3 0, L_0xa50a330;  1 drivers
v0xa361770_0 .net "val_out", 3 0, L_0xa5085d0;  1 drivers
L_0xa5066c0 .part L_0xa506540, 0, 1;
L_0xa5067b0 .part L_0xa5065b0, 0, 1;
L_0xa506a70 .part L_0xa506540, 1, 1;
L_0xa506b10 .part L_0xa5072c0, 0, 1;
L_0xa506bb0 .part L_0xa5065b0, 1, 1;
L_0xa506e70 .part L_0xa506540, 2, 1;
L_0xa506f10 .part L_0xa5072c0, 1, 1;
L_0xa506fb0 .part L_0xa5065b0, 2, 1;
L_0xa5072c0 .concat8 [ 1 1 1 1], L_0xa506960, L_0xa506d60, L_0xa507160, L_0xa5077a0;
L_0xa507450 .part L_0xa506540, 3, 1;
L_0xa5074f0 .part L_0xa5072c0, 2, 1;
L_0xa507620 .part L_0xa5065b0, 3, 1;
L_0xa507900 .part L_0xa50a290, 0, 1;
L_0xa5079a0 .part L_0xa50a330, 0, 1;
L_0xa507c10 .part L_0xa50a290, 1, 1;
L_0xa507d40 .part L_0xa50a330, 1, 1;
L_0xa507f70 .part L_0xa5072c0, 0, 1;
L_0xa508120 .part L_0xa50a290, 2, 1;
L_0xa508260 .part L_0xa50a330, 2, 1;
L_0xa508350 .part L_0xa5072c0, 1, 1;
L_0xa5085d0 .concat8 [ 1 1 1 1], L_0xa507a90, L_0xa508010, L_0xa5081c0, L_0xa508800;
L_0xa508760 .part L_0xa50a290, 3, 1;
L_0xa5083f0 .part L_0xa50a330, 3, 1;
L_0xa5089d0 .part L_0xa5072c0, 2, 1;
L_0xa508c80 .part L_0xa5072c0, 3, 1;
L_0xa508e30 .reduce/and L_0xa5065b0;
L_0xa508a70 .part L_0xa506540, 3, 1;
L_0xa508fb0 .part L_0xa5065b0, 3, 1;
L_0xa508ed0 .part L_0xa506540, 2, 1;
L_0xa508be0 .part L_0xa5065b0, 3, 1;
L_0xa509050 .part L_0xa5065b0, 2, 1;
L_0xa5096e0 .part L_0xa506540, 1, 1;
L_0xa509b50 .part L_0xa5065b0, 3, 1;
L_0xa509bf0 .part L_0xa5065b0, 2, 1;
L_0xa5099f0 .part L_0xa5065b0, 1, 1;
L_0xa509f90 .part L_0xa506540, 0, 1;
S_0xa374bf0 .scope module, "suber" "add_pg_32" 6 68, 7 3 0, S_0x9f490b0;
 .timescale -9 -12;
    .port_info 0 /INPUT 32 "val1";
    .port_info 1 /INPUT 32 "val2";
    .port_info 2 /INPUT 1 "carry_in";
    .port_info 3 /OUTPUT 32 "val_out";
    .port_info 4 /OUTPUT 1 "carry_out";
    .port_info 5 /OUTPUT 1 "prop_out";
    .port_info 6 /OUTPUT 1 "gen_out";
L_0x7f41eb9c4d50 .functor BUFT 1, C4<1>, C4<0>, C4<0>, C4<0>;
L_0xa4ce9c0 .functor AND 1, L_0x7f41eb9c4d50, L_0xa4ce920, C4<1>, C4<1>;
L_0xa4cea80 .functor OR 1, L_0xa4ce880, L_0xa4ce9c0, C4<0>, C4<0>;
L_0xa4e1b40 .functor AND 1, L_0xa4e1bb0, L_0xa4e1c50, C4<1>, C4<1>;
L_0xa4e1d90 .functor OR 1, L_0xa4e1aa0, L_0xa4e1b40, C4<0>, C4<0>;
L_0xa4e2030 .functor AND 1, L_0xa4e21f0, L_0xa4e2330, C4<1>, C4<1>;
L_0xa4e23d0 .functor OR 1, L_0xa4e20c0, L_0xa4e2030, C4<0>, C4<0>;
v0xa3910d0_0 .net *"_ivl_13", 0 0, L_0xa4ce880;  1 drivers
v0xa391170_0 .net *"_ivl_15", 0 0, L_0xa4ce920;  1 drivers
v0xa391210_0 .net *"_ivl_16", 0 0, L_0xa4ce9c0;  1 drivers
v0xa3912b0_0 .net *"_ivl_18", 0 0, L_0xa4cea80;  1 drivers
v0xa391350_0 .net *"_ivl_39", 0 0, L_0xa4e1aa0;  1 drivers
v0xa3913f0_0 .net *"_ivl_41", 0 0, L_0xa4e1bb0;  1 drivers
v0xa391490_0 .net *"_ivl_43", 0 0, L_0xa4e1c50;  1 drivers
v0xa391530_0 .net *"_ivl_44", 0 0, L_0xa4e1b40;  1 drivers
v0xa3915d0_0 .net *"_ivl_46", 0 0, L_0xa4e1d90;  1 drivers
v0xa391670_0 .net *"_ivl_53", 0 0, L_0xa4e20c0;  1 drivers
v0xa391710_0 .net *"_ivl_55", 0 0, L_0xa4e21f0;  1 drivers
v0xa3917b0_0 .net *"_ivl_57", 0 0, L_0xa4e2330;  1 drivers
v0xa391850_0 .net *"_ivl_58", 0 0, L_0xa4e2030;  1 drivers
v0xa3918f0_0 .net "carry", 1 0, L_0xa4e19b0;  1 drivers
v0xa391990_0 .net "carry_in", 0 0, L_0x7f41eb9c4d50;  1 drivers
v0xa391a30_0 .net "carry_out", 0 0, L_0xa4e1ef0;  1 drivers
v0xa391ad0_0 .net "gen", 1 0, L_0xa4e1820;  1 drivers
v0xa391b70_0 .net "gen_out", 0 0, L_0xa4e23d0;  1 drivers
v0xa391c10_0 .net "prop", 1 0, L_0xa4e1690;  1 drivers
v0xa391cb0_0 .net "prop_out", 0 0, L_0xa4e1f90;  1 drivers
v0xa391d50_0 .net "val1", 31 0, L_0xa495600;  alias, 1 drivers
v0xa391df0_0 .net "val2", 31 0, L_0xa4bbce0;  alias, 1 drivers
v0xa391e90_0 .net "val_out", 31 0, L_0xa4e1500;  alias, 1 drivers
L_0xa4ce740 .part L_0xa495600, 0, 16;
L_0xa4ce7e0 .part L_0xa4bbce0, 0, 16;
L_0xa4ce880 .part L_0xa4e1820, 0, 1;
L_0xa4ce920 .part L_0xa4e1690, 0, 1;
L_0xa4e1320 .part L_0xa495600, 16, 16;
L_0xa4e13c0 .part L_0xa4bbce0, 16, 16;
L_0xa4e1460 .part L_0xa4e19b0, 0, 1;
L_0xa4e1500 .concat8 [ 16 16 0 0], L_0xa4cc690, L_0xa4df270;
L_0xa4e1690 .concat8 [ 1 1 0 0], L_0xa4cd390, L_0xa4dff70;
L_0xa4e1820 .concat8 [ 1 1 0 0], L_0xa4ce630, L_0xa4e1210;
L_0xa4e19b0 .concat8 [ 1 1 0 0], L_0xa4cea80, L_0xa4e1d90;
L_0xa4e1aa0 .part L_0xa4e1820, 1, 1;
L_0xa4e1bb0 .part L_0xa4e19b0, 0, 1;
L_0xa4e1c50 .part L_0xa4e1690, 1, 1;
L_0xa4e1ef0 .part L_0xa4e19b0, 1, 1;
L_0xa4e1f90 .reduce/and L_0xa4e1690;
L_0xa4e20c0 .part L_0xa4e1820, 1, 1;
L_0xa4e21f0 .part L_0xa4e1690, 1, 1;
L_0xa4e2330 .part L_0xa4e1820, 0, 1;
S_0xa374e70 .scope module, "adder0" "add_pg_16" 7 18, 8 3 0, S_0xa374bf0;
 .timescale -9 -12;
    .port_info 0 /INPUT 16 "val1";
    .port_info 1 /INPUT 16 "val2";
    .port_info 2 /INPUT 1 "carry_in";
    .port_info 3 /OUTPUT 16 "val_out";
    .port_info 4 /OUTPUT 1 "carry_out";
    .port_info 5 /OUTPUT 1 "prop_out";
    .port_info 6 /OUTPUT 1 "gen_out";
L_0xa4bfe60 .functor AND 1, L_0x7f41eb9c4d50, L_0xa4bfdc0, C4<1>, C4<1>;
L_0xa4bff20 .functor OR 1, L_0xa4bfd20, L_0xa4bfe60, C4<0>, C4<0>;
L_0xa4c4220 .functor AND 1, L_0xa4c4040, L_0xa4c4130, C4<1>, C4<1>;
L_0xa4c42e0 .functor OR 1, L_0xa4c3f00, L_0xa4c4220, C4<0>, C4<0>;
L_0xa4c81e0 .functor AND 1, L_0xa4c8390, L_0xa4c8430, C4<1>, C4<1>;
L_0xa4c85b0 .functor OR 1, L_0xa4c82f0, L_0xa4c81e0, C4<0>, C4<0>;
L_0xa4ccd90 .functor AND 1, L_0xa4ccb40, L_0xa4cce60, C4<1>, C4<1>;
L_0xa4cd030 .functor OR 1, L_0xa4cccf0, L_0xa4ccd90, C4<0>, C4<0>;
L_0xa4cd6c0 .functor AND 1, L_0xa4cd520, L_0xa4cd430, C4<1>, C4<1>;
L_0xa4cd780 .functor OR 1, L_0xa4ccf00, L_0xa4cd6c0, C4<0>, C4<0>;
L_0xa4cdb50 .functor AND 1, L_0xa4cd890, L_0xa4cd5c0, C4<1>, C4<1>;
L_0xa4cda40 .functor AND 1, L_0xa4cdb50, L_0xa4cdbc0, C4<1>, C4<1>;
L_0xa4cdf00 .functor OR 1, L_0xa4cd780, L_0xa4cda40, C4<0>, C4<0>;
L_0xa4cdd70 .functor AND 1, L_0xa4ce010, L_0xa4ce0b0, C4<1>, C4<1>;
L_0xa4cde90 .functor AND 1, L_0xa4cdd70, L_0xa4ce280, C4<1>, C4<1>;
L_0xa4ce150 .functor AND 1, L_0xa4cde90, L_0xa4ce3c0, C4<1>, C4<1>;
L_0xa4ce630 .functor OR 1, L_0xa4cdf00, L_0xa4ce150, C4<0>, C4<0>;
v0xa381240_0 .net *"_ivl_101", 0 0, L_0xa4ccf00;  1 drivers
v0xa3812e0_0 .net *"_ivl_103", 0 0, L_0xa4cd520;  1 drivers
v0xa381380_0 .net *"_ivl_105", 0 0, L_0xa4cd430;  1 drivers
v0xa381420_0 .net *"_ivl_106", 0 0, L_0xa4cd6c0;  1 drivers
v0xa3814c0_0 .net *"_ivl_108", 0 0, L_0xa4cd780;  1 drivers
v0xa381560_0 .net *"_ivl_111", 0 0, L_0xa4cd890;  1 drivers
v0xa381600_0 .net *"_ivl_113", 0 0, L_0xa4cd5c0;  1 drivers
v0xa3816a0_0 .net *"_ivl_114", 0 0, L_0xa4cdb50;  1 drivers
v0xa381740_0 .net *"_ivl_117", 0 0, L_0xa4cdbc0;  1 drivers
v0xa3817e0_0 .net *"_ivl_118", 0 0, L_0xa4cda40;  1 drivers
v0xa381880_0 .net *"_ivl_120", 0 0, L_0xa4cdf00;  1 drivers
v0xa381920_0 .net *"_ivl_123", 0 0, L_0xa4ce010;  1 drivers
v0xa3819c0_0 .net *"_ivl_125", 0 0, L_0xa4ce0b0;  1 drivers
v0xa381a60_0 .net *"_ivl_126", 0 0, L_0xa4cdd70;  1 drivers
v0xa381b00_0 .net *"_ivl_129", 0 0, L_0xa4ce280;  1 drivers
v0xa381ba0_0 .net *"_ivl_13", 0 0, L_0xa4bfd20;  1 drivers
v0xa381c40_0 .net *"_ivl_130", 0 0, L_0xa4cde90;  1 drivers
v0xa381ce0_0 .net *"_ivl_133", 0 0, L_0xa4ce3c0;  1 drivers
v0xa381d80_0 .net *"_ivl_134", 0 0, L_0xa4ce150;  1 drivers
v0xa381e20_0 .net *"_ivl_15", 0 0, L_0xa4bfdc0;  1 drivers
v0xa381ec0_0 .net *"_ivl_16", 0 0, L_0xa4bfe60;  1 drivers
v0xa381f60_0 .net *"_ivl_18", 0 0, L_0xa4bff20;  1 drivers
v0xa382000_0 .net *"_ivl_35", 0 0, L_0xa4c3f00;  1 drivers
v0xa3820a0_0 .net *"_ivl_37", 0 0, L_0xa4c4040;  1 drivers
v0xa382140_0 .net *"_ivl_39", 0 0, L_0xa4c4130;  1 drivers
v0xa3821e0_0 .net *"_ivl_40", 0 0, L_0xa4c4220;  1 drivers
v0xa382280_0 .net *"_ivl_42", 0 0, L_0xa4c42e0;  1 drivers
v0xa382320_0 .net *"_ivl_59", 0 0, L_0xa4c82f0;  1 drivers
v0xa3823c0_0 .net *"_ivl_61", 0 0, L_0xa4c8390;  1 drivers
v0xa382460_0 .net *"_ivl_63", 0 0, L_0xa4c8430;  1 drivers
v0xa382500_0 .net *"_ivl_64", 0 0, L_0xa4c81e0;  1 drivers
v0xa3825a0_0 .net *"_ivl_66", 0 0, L_0xa4c85b0;  1 drivers
v0xa382640_0 .net *"_ivl_87", 0 0, L_0xa4cccf0;  1 drivers
v0xa3826e0_0 .net *"_ivl_89", 0 0, L_0xa4ccb40;  1 drivers
v0xa382780_0 .net *"_ivl_91", 0 0, L_0xa4cce60;  1 drivers
v0xa382820_0 .net *"_ivl_92", 0 0, L_0xa4ccd90;  1 drivers
v0xa3828c0_0 .net *"_ivl_94", 0 0, L_0xa4cd030;  1 drivers
v0xa382960_0 .net "carry", 3 0, L_0xa4cc780;  1 drivers
v0xa382a00_0 .net "carry_in", 0 0, L_0x7f41eb9c4d50;  alias, 1 drivers
RS_0x7f41ebec87e8 .resolv tri, L_0xa4cae00, L_0xa4cd1e0;
v0xa382aa0_0 .net8 "carry_out", 0 0, RS_0x7f41ebec87e8;  2 drivers
v0xa382b40_0 .net "gen", 3 0, L_0xa4cc920;  1 drivers
v0xa382be0_0 .net "gen_out", 0 0, L_0xa4ce630;  1 drivers
v0xa382c80_0 .net "prop", 3 0, L_0xa4cc550;  1 drivers
v0xa382d20_0 .net "prop_out", 0 0, L_0xa4cd390;  1 drivers
v0xa382dc0_0 .net "val1", 15 0, L_0xa4ce740;  1 drivers
v0xa382e60_0 .net "val2", 15 0, L_0xa4ce7e0;  1 drivers
v0xa382f00_0 .net "val_out", 15 0, L_0xa4cc690;  1 drivers
L_0xa4bfbe0 .part L_0xa4ce740, 0, 4;
L_0xa4bfc80 .part L_0xa4ce7e0, 0, 4;
L_0xa4bfd20 .part L_0xa4cc920, 0, 1;
L_0xa4bfdc0 .part L_0xa4cc550, 0, 1;
L_0xa4c3c80 .part L_0xa4ce740, 4, 4;
L_0xa4c3d70 .part L_0xa4ce7e0, 4, 4;
L_0xa4c3e60 .part L_0xa4cc780, 0, 1;
L_0xa4c3f00 .part L_0xa4cc920, 1, 1;
L_0xa4c4040 .part L_0xa4cc780, 0, 1;
L_0xa4c4130 .part L_0xa4cc550, 1, 1;
L_0xa4c80a0 .part L_0xa4ce740, 8, 4;
L_0xa4c8140 .part L_0xa4ce7e0, 8, 4;
L_0xa4c8250 .part L_0xa4cc780, 1, 1;
L_0xa4c82f0 .part L_0xa4cc920, 2, 1;
L_0xa4c8390 .part L_0xa4cc780, 1, 1;
L_0xa4c8430 .part L_0xa4cc550, 2, 1;
L_0xa4cc410 .part L_0xa4ce740, 12, 4;
L_0xa4cc4b0 .part L_0xa4ce7e0, 12, 4;
L_0xa4cc5f0 .part L_0xa4cc780, 2, 1;
L_0xa4cc690 .concat8 [ 4 4 4 4], L_0xa4bdf90, L_0xa4c2030, L_0xa4c6450, L_0xa4ca750;
L_0xa4cc550 .concat8 [ 1 1 1 1], L_0xa4be7f0, L_0xa4c2890, L_0xa4c6cb0, L_0xa4cafb0;
L_0xa4cc920 .concat8 [ 1 1 1 1], L_0xa4bf700, L_0xa4c37a0, L_0xa4c7bc0, L_0xa4cbf30;
L_0xa4cc780 .concat8 [ 1 1 1 1], L_0xa4bff20, L_0xa4c42e0, L_0xa4c85b0, L_0xa4cd030;
L_0xa4cccf0 .part L_0xa4cc920, 3, 1;
L_0xa4ccb40 .part L_0xa4cc780, 2, 1;
L_0xa4cce60 .part L_0xa4cc550, 3, 1;
L_0xa4cd1e0 .part L_0xa4cc780, 3, 1;
L_0xa4cd390 .reduce/and L_0xa4cc550;
L_0xa4ccf00 .part L_0xa4cc920, 3, 1;
L_0xa4cd520 .part L_0xa4cc550, 3, 1;
L_0xa4cd430 .part L_0xa4cc920, 2, 1;
L_0xa4cd890 .part L_0xa4cc550, 3, 1;
L_0xa4cd5c0 .part L_0xa4cc550, 2, 1;
L_0xa4cdbc0 .part L_0xa4cc920, 1, 1;
L_0xa4ce010 .part L_0xa4cc550, 3, 1;
L_0xa4ce0b0 .part L_0xa4cc550, 2, 1;
L_0xa4ce280 .part L_0xa4cc550, 1, 1;
L_0xa4ce3c0 .part L_0xa4cc920, 0, 1;
S_0xa3750f0 .scope module, "adder0" "add_pg_4" 8 18, 9 3 0, S_0xa374e70;
 .timescale -9 -12;
    .port_info 0 /INPUT 4 "val1";
    .port_info 1 /INPUT 4 "val2";
    .port_info 2 /INPUT 1 "carry_in";
    .port_info 3 /OUTPUT 4 "val_out";
    .port_info 4 /OUTPUT 1 "carry_out";
    .port_info 5 /OUTPUT 1 "prop_out";
    .port_info 6 /OUTPUT 1 "gen_out";
L_0xa4bbdf0 .functor AND 4, L_0xa4bfbe0, L_0xa4bfc80, C4<1111>, C4<1111>;
L_0xa4bbe60 .functor XOR 4, L_0xa4bfbe0, L_0xa4bfc80, C4<0000>, C4<0000>;
L_0xa4bc150 .functor AND 1, L_0x7f41eb9c4d50, L_0xa4bc060, C4<1>, C4<1>;
L_0xa4bc210 .functor OR 1, L_0xa4bbf70, L_0xa4bc150, C4<0>, C4<0>;
L_0xa4bc500 .functor AND 1, L_0xa4bc3c0, L_0xa4bc460, C4<1>, C4<1>;
L_0xa4bc610 .functor OR 1, L_0xa4bc320, L_0xa4bc500, C4<0>, C4<0>;
L_0xa4bca70 .functor AND 1, L_0xa4bc850, L_0xa4bc8f0, C4<1>, C4<1>;
L_0xa4bcb30 .functor OR 1, L_0xa4bc720, L_0xa4bca70, C4<0>, C4<0>;
L_0xa4bd100 .functor AND 1, L_0xa4bcec0, L_0xa4bcff0, C4<1>, C4<1>;
L_0xa4bd170 .functor OR 1, L_0xa4bce20, L_0xa4bd100, C4<0>, C4<0>;
L_0xa4bd090 .functor XOR 1, L_0xa4bd2d0, L_0xa4bd370, C4<0>, C4<0>;
L_0xa4bd460 .functor XOR 1, L_0xa4bd090, L_0x7f41eb9c4d50, C4<0>, C4<0>;
L_0xa4bd910 .functor XOR 1, L_0xa4bd620, L_0xa4bd750, C4<0>, C4<0>;
L_0xa4bda20 .functor XOR 1, L_0xa4bd910, L_0xa4bd980, C4<0>, C4<0>;
L_0xa4bd5b0 .functor XOR 1, L_0xa4bdae0, L_0xa4bdc20, C4<0>, C4<0>;
L_0xa4bdb80 .functor XOR 1, L_0xa4bd5b0, L_0xa4bdd10, C4<0>, C4<0>;
L_0xa4be280 .functor XOR 1, L_0xa4be120, L_0xa4bddb0, C4<0>, C4<0>;
L_0xa4be1c0 .functor XOR 1, L_0xa4be280, L_0xa4be390, C4<0>, C4<0>;
L_0xa4bdf00 .functor AND 1, L_0xa4be970, L_0xa4be890, C4<1>, C4<1>;
L_0xa4beba0 .functor OR 1, L_0xa4be430, L_0xa4bdf00, C4<0>, C4<0>;
L_0xa4bef70 .functor AND 1, L_0xa4be5a0, L_0xa4bea10, C4<1>, C4<1>;
L_0xa4bee70 .functor AND 1, L_0xa4bef70, L_0xa4bf030, C4<1>, C4<1>;
L_0xa4becb0 .functor OR 1, L_0xa4beba0, L_0xa4bee70, C4<0>, C4<0>;
L_0xa4bf1e0 .functor AND 1, L_0xa4bf4a0, L_0xa4bf540, C4<1>, C4<1>;
L_0xa4bf7d0 .functor AND 1, L_0xa4bf1e0, L_0xa4bf340, C4<1>, C4<1>;
L_0xa4bf5e0 .functor AND 1, L_0xa4bf7d0, L_0xa4bf8e0, C4<1>, C4<1>;
L_0xa4bf700 .functor OR 1, L_0xa4becb0, L_0xa4bf5e0, C4<0>, C4<0>;
v0xa375370_0 .net *"_ivl_10", 0 0, L_0xa4bc150;  1 drivers
v0xa375410_0 .net *"_ivl_103", 0 0, L_0xa4be430;  1 drivers
v0xa3754b0_0 .net *"_ivl_105", 0 0, L_0xa4be970;  1 drivers
v0xa375550_0 .net *"_ivl_107", 0 0, L_0xa4be890;  1 drivers
v0xa3755f0_0 .net *"_ivl_108", 0 0, L_0xa4bdf00;  1 drivers
v0xa375690_0 .net *"_ivl_110", 0 0, L_0xa4beba0;  1 drivers
v0xa375730_0 .net *"_ivl_113", 0 0, L_0xa4be5a0;  1 drivers
v0xa3757d0_0 .net *"_ivl_115", 0 0, L_0xa4bea10;  1 drivers
v0xa375870_0 .net *"_ivl_116", 0 0, L_0xa4bef70;  1 drivers
v0xa375910_0 .net *"_ivl_119", 0 0, L_0xa4bf030;  1 drivers
v0xa3759b0_0 .net *"_ivl_12", 0 0, L_0xa4bc210;  1 drivers
v0xa375a50_0 .net *"_ivl_120", 0 0, L_0xa4bee70;  1 drivers
v0xa375af0_0 .net *"_ivl_122", 0 0, L_0xa4becb0;  1 drivers
v0xa375b90_0 .net *"_ivl_125", 0 0, L_0xa4bf4a0;  1 drivers
v0xa375c30_0 .net *"_ivl_127", 0 0, L_0xa4bf540;  1 drivers
v0xa375cd0_0 .net *"_ivl_128", 0 0, L_0xa4bf1e0;  1 drivers
v0xa375d70_0 .net *"_ivl_131", 0 0, L_0xa4bf340;  1 drivers
v0xa375e10_0 .net *"_ivl_132", 0 0, L_0xa4bf7d0;  1 drivers
v0xa375eb0_0 .net *"_ivl_135", 0 0, L_0xa4bf8e0;  1 drivers
v0xa375f50_0 .net *"_ivl_136", 0 0, L_0xa4bf5e0;  1 drivers
v0xa375ff0_0 .net *"_ivl_17", 0 0, L_0xa4bc320;  1 drivers
v0xa376090_0 .net *"_ivl_19", 0 0, L_0xa4bc3c0;  1 drivers
v0xa376130_0 .net *"_ivl_21", 0 0, L_0xa4bc460;  1 drivers
v0xa3761d0_0 .net *"_ivl_22", 0 0, L_0xa4bc500;  1 drivers
v0xa376270_0 .net *"_ivl_24", 0 0, L_0xa4bc610;  1 drivers
v0xa376310_0 .net *"_ivl_29", 0 0, L_0xa4bc720;  1 drivers
v0xa3763b0_0 .net *"_ivl_31", 0 0, L_0xa4bc850;  1 drivers
v0xa376450_0 .net *"_ivl_33", 0 0, L_0xa4bc8f0;  1 drivers
v0xa3764f0_0 .net *"_ivl_34", 0 0, L_0xa4bca70;  1 drivers
v0xa376590_0 .net *"_ivl_36", 0 0, L_0xa4bcb30;  1 drivers
v0xa376630_0 .net *"_ivl_42", 0 0, L_0xa4bce20;  1 drivers
v0xa3766d0_0 .net *"_ivl_44", 0 0, L_0xa4bcec0;  1 drivers
v0xa376770_0 .net *"_ivl_46", 0 0, L_0xa4bcff0;  1 drivers
v0xa376a20_0 .net *"_ivl_47", 0 0, L_0xa4bd100;  1 drivers
v0xa376ac0_0 .net *"_ivl_49", 0 0, L_0xa4bd170;  1 drivers
v0xa376b60_0 .net *"_ivl_54", 0 0, L_0xa4bd2d0;  1 drivers
v0xa376c00_0 .net *"_ivl_56", 0 0, L_0xa4bd370;  1 drivers
v0xa376ca0_0 .net *"_ivl_57", 0 0, L_0xa4bd090;  1 drivers
v0xa376d40_0 .net *"_ivl_59", 0 0, L_0xa4bd460;  1 drivers
v0xa376de0_0 .net *"_ivl_64", 0 0, L_0xa4bd620;  1 drivers
v0xa376e80_0 .net *"_ivl_66", 0 0, L_0xa4bd750;  1 drivers
v0xa376f20_0 .net *"_ivl_67", 0 0, L_0xa4bd910;  1 drivers
v0xa376fc0_0 .net *"_ivl_7", 0 0, L_0xa4bbf70;  1 drivers
v0xa377060_0 .net *"_ivl_70", 0 0, L_0xa4bd980;  1 drivers
v0xa377100_0 .net *"_ivl_71", 0 0, L_0xa4bda20;  1 drivers
v0xa3771a0_0 .net *"_ivl_76", 0 0, L_0xa4bdae0;  1 drivers
v0xa377240_0 .net *"_ivl_78", 0 0, L_0xa4bdc20;  1 drivers
v0xa3772e0_0 .net *"_ivl_79", 0 0, L_0xa4bd5b0;  1 drivers
v0xa377380_0 .net *"_ivl_82", 0 0, L_0xa4bdd10;  1 drivers
v0xa377420_0 .net *"_ivl_83", 0 0, L_0xa4bdb80;  1 drivers
v0xa3774c0_0 .net *"_ivl_89", 0 0, L_0xa4be120;  1 drivers
v0xa377560_0 .net *"_ivl_9", 0 0, L_0xa4bc060;  1 drivers
v0xa377600_0 .net *"_ivl_91", 0 0, L_0xa4bddb0;  1 drivers
v0xa3776a0_0 .net *"_ivl_92", 0 0, L_0xa4be280;  1 drivers
v0xa377740_0 .net *"_ivl_95", 0 0, L_0xa4be390;  1 drivers
v0xa3777e0_0 .net *"_ivl_96", 0 0, L_0xa4be1c0;  1 drivers
v0xa377880_0 .net "carry", 3 0, L_0xa4bcc90;  1 drivers
v0xa377920_0 .net "carry_in", 0 0, L_0x7f41eb9c4d50;  alias, 1 drivers
v0xa3779c0_0 .net "carry_out", 0 0, L_0xa4be640;  1 drivers
v0xa377a60_0 .net "gen", 3 0, L_0xa4bbdf0;  1 drivers
v0xa377b00_0 .net "gen_out", 0 0, L_0xa4bf700;  1 drivers
v0xa377ba0_0 .net "prop", 3 0, L_0xa4bbe60;  1 drivers
v0xa377c40_0 .net "prop_out", 0 0, L_0xa4be7f0;  1 drivers
v0xa377ce0_0 .net "val1", 3 0, L_0xa4bfbe0;  1 drivers
v0xa377d80_0 .net "val2", 3 0, L_0xa4bfc80;  1 drivers
v0xa378230_0 .net "val_out", 3 0, L_0xa4bdf90;  1 drivers
L_0xa4bbf70 .part L_0xa4bbdf0, 0, 1;
L_0xa4bc060 .part L_0xa4bbe60, 0, 1;
L_0xa4bc320 .part L_0xa4bbdf0, 1, 1;
L_0xa4bc3c0 .part L_0xa4bcc90, 0, 1;
L_0xa4bc460 .part L_0xa4bbe60, 1, 1;
L_0xa4bc720 .part L_0xa4bbdf0, 2, 1;
L_0xa4bc850 .part L_0xa4bcc90, 1, 1;
L_0xa4bc8f0 .part L_0xa4bbe60, 2, 1;
L_0xa4bcc90 .concat8 [ 1 1 1 1], L_0xa4bc210, L_0xa4bc610, L_0xa4bcb30, L_0xa4bd170;
L_0xa4bce20 .part L_0xa4bbdf0, 3, 1;
L_0xa4bcec0 .part L_0xa4bcc90, 2, 1;
L_0xa4bcff0 .part L_0xa4bbe60, 3, 1;
L_0xa4bd2d0 .part L_0xa4bfbe0, 0, 1;
L_0xa4bd370 .part L_0xa4bfc80, 0, 1;
L_0xa4bd620 .part L_0xa4bfbe0, 1, 1;
L_0xa4bd750 .part L_0xa4bfc80, 1, 1;
L_0xa4bd980 .part L_0xa4bcc90, 0, 1;
L_0xa4bdae0 .part L_0xa4bfbe0, 2, 1;
L_0xa4bdc20 .part L_0xa4bfc80, 2, 1;
L_0xa4bdd10 .part L_0xa4bcc90, 1, 1;
L_0xa4bdf90 .concat8 [ 1 1 1 1], L_0xa4bd460, L_0xa4bda20, L_0xa4bdb80, L_0xa4be1c0;
L_0xa4be120 .part L_0xa4bfbe0, 3, 1;
L_0xa4bddb0 .part L_0xa4bfc80, 3, 1;
L_0xa4be390 .part L_0xa4bcc90, 2, 1;
L_0xa4be640 .part L_0xa4bcc90, 3, 1;
L_0xa4be7f0 .reduce/and L_0xa4bbe60;
L_0xa4be430 .part L_0xa4bbdf0, 3, 1;
L_0xa4be970 .part L_0xa4bbe60, 3, 1;
L_0xa4be890 .part L_0xa4bbdf0, 2, 1;
L_0xa4be5a0 .part L_0xa4bbe60, 3, 1;
L_0xa4bea10 .part L_0xa4bbe60, 2, 1;
L_0xa4bf030 .part L_0xa4bbdf0, 1, 1;
L_0xa4bf4a0 .part L_0xa4bbe60, 3, 1;
L_0xa4bf540 .part L_0xa4bbe60, 2, 1;
L_0xa4bf340 .part L_0xa4bbe60, 1, 1;
L_0xa4bf8e0 .part L_0xa4bbdf0, 0, 1;
S_0xa3782d0 .scope module, "adder1" "add_pg_4" 8 32, 9 3 0, S_0xa374e70;
 .timescale -9 -12;
    .port_info 0 /INPUT 4 "val1";
    .port_info 1 /INPUT 4 "val2";
    .port_info 2 /INPUT 1 "carry_in";
    .port_info 3 /OUTPUT 4 "val_out";
    .port_info 4 /OUTPUT 1 "carry_out";
    .port_info 5 /OUTPUT 1 "prop_out";
    .port_info 6 /OUTPUT 1 "gen_out";
L_0xa4c0030 .functor AND 4, L_0xa4c3c80, L_0xa4c3d70, C4<1111>, C4<1111>;
L_0xa4c00a0 .functor XOR 4, L_0xa4c3c80, L_0xa4c3d70, C4<0000>, C4<0000>;
L_0xa4c0390 .functor AND 1, L_0xa4c3e60, L_0xa4c02a0, C4<1>, C4<1>;
L_0xa4c0450 .functor OR 1, L_0xa4c01b0, L_0xa4c0390, C4<0>, C4<0>;
L_0xa4c0740 .functor AND 1, L_0xa4c0600, L_0xa4c06a0, C4<1>, C4<1>;
L_0xa4c0850 .functor OR 1, L_0xa4c0560, L_0xa4c0740, C4<0>, C4<0>;
L_0xa4c0b90 .functor AND 1, L_0xa4c0a00, L_0xa4c0aa0, C4<1>, C4<1>;
L_0xa4c0c50 .functor OR 1, L_0xa4c0960, L_0xa4c0b90, C4<0>, C4<0>;
L_0xa4c1190 .functor AND 1, L_0xa4c0fe0, L_0xa4c1080, C4<1>, C4<1>;
L_0xa4c1200 .functor OR 1, L_0xa4c0f40, L_0xa4c1190, C4<0>, C4<0>;
L_0xa4c1120 .functor XOR 1, L_0xa4c1360, L_0xa4c1400, C4<0>, C4<0>;
L_0xa4c14f0 .functor XOR 1, L_0xa4c1120, L_0xa4c3e60, C4<0>, C4<0>;
L_0xa4c1960 .functor XOR 1, L_0xa4c1670, L_0xa4c17a0, C4<0>, C4<0>;
L_0xa4c1a70 .functor XOR 1, L_0xa4c1960, L_0xa4c19d0, C4<0>, C4<0>;
L_0xa4c1600 .functor XOR 1, L_0xa4c1b80, L_0xa4c1cc0, C4<0>, C4<0>;
L_0xa4c1c20 .functor XOR 1, L_0xa4c1600, L_0xa4c1db0, C4<0>, C4<0>;
L_0xa4c2320 .functor XOR 1, L_0xa4c21c0, L_0xa4c1e50, C4<0>, C4<0>;
L_0xa4c2260 .functor XOR 1, L_0xa4c2320, L_0xa4c2430, C4<0>, C4<0>;
L_0xa4c1fa0 .functor AND 1, L_0xa4c2a10, L_0xa4c2930, C4<1>, C4<1>;
L_0xa4c2c40 .functor OR 1, L_0xa4c24d0, L_0xa4c1fa0, C4<0>, C4<0>;
L_0xa4c3010 .functor AND 1, L_0xa4c2640, L_0xa4c2ab0, C4<1>, C4<1>;
L_0xa4c2f10 .functor AND 1, L_0xa4c3010, L_0xa4c30d0, C4<1>, C4<1>;
L_0xa4c2d50 .functor OR 1, L_0xa4c2c40, L_0xa4c2f10, C4<0>, C4<0>;
L_0xa4c3280 .functor AND 1, L_0xa4c3540, L_0xa4c35e0, C4<1>, C4<1>;
L_0xa4c3870 .functor AND 1, L_0xa4c3280, L_0xa4c33e0, C4<1>, C4<1>;
L_0xa4c3680 .functor AND 1, L_0xa4c3870, L_0xa4c3980, C4<1>, C4<1>;
L_0xa4c37a0 .functor OR 1, L_0xa4c2d50, L_0xa4c3680, C4<0>, C4<0>;
v0xa378550_0 .net *"_ivl_10", 0 0, L_0xa4c0390;  1 drivers
v0xa3785f0_0 .net *"_ivl_103", 0 0, L_0xa4c24d0;  1 drivers
v0xa378690_0 .net *"_ivl_105", 0 0, L_0xa4c2a10;  1 drivers
v0xa378730_0 .net *"_ivl_107", 0 0, L_0xa4c2930;  1 drivers
v0xa3787d0_0 .net *"_ivl_108", 0 0, L_0xa4c1fa0;  1 drivers
v0xa378870_0 .net *"_ivl_110", 0 0, L_0xa4c2c40;  1 drivers
v0xa378910_0 .net *"_ivl_113", 0 0, L_0xa4c2640;  1 drivers
v0xa3789b0_0 .net *"_ivl_115", 0 0, L_0xa4c2ab0;  1 drivers
v0xa378a50_0 .net *"_ivl_116", 0 0, L_0xa4c3010;  1 drivers
v0xa378af0_0 .net *"_ivl_119", 0 0, L_0xa4c30d0;  1 drivers
v0xa378b90_0 .net *"_ivl_12", 0 0, L_0xa4c0450;  1 drivers
v0xa378c30_0 .net *"_ivl_120", 0 0, L_0xa4c2f10;  1 drivers
v0xa378cd0_0 .net *"_ivl_122", 0 0, L_0xa4c2d50;  1 drivers
v0xa378d70_0 .net *"_ivl_125", 0 0, L_0xa4c3540;  1 drivers
v0xa378e10_0 .net *"_ivl_127", 0 0, L_0xa4c35e0;  1 drivers
v0xa378eb0_0 .net *"_ivl_128", 0 0, L_0xa4c3280;  1 drivers
v0xa378f50_0 .net *"_ivl_131", 0 0, L_0xa4c33e0;  1 drivers
v0xa378ff0_0 .net *"_ivl_132", 0 0, L_0xa4c3870;  1 drivers
v0xa379090_0 .net *"_ivl_135", 0 0, L_0xa4c3980;  1 drivers
v0xa379130_0 .net *"_ivl_136", 0 0, L_0xa4c3680;  1 drivers
v0xa3791d0_0 .net *"_ivl_17", 0 0, L_0xa4c0560;  1 drivers
v0xa379270_0 .net *"_ivl_19", 0 0, L_0xa4c0600;  1 drivers
v0xa379310_0 .net *"_ivl_21", 0 0, L_0xa4c06a0;  1 drivers
v0xa3793b0_0 .net *"_ivl_22", 0 0, L_0xa4c0740;  1 drivers
v0xa379450_0 .net *"_ivl_24", 0 0, L_0xa4c0850;  1 drivers
v0xa3794f0_0 .net *"_ivl_29", 0 0, L_0xa4c0960;  1 drivers
v0xa379590_0 .net *"_ivl_31", 0 0, L_0xa4c0a00;  1 drivers
v0xa379630_0 .net *"_ivl_33", 0 0, L_0xa4c0aa0;  1 drivers
v0xa3796d0_0 .net *"_ivl_34", 0 0, L_0xa4c0b90;  1 drivers
v0xa379770_0 .net *"_ivl_36", 0 0, L_0xa4c0c50;  1 drivers
v0xa379810_0 .net *"_ivl_42", 0 0, L_0xa4c0f40;  1 drivers
v0xa3798b0_0 .net *"_ivl_44", 0 0, L_0xa4c0fe0;  1 drivers
v0xa379950_0 .net *"_ivl_46", 0 0, L_0xa4c1080;  1 drivers
v0xa3799f0_0 .net *"_ivl_47", 0 0, L_0xa4c1190;  1 drivers
v0xa379a90_0 .net *"_ivl_49", 0 0, L_0xa4c1200;  1 drivers
v0xa379b30_0 .net *"_ivl_54", 0 0, L_0xa4c1360;  1 drivers
v0xa379bd0_0 .net *"_ivl_56", 0 0, L_0xa4c1400;  1 drivers
v0xa379c70_0 .net *"_ivl_57", 0 0, L_0xa4c1120;  1 drivers
v0xa379d10_0 .net *"_ivl_59", 0 0, L_0xa4c14f0;  1 drivers
v0xa379db0_0 .net *"_ivl_64", 0 0, L_0xa4c1670;  1 drivers
v0xa379e50_0 .net *"_ivl_66", 0 0, L_0xa4c17a0;  1 drivers
v0xa379ef0_0 .net *"_ivl_67", 0 0, L_0xa4c1960;  1 drivers
v0xa379f90_0 .net *"_ivl_7", 0 0, L_0xa4c01b0;  1 drivers
v0xa37a030_0 .net *"_ivl_70", 0 0, L_0xa4c19d0;  1 drivers
v0xa37a0d0_0 .net *"_ivl_71", 0 0, L_0xa4c1a70;  1 drivers
v0xa37a170_0 .net *"_ivl_76", 0 0, L_0xa4c1b80;  1 drivers
v0xa37a210_0 .net *"_ivl_78", 0 0, L_0xa4c1cc0;  1 drivers
v0xa37a2b0_0 .net *"_ivl_79", 0 0, L_0xa4c1600;  1 drivers
v0xa37a350_0 .net *"_ivl_82", 0 0, L_0xa4c1db0;  1 drivers
v0xa37a3f0_0 .net *"_ivl_83", 0 0, L_0xa4c1c20;  1 drivers
v0xa37a490_0 .net *"_ivl_89", 0 0, L_0xa4c21c0;  1 drivers
v0xa37a530_0 .net *"_ivl_9", 0 0, L_0xa4c02a0;  1 drivers
v0xa37a5d0_0 .net *"_ivl_91", 0 0, L_0xa4c1e50;  1 drivers
v0xa37a670_0 .net *"_ivl_92", 0 0, L_0xa4c2320;  1 drivers
v0xa37a710_0 .net *"_ivl_95", 0 0, L_0xa4c2430;  1 drivers
v0xa37a7b0_0 .net *"_ivl_96", 0 0, L_0xa4c2260;  1 drivers
v0xa37a850_0 .net "carry", 3 0, L_0xa4c0db0;  1 drivers
v0xa37a8f0_0 .net "carry_in", 0 0, L_0xa4c3e60;  1 drivers
v0xa37a990_0 .net "carry_out", 0 0, L_0xa4c26e0;  1 drivers
v0xa37aa30_0 .net "gen", 3 0, L_0xa4c0030;  1 drivers
v0xa37aad0_0 .net "gen_out", 0 0, L_0xa4c37a0;  1 drivers
v0xa37ab70_0 .net "prop", 3 0, L_0xa4c00a0;  1 drivers
v0xa37ac10_0 .net "prop_out", 0 0, L_0xa4c2890;  1 drivers
v0xa37acb0_0 .net "val1", 3 0, L_0xa4c3c80;  1 drivers
v0xa37ad50_0 .net "val2", 3 0, L_0xa4c3d70;  1 drivers
v0xa37b200_0 .net "val_out", 3 0, L_0xa4c2030;  1 drivers
L_0xa4c01b0 .part L_0xa4c0030, 0, 1;
L_0xa4c02a0 .part L_0xa4c00a0, 0, 1;
L_0xa4c0560 .part L_0xa4c0030, 1, 1;
L_0xa4c0600 .part L_0xa4c0db0, 0, 1;
L_0xa4c06a0 .part L_0xa4c00a0, 1, 1;
L_0xa4c0960 .part L_0xa4c0030, 2, 1;
L_0xa4c0a00 .part L_0xa4c0db0, 1, 1;
L_0xa4c0aa0 .part L_0xa4c00a0, 2, 1;
L_0xa4c0db0 .concat8 [ 1 1 1 1], L_0xa4c0450, L_0xa4c0850, L_0xa4c0c50, L_0xa4c1200;
L_0xa4c0f40 .part L_0xa4c0030, 3, 1;
L_0xa4c0fe0 .part L_0xa4c0db0, 2, 1;
L_0xa4c1080 .part L_0xa4c00a0, 3, 1;
L_0xa4c1360 .part L_0xa4c3c80, 0, 1;
L_0xa4c1400 .part L_0xa4c3d70, 0, 1;
L_0xa4c1670 .part L_0xa4c3c80, 1, 1;
L_0xa4c17a0 .part L_0xa4c3d70, 1, 1;
L_0xa4c19d0 .part L_0xa4c0db0, 0, 1;
L_0xa4c1b80 .part L_0xa4c3c80, 2, 1;
L_0xa4c1cc0 .part L_0xa4c3d70, 2, 1;
L_0xa4c1db0 .part L_0xa4c0db0, 1, 1;
L_0xa4c2030 .concat8 [ 1 1 1 1], L_0xa4c14f0, L_0xa4c1a70, L_0xa4c1c20, L_0xa4c2260;
L_0xa4c21c0 .part L_0xa4c3c80, 3, 1;
L_0xa4c1e50 .part L_0xa4c3d70, 3, 1;
L_0xa4c2430 .part L_0xa4c0db0, 2, 1;
L_0xa4c26e0 .part L_0xa4c0db0, 3, 1;
L_0xa4c2890 .reduce/and L_0xa4c00a0;
L_0xa4c24d0 .part L_0xa4c0030, 3, 1;
L_0xa4c2a10 .part L_0xa4c00a0, 3, 1;
L_0xa4c2930 .part L_0xa4c0030, 2, 1;
L_0xa4c2640 .part L_0xa4c00a0, 3, 1;
L_0xa4c2ab0 .part L_0xa4c00a0, 2, 1;
L_0xa4c30d0 .part L_0xa4c0030, 1, 1;
L_0xa4c3540 .part L_0xa4c00a0, 3, 1;
L_0xa4c35e0 .part L_0xa4c00a0, 2, 1;
L_0xa4c33e0 .part L_0xa4c00a0, 1, 1;
L_0xa4c3980 .part L_0xa4c0030, 0, 1;
S_0xa37b2a0 .scope module, "adder2" "add_pg_4" 8 46, 9 3 0, S_0xa374e70;
 .timescale -9 -12;
    .port_info 0 /INPUT 4 "val1";
    .port_info 1 /INPUT 4 "val2";
    .port_info 2 /INPUT 1 "carry_in";
    .port_info 3 /OUTPUT 4 "val_out";
    .port_info 4 /OUTPUT 1 "carry_out";
    .port_info 5 /OUTPUT 1 "prop_out";
    .port_info 6 /OUTPUT 1 "gen_out";
L_0xa4c43f0 .functor AND 4, L_0xa4c80a0, L_0xa4c8140, C4<1111>, C4<1111>;
L_0xa4c4460 .functor XOR 4, L_0xa4c80a0, L_0xa4c8140, C4<0000>, C4<0000>;
L_0xa4c4750 .functor AND 1, L_0xa4c8250, L_0xa4c4660, C4<1>, C4<1>;
L_0xa4c4810 .functor OR 1, L_0xa4c4570, L_0xa4c4750, C4<0>, C4<0>;
L_0xa4c4b00 .functor AND 1, L_0xa4c49c0, L_0xa4c4a60, C4<1>, C4<1>;
L_0xa4c4c10 .functor OR 1, L_0xa4c4920, L_0xa4c4b00, C4<0>, C4<0>;
L_0xa4c4f50 .functor AND 1, L_0xa4c4dc0, L_0xa4c4e60, C4<1>, C4<1>;
L_0xa4c5010 .functor OR 1, L_0xa4c4d20, L_0xa4c4f50, C4<0>, C4<0>;
L_0xa4c55b0 .functor AND 1, L_0xa4c5400, L_0xa4c54a0, C4<1>, C4<1>;
L_0xa4c5620 .functor OR 1, L_0xa4c5300, L_0xa4c55b0, C4<0>, C4<0>;
L_0xa4c5540 .functor XOR 1, L_0xa4c5780, L_0xa4c5820, C4<0>, C4<0>;
L_0xa4c5910 .functor XOR 1, L_0xa4c5540, L_0xa4c8250, C4<0>, C4<0>;
L_0xa4c5d80 .functor XOR 1, L_0xa4c5a90, L_0xa4c5bc0, C4<0>, C4<0>;
L_0xa4c5e90 .functor XOR 1, L_0xa4c5d80, L_0xa4c5df0, C4<0>, C4<0>;
L_0xa4c5a20 .functor XOR 1, L_0xa4c5fa0, L_0xa4c60e0, C4<0>, C4<0>;
L_0xa4c6040 .functor XOR 1, L_0xa4c5a20, L_0xa4c61d0, C4<0>, C4<0>;
L_0xa4c6740 .functor XOR 1, L_0xa4c65e0, L_0xa4c6270, C4<0>, C4<0>;
L_0xa4c6680 .functor XOR 1, L_0xa4c6740, L_0xa4c6850, C4<0>, C4<0>;
L_0xa4c63c0 .functor AND 1, L_0xa4c6e30, L_0xa4c6d50, C4<1>, C4<1>;
L_0xa4c7060 .functor OR 1, L_0xa4c68f0, L_0xa4c63c0, C4<0>, C4<0>;
L_0xa4c7430 .functor AND 1, L_0xa4c6a60, L_0xa4c6ed0, C4<1>, C4<1>;
L_0xa4c7330 .functor AND 1, L_0xa4c7430, L_0xa4c74f0, C4<1>, C4<1>;
L_0xa4c7170 .functor OR 1, L_0xa4c7060, L_0xa4c7330, C4<0>, C4<0>;
L_0xa4c76a0 .functor AND 1, L_0xa4c7960, L_0xa4c7a00, C4<1>, C4<1>;
L_0xa4c7c90 .functor AND 1, L_0xa4c76a0, L_0xa4c7800, C4<1>, C4<1>;
L_0xa4c7aa0 .functor AND 1, L_0xa4c7c90, L_0xa4c7da0, C4<1>, C4<1>;
L_0xa4c7bc0 .functor OR 1, L_0xa4c7170, L_0xa4c7aa0, C4<0>, C4<0>;
v0xa37b520_0 .net *"_ivl_10", 0 0, L_0xa4c4750;  1 drivers
v0xa37b5c0_0 .net *"_ivl_103", 0 0, L_0xa4c68f0;  1 drivers
v0xa37b660_0 .net *"_ivl_105", 0 0, L_0xa4c6e30;  1 drivers
v0xa37b700_0 .net *"_ivl_107", 0 0, L_0xa4c6d50;  1 drivers
v0xa37b7a0_0 .net *"_ivl_108", 0 0, L_0xa4c63c0;  1 drivers
v0xa37b840_0 .net *"_ivl_110", 0 0, L_0xa4c7060;  1 drivers
v0xa37b8e0_0 .net *"_ivl_113", 0 0, L_0xa4c6a60;  1 drivers
v0xa37b980_0 .net *"_ivl_115", 0 0, L_0xa4c6ed0;  1 drivers
v0xa37ba20_0 .net *"_ivl_116", 0 0, L_0xa4c7430;  1 drivers
v0xa37bac0_0 .net *"_ivl_119", 0 0, L_0xa4c74f0;  1 drivers
v0xa37bb60_0 .net *"_ivl_12", 0 0, L_0xa4c4810;  1 drivers
v0xa37bc00_0 .net *"_ivl_120", 0 0, L_0xa4c7330;  1 drivers
v0xa37bca0_0 .net *"_ivl_122", 0 0, L_0xa4c7170;  1 drivers
v0xa37bd40_0 .net *"_ivl_125", 0 0, L_0xa4c7960;  1 drivers
v0xa37bde0_0 .net *"_ivl_127", 0 0, L_0xa4c7a00;  1 drivers
v0xa37be80_0 .net *"_ivl_128", 0 0, L_0xa4c76a0;  1 drivers
v0xa37bf20_0 .net *"_ivl_131", 0 0, L_0xa4c7800;  1 drivers
v0xa37bfc0_0 .net *"_ivl_132", 0 0, L_0xa4c7c90;  1 drivers
v0xa37c060_0 .net *"_ivl_135", 0 0, L_0xa4c7da0;  1 drivers
v0xa37c100_0 .net *"_ivl_136", 0 0, L_0xa4c7aa0;  1 drivers
v0xa37c1a0_0 .net *"_ivl_17", 0 0, L_0xa4c4920;  1 drivers
v0xa37c240_0 .net *"_ivl_19", 0 0, L_0xa4c49c0;  1 drivers
v0xa37c2e0_0 .net *"_ivl_21", 0 0, L_0xa4c4a60;  1 drivers
v0xa37c380_0 .net *"_ivl_22", 0 0, L_0xa4c4b00;  1 drivers
v0xa37c420_0 .net *"_ivl_24", 0 0, L_0xa4c4c10;  1 drivers
v0xa37c4c0_0 .net *"_ivl_29", 0 0, L_0xa4c4d20;  1 drivers
v0xa37c560_0 .net *"_ivl_31", 0 0, L_0xa4c4dc0;  1 drivers
v0xa37c600_0 .net *"_ivl_33", 0 0, L_0xa4c4e60;  1 drivers
v0xa37c6a0_0 .net *"_ivl_34", 0 0, L_0xa4c4f50;  1 drivers
v0xa37c740_0 .net *"_ivl_36", 0 0, L_0xa4c5010;  1 drivers
v0xa37c7e0_0 .net *"_ivl_42", 0 0, L_0xa4c5300;  1 drivers
v0xa37c880_0 .net *"_ivl_44", 0 0, L_0xa4c5400;  1 drivers
v0xa37c920_0 .net *"_ivl_46", 0 0, L_0xa4c54a0;  1 drivers
v0xa37c9c0_0 .net *"_ivl_47", 0 0, L_0xa4c55b0;  1 drivers
v0xa37ca60_0 .net *"_ivl_49", 0 0, L_0xa4c5620;  1 drivers
v0xa37cb00_0 .net *"_ivl_54", 0 0, L_0xa4c5780;  1 drivers
v0xa37cba0_0 .net *"_ivl_56", 0 0, L_0xa4c5820;  1 drivers
v0xa37cc40_0 .net *"_ivl_57", 0 0, L_0xa4c5540;  1 drivers
v0xa37cce0_0 .net *"_ivl_59", 0 0, L_0xa4c5910;  1 drivers
v0xa37cd80_0 .net *"_ivl_64", 0 0, L_0xa4c5a90;  1 drivers
v0xa37ce20_0 .net *"_ivl_66", 0 0, L_0xa4c5bc0;  1 drivers
v0xa37cec0_0 .net *"_ivl_67", 0 0, L_0xa4c5d80;  1 drivers
v0xa37cf60_0 .net *"_ivl_7", 0 0, L_0xa4c4570;  1 drivers
v0xa37d000_0 .net *"_ivl_70", 0 0, L_0xa4c5df0;  1 drivers
v0xa37d0a0_0 .net *"_ivl_71", 0 0, L_0xa4c5e90;  1 drivers
v0xa37d140_0 .net *"_ivl_76", 0 0, L_0xa4c5fa0;  1 drivers
v0xa37d1e0_0 .net *"_ivl_78", 0 0, L_0xa4c60e0;  1 drivers
v0xa37d280_0 .net *"_ivl_79", 0 0, L_0xa4c5a20;  1 drivers
v0xa37d320_0 .net *"_ivl_82", 0 0, L_0xa4c61d0;  1 drivers
v0xa37d3c0_0 .net *"_ivl_83", 0 0, L_0xa4c6040;  1 drivers
v0xa37d460_0 .net *"_ivl_89", 0 0, L_0xa4c65e0;  1 drivers
v0xa37d500_0 .net *"_ivl_9", 0 0, L_0xa4c4660;  1 drivers
v0xa37d5a0_0 .net *"_ivl_91", 0 0, L_0xa4c6270;  1 drivers
v0xa37d640_0 .net *"_ivl_92", 0 0, L_0xa4c6740;  1 drivers
v0xa37d6e0_0 .net *"_ivl_95", 0 0, L_0xa4c6850;  1 drivers
v0xa37d780_0 .net *"_ivl_96", 0 0, L_0xa4c6680;  1 drivers
v0xa37d820_0 .net "carry", 3 0, L_0xa4c5170;  1 drivers
v0xa37d8c0_0 .net "carry_in", 0 0, L_0xa4c8250;  1 drivers
v0xa37d960_0 .net "carry_out", 0 0, L_0xa4c6b00;  1 drivers
v0xa37da00_0 .net "gen", 3 0, L_0xa4c43f0;  1 drivers
v0xa37daa0_0 .net "gen_out", 0 0, L_0xa4c7bc0;  1 drivers
v0xa37db40_0 .net "prop", 3 0, L_0xa4c4460;  1 drivers
v0xa37dbe0_0 .net "prop_out", 0 0, L_0xa4c6cb0;  1 drivers
v0xa37dc80_0 .net "val1", 3 0, L_0xa4c80a0;  1 drivers
v0xa37dd20_0 .net "val2", 3 0, L_0xa4c8140;  1 drivers
v0xa37e1d0_0 .net "val_out", 3 0, L_0xa4c6450;  1 drivers
L_0xa4c4570 .part L_0xa4c43f0, 0, 1;
L_0xa4c4660 .part L_0xa4c4460, 0, 1;
L_0xa4c4920 .part L_0xa4c43f0, 1, 1;
L_0xa4c49c0 .part L_0xa4c5170, 0, 1;
L_0xa4c4a60 .part L_0xa4c4460, 1, 1;
L_0xa4c4d20 .part L_0xa4c43f0, 2, 1;
L_0xa4c4dc0 .part L_0xa4c5170, 1, 1;
L_0xa4c4e60 .part L_0xa4c4460, 2, 1;
L_0xa4c5170 .concat8 [ 1 1 1 1], L_0xa4c4810, L_0xa4c4c10, L_0xa4c5010, L_0xa4c5620;
L_0xa4c5300 .part L_0xa4c43f0, 3, 1;
L_0xa4c5400 .part L_0xa4c5170, 2, 1;
L_0xa4c54a0 .part L_0xa4c4460, 3, 1;
L_0xa4c5780 .part L_0xa4c80a0, 0, 1;
L_0xa4c5820 .part L_0xa4c8140, 0, 1;
L_0xa4c5a90 .part L_0xa4c80a0, 1, 1;
L_0xa4c5bc0 .part L_0xa4c8140, 1, 1;
L_0xa4c5df0 .part L_0xa4c5170, 0, 1;
L_0xa4c5fa0 .part L_0xa4c80a0, 2, 1;
L_0xa4c60e0 .part L_0xa4c8140, 2, 1;
L_0xa4c61d0 .part L_0xa4c5170, 1, 1;
L_0xa4c6450 .concat8 [ 1 1 1 1], L_0xa4c5910, L_0xa4c5e90, L_0xa4c6040, L_0xa4c6680;
L_0xa4c65e0 .part L_0xa4c80a0, 3, 1;
L_0xa4c6270 .part L_0xa4c8140, 3, 1;
L_0xa4c6850 .part L_0xa4c5170, 2, 1;
L_0xa4c6b00 .part L_0xa4c5170, 3, 1;
L_0xa4c6cb0 .reduce/and L_0xa4c4460;
L_0xa4c68f0 .part L_0xa4c43f0, 3, 1;
L_0xa4c6e30 .part L_0xa4c4460, 3, 1;
L_0xa4c6d50 .part L_0xa4c43f0, 2, 1;
L_0xa4c6a60 .part L_0xa4c4460, 3, 1;
L_0xa4c6ed0 .part L_0xa4c4460, 2, 1;
L_0xa4c74f0 .part L_0xa4c43f0, 1, 1;
L_0xa4c7960 .part L_0xa4c4460, 3, 1;
L_0xa4c7a00 .part L_0xa4c4460, 2, 1;
L_0xa4c7800 .part L_0xa4c4460, 1, 1;
L_0xa4c7da0 .part L_0xa4c43f0, 0, 1;
S_0xa37e270 .scope module, "adder3" "add_pg_4" 8 60, 9 3 0, S_0xa374e70;
 .timescale -9 -12;
    .port_info 0 /INPUT 4 "val1";
    .port_info 1 /INPUT 4 "val2";
    .port_info 2 /INPUT 1 "carry_in";
    .port_info 3 /OUTPUT 4 "val_out";
    .port_info 4 /OUTPUT 1 "carry_out";
    .port_info 5 /OUTPUT 1 "prop_out";
    .port_info 6 /OUTPUT 1 "gen_out";
L_0xa4c86c0 .functor AND 4, L_0xa4cc410, L_0xa4cc4b0, C4<1111>, C4<1111>;
L_0xa4c8730 .functor XOR 4, L_0xa4cc410, L_0xa4cc4b0, C4<0000>, C4<0000>;
L_0xa4c8a20 .functor AND 1, L_0xa4cc5f0, L_0xa4c8930, C4<1>, C4<1>;
L_0xa4c8ae0 .functor OR 1, L_0xa4c8840, L_0xa4c8a20, C4<0>, C4<0>;
L_0xa4c8dd0 .functor AND 1, L_0xa4c8c90, L_0xa4c8d30, C4<1>, C4<1>;
L_0xa4c8ee0 .functor OR 1, L_0xa4c8bf0, L_0xa4c8dd0, C4<0>, C4<0>;
L_0xa4c9220 .functor AND 1, L_0xa4c9090, L_0xa4c9130, C4<1>, C4<1>;
L_0xa4c92e0 .functor OR 1, L_0xa4c8ff0, L_0xa4c9220, C4<0>, C4<0>;
L_0xa4c98b0 .functor AND 1, L_0xa4c9670, L_0xa4c97a0, C4<1>, C4<1>;
L_0xa4c9920 .functor OR 1, L_0xa4c95d0, L_0xa4c98b0, C4<0>, C4<0>;
L_0xa4c9840 .functor XOR 1, L_0xa4c9a80, L_0xa4c9b20, C4<0>, C4<0>;
L_0xa4c9c10 .functor XOR 1, L_0xa4c9840, L_0xa4cc5f0, C4<0>, C4<0>;
L_0xa4ca080 .functor XOR 1, L_0xa4c9d90, L_0xa4c9ec0, C4<0>, C4<0>;
L_0xa4ca190 .functor XOR 1, L_0xa4ca080, L_0xa4ca0f0, C4<0>, C4<0>;
L_0xa4c9d20 .functor XOR 1, L_0xa4ca2a0, L_0xa4ca3e0, C4<0>, C4<0>;
L_0xa4ca340 .functor XOR 1, L_0xa4c9d20, L_0xa4ca4d0, C4<0>, C4<0>;
L_0xa4caa40 .functor XOR 1, L_0xa4ca8e0, L_0xa4ca570, C4<0>, C4<0>;
L_0xa4ca980 .functor XOR 1, L_0xa4caa40, L_0xa4cab50, C4<0>, C4<0>;
L_0xa4cb2c0 .functor AND 1, L_0xa4cb130, L_0xa4cb050, C4<1>, C4<1>;
L_0xa4cb3d0 .functor OR 1, L_0xa4cabf0, L_0xa4cb2c0, C4<0>, C4<0>;
L_0xa4cb7a0 .functor AND 1, L_0xa4cad60, L_0xa4cb1d0, C4<1>, C4<1>;
L_0xa4cb6a0 .functor AND 1, L_0xa4cb7a0, L_0xa4cb860, C4<1>, C4<1>;
L_0xa4cb4e0 .functor OR 1, L_0xa4cb3d0, L_0xa4cb6a0, C4<0>, C4<0>;
L_0xa4cba10 .functor AND 1, L_0xa4cbcd0, L_0xa4cbd70, C4<1>, C4<1>;
L_0xa4cc000 .functor AND 1, L_0xa4cba10, L_0xa4cbb70, C4<1>, C4<1>;
L_0xa4cbe10 .functor AND 1, L_0xa4cc000, L_0xa4cc110, C4<1>, C4<1>;
L_0xa4cbf30 .functor OR 1, L_0xa4cb4e0, L_0xa4cbe10, C4<0>, C4<0>;
v0xa37e4f0_0 .net *"_ivl_10", 0 0, L_0xa4c8a20;  1 drivers
v0xa37e590_0 .net *"_ivl_103", 0 0, L_0xa4cabf0;  1 drivers
v0xa37e630_0 .net *"_ivl_105", 0 0, L_0xa4cb130;  1 drivers
v0xa37e6d0_0 .net *"_ivl_107", 0 0, L_0xa4cb050;  1 drivers
v0xa37e770_0 .net *"_ivl_108", 0 0, L_0xa4cb2c0;  1 drivers
v0xa37e810_0 .net *"_ivl_110", 0 0, L_0xa4cb3d0;  1 drivers
v0xa37e8b0_0 .net *"_ivl_113", 0 0, L_0xa4cad60;  1 drivers
v0xa37e950_0 .net *"_ivl_115", 0 0, L_0xa4cb1d0;  1 drivers
v0xa37e9f0_0 .net *"_ivl_116", 0 0, L_0xa4cb7a0;  1 drivers
v0xa37ea90_0 .net *"_ivl_119", 0 0, L_0xa4cb860;  1 drivers
v0xa37eb30_0 .net *"_ivl_12", 0 0, L_0xa4c8ae0;  1 drivers
v0xa37ebd0_0 .net *"_ivl_120", 0 0, L_0xa4cb6a0;  1 drivers
v0xa37ec70_0 .net *"_ivl_122", 0 0, L_0xa4cb4e0;  1 drivers
v0xa37ed10_0 .net *"_ivl_125", 0 0, L_0xa4cbcd0;  1 drivers
v0xa37edb0_0 .net *"_ivl_127", 0 0, L_0xa4cbd70;  1 drivers
v0xa37ee50_0 .net *"_ivl_128", 0 0, L_0xa4cba10;  1 drivers
v0xa37eef0_0 .net *"_ivl_131", 0 0, L_0xa4cbb70;  1 drivers
v0xa37ef90_0 .net *"_ivl_132", 0 0, L_0xa4cc000;  1 drivers
v0xa37f030_0 .net *"_ivl_135", 0 0, L_0xa4cc110;  1 drivers
v0xa37f0d0_0 .net *"_ivl_136", 0 0, L_0xa4cbe10;  1 drivers
v0xa37f170_0 .net *"_ivl_17", 0 0, L_0xa4c8bf0;  1 drivers
v0xa37f210_0 .net *"_ivl_19", 0 0, L_0xa4c8c90;  1 drivers
v0xa37f2b0_0 .net *"_ivl_21", 0 0, L_0xa4c8d30;  1 drivers
v0xa37f350_0 .net *"_ivl_22", 0 0, L_0xa4c8dd0;  1 drivers
v0xa37f3f0_0 .net *"_ivl_24", 0 0, L_0xa4c8ee0;  1 drivers
v0xa37f490_0 .net *"_ivl_29", 0 0, L_0xa4c8ff0;  1 drivers
v0xa37f530_0 .net *"_ivl_31", 0 0, L_0xa4c9090;  1 drivers
v0xa37f5d0_0 .net *"_ivl_33", 0 0, L_0xa4c9130;  1 drivers
v0xa37f670_0 .net *"_ivl_34", 0 0, L_0xa4c9220;  1 drivers
v0xa37f710_0 .net *"_ivl_36", 0 0, L_0xa4c92e0;  1 drivers
v0xa37f7b0_0 .net *"_ivl_42", 0 0, L_0xa4c95d0;  1 drivers
v0xa37f850_0 .net *"_ivl_44", 0 0, L_0xa4c9670;  1 drivers
v0xa37f8f0_0 .net *"_ivl_46", 0 0, L_0xa4c97a0;  1 drivers
v0xa37f990_0 .net *"_ivl_47", 0 0, L_0xa4c98b0;  1 drivers
v0xa37fa30_0 .net *"_ivl_49", 0 0, L_0xa4c9920;  1 drivers
v0xa37fad0_0 .net *"_ivl_54", 0 0, L_0xa4c9a80;  1 drivers
v0xa37fb70_0 .net *"_ivl_56", 0 0, L_0xa4c9b20;  1 drivers
v0xa37fc10_0 .net *"_ivl_57", 0 0, L_0xa4c9840;  1 drivers
v0xa37fcb0_0 .net *"_ivl_59", 0 0, L_0xa4c9c10;  1 drivers
v0xa37fd50_0 .net *"_ivl_64", 0 0, L_0xa4c9d90;  1 drivers
v0xa37fdf0_0 .net *"_ivl_66", 0 0, L_0xa4c9ec0;  1 drivers
v0xa37fe90_0 .net *"_ivl_67", 0 0, L_0xa4ca080;  1 drivers
v0xa37ff30_0 .net *"_ivl_7", 0 0, L_0xa4c8840;  1 drivers
v0xa37ffd0_0 .net *"_ivl_70", 0 0, L_0xa4ca0f0;  1 drivers
v0xa380070_0 .net *"_ivl_71", 0 0, L_0xa4ca190;  1 drivers
v0xa380110_0 .net *"_ivl_76", 0 0, L_0xa4ca2a0;  1 drivers
v0xa3801b0_0 .net *"_ivl_78", 0 0, L_0xa4ca3e0;  1 drivers
v0xa380250_0 .net *"_ivl_79", 0 0, L_0xa4c9d20;  1 drivers
v0xa3802f0_0 .net *"_ivl_82", 0 0, L_0xa4ca4d0;  1 drivers
v0xa380390_0 .net *"_ivl_83", 0 0, L_0xa4ca340;  1 drivers
v0xa380430_0 .net *"_ivl_89", 0 0, L_0xa4ca8e0;  1 drivers
v0xa3804d0_0 .net *"_ivl_9", 0 0, L_0xa4c8930;  1 drivers
v0xa380570_0 .net *"_ivl_91", 0 0, L_0xa4ca570;  1 drivers
v0xa380610_0 .net *"_ivl_92", 0 0, L_0xa4caa40;  1 drivers
v0xa3806b0_0 .net *"_ivl_95", 0 0, L_0xa4cab50;  1 drivers
v0xa380750_0 .net *"_ivl_96", 0 0, L_0xa4ca980;  1 drivers
v0xa3807f0_0 .net "carry", 3 0, L_0xa4c9440;  1 drivers
v0xa380890_0 .net "carry_in", 0 0, L_0xa4cc5f0;  1 drivers
v0xa380930_0 .net8 "carry_out", 0 0, RS_0x7f41ebec87e8;  alias, 2 drivers
v0xa3809d0_0 .net "gen", 3 0, L_0xa4c86c0;  1 drivers
v0xa380a70_0 .net "gen_out", 0 0, L_0xa4cbf30;  1 drivers
v0xa380b10_0 .net "prop", 3 0, L_0xa4c8730;  1 drivers
v0xa380bb0_0 .net "prop_out", 0 0, L_0xa4cafb0;  1 drivers
v0xa380c50_0 .net "val1", 3 0, L_0xa4cc410;  1 drivers
v0xa380cf0_0 .net "val2", 3 0, L_0xa4cc4b0;  1 drivers
v0xa3811a0_0 .net "val_out", 3 0, L_0xa4ca750;  1 drivers
L_0xa4c8840 .part L_0xa4c86c0, 0, 1;
L_0xa4c8930 .part L_0xa4c8730, 0, 1;
L_0xa4c8bf0 .part L_0xa4c86c0, 1, 1;
L_0xa4c8c90 .part L_0xa4c9440, 0, 1;
L_0xa4c8d30 .part L_0xa4c8730, 1, 1;
L_0xa4c8ff0 .part L_0xa4c86c0, 2, 1;
L_0xa4c9090 .part L_0xa4c9440, 1, 1;
L_0xa4c9130 .part L_0xa4c8730, 2, 1;
L_0xa4c9440 .concat8 [ 1 1 1 1], L_0xa4c8ae0, L_0xa4c8ee0, L_0xa4c92e0, L_0xa4c9920;
L_0xa4c95d0 .part L_0xa4c86c0, 3, 1;
L_0xa4c9670 .part L_0xa4c9440, 2, 1;
L_0xa4c97a0 .part L_0xa4c8730, 3, 1;
L_0xa4c9a80 .part L_0xa4cc410, 0, 1;
L_0xa4c9b20 .part L_0xa4cc4b0, 0, 1;
L_0xa4c9d90 .part L_0xa4cc410, 1, 1;
L_0xa4c9ec0 .part L_0xa4cc4b0, 1, 1;
L_0xa4ca0f0 .part L_0xa4c9440, 0, 1;
L_0xa4ca2a0 .part L_0xa4cc410, 2, 1;
L_0xa4ca3e0 .part L_0xa4cc4b0, 2, 1;
L_0xa4ca4d0 .part L_0xa4c9440, 1, 1;
L_0xa4ca750 .concat8 [ 1 1 1 1], L_0xa4c9c10, L_0xa4ca190, L_0xa4ca340, L_0xa4ca980;
L_0xa4ca8e0 .part L_0xa4cc410, 3, 1;
L_0xa4ca570 .part L_0xa4cc4b0, 3, 1;
L_0xa4cab50 .part L_0xa4c9440, 2, 1;
L_0xa4cae00 .part L_0xa4c9440, 3, 1;
L_0xa4cafb0 .reduce/and L_0xa4c8730;
L_0xa4cabf0 .part L_0xa4c86c0, 3, 1;
L_0xa4cb130 .part L_0xa4c8730, 3, 1;
L_0xa4cb050 .part L_0xa4c86c0, 2, 1;
L_0xa4cad60 .part L_0xa4c8730, 3, 1;
L_0xa4cb1d0 .part L_0xa4c8730, 2, 1;
L_0xa4cb860 .part L_0xa4c86c0, 1, 1;
L_0xa4cbcd0 .part L_0xa4c8730, 3, 1;
L_0xa4cbd70 .part L_0xa4c8730, 2, 1;
L_0xa4cbb70 .part L_0xa4c8730, 1, 1;
L_0xa4cc110 .part L_0xa4c86c0, 0, 1;
S_0xa382fa0 .scope module, "adder1" "add_pg_16" 7 32, 8 3 0, S_0xa374bf0;
 .timescale -9 -12;
    .port_info 0 /INPUT 16 "val1";
    .port_info 1 /INPUT 16 "val2";
    .port_info 2 /INPUT 1 "carry_in";
    .port_info 3 /OUTPUT 16 "val_out";
    .port_info 4 /OUTPUT 1 "carry_out";
    .port_info 5 /OUTPUT 1 "prop_out";
    .port_info 6 /OUTPUT 1 "gen_out";
L_0xa4d2a60 .functor AND 1, L_0xa4e1460, L_0xa4d29c0, C4<1>, C4<1>;
L_0xa4d2ad0 .functor OR 1, L_0xa4d2920, L_0xa4d2a60, C4<0>, C4<0>;
L_0xa4d6d80 .functor AND 1, L_0xa4d6b40, L_0xa4d6c30, C4<1>, C4<1>;
L_0xa4d6e40 .functor OR 1, L_0xa4d6a00, L_0xa4d6d80, C4<0>, C4<0>;
L_0xa4dadc0 .functor AND 1, L_0xa4daf70, L_0xa4db010, C4<1>, C4<1>;
L_0xa4db190 .functor OR 1, L_0xa4daed0, L_0xa4dadc0, C4<0>, C4<0>;
L_0xa4df970 .functor AND 1, L_0xa4df720, L_0xa4dfa40, C4<1>, C4<1>;
L_0xa4dfc10 .functor OR 1, L_0xa4df8d0, L_0xa4df970, C4<0>, C4<0>;
L_0xa4e02a0 .functor AND 1, L_0xa4e0100, L_0xa4e0010, C4<1>, C4<1>;
L_0xa4e0360 .functor OR 1, L_0xa4dfae0, L_0xa4e02a0, C4<0>, C4<0>;
L_0xa4e0730 .functor AND 1, L_0xa4e0470, L_0xa4e01a0, C4<1>, C4<1>;
L_0xa4e0620 .functor AND 1, L_0xa4e0730, L_0xa4e07a0, C4<1>, C4<1>;
L_0xa4e0ae0 .functor OR 1, L_0xa4e0360, L_0xa4e0620, C4<0>, C4<0>;
L_0xa4e0950 .functor AND 1, L_0xa4e0bf0, L_0xa4e0c90, C4<1>, C4<1>;
L_0xa4e0a70 .functor AND 1, L_0xa4e0950, L_0xa4e0e60, C4<1>, C4<1>;
L_0xa4e0d30 .functor AND 1, L_0xa4e0a70, L_0xa4e0fa0, C4<1>, C4<1>;
L_0xa4e1210 .functor OR 1, L_0xa4e0ae0, L_0xa4e0d30, C4<0>, C4<0>;
v0xa38f370_0 .net *"_ivl_101", 0 0, L_0xa4dfae0;  1 drivers
v0xa38f410_0 .net *"_ivl_103", 0 0, L_0xa4e0100;  1 drivers
v0xa38f4b0_0 .net *"_ivl_105", 0 0, L_0xa4e0010;  1 drivers
v0xa38f550_0 .net *"_ivl_106", 0 0, L_0xa4e02a0;  1 drivers
v0xa38f5f0_0 .net *"_ivl_108", 0 0, L_0xa4e0360;  1 drivers
v0xa38f690_0 .net *"_ivl_111", 0 0, L_0xa4e0470;  1 drivers
v0xa38f730_0 .net *"_ivl_113", 0 0, L_0xa4e01a0;  1 drivers
v0xa38f7d0_0 .net *"_ivl_114", 0 0, L_0xa4e0730;  1 drivers
v0xa38f870_0 .net *"_ivl_117", 0 0, L_0xa4e07a0;  1 drivers
v0xa38f910_0 .net *"_ivl_118", 0 0, L_0xa4e0620;  1 drivers
v0xa38f9b0_0 .net *"_ivl_120", 0 0, L_0xa4e0ae0;  1 drivers
v0xa38fa50_0 .net *"_ivl_123", 0 0, L_0xa4e0bf0;  1 drivers
v0xa38faf0_0 .net *"_ivl_125", 0 0, L_0xa4e0c90;  1 drivers
v0xa38fb90_0 .net *"_ivl_126", 0 0, L_0xa4e0950;  1 drivers
v0xa38fc30_0 .net *"_ivl_129", 0 0, L_0xa4e0e60;  1 drivers
v0xa38fcd0_0 .net *"_ivl_13", 0 0, L_0xa4d2920;  1 drivers
v0xa38fd70_0 .net *"_ivl_130", 0 0, L_0xa4e0a70;  1 drivers
v0xa38fe10_0 .net *"_ivl_133", 0 0, L_0xa4e0fa0;  1 drivers
v0xa38feb0_0 .net *"_ivl_134", 0 0, L_0xa4e0d30;  1 drivers
v0xa38ff50_0 .net *"_ivl_15", 0 0, L_0xa4d29c0;  1 drivers
v0xa38fff0_0 .net *"_ivl_16", 0 0, L_0xa4d2a60;  1 drivers
v0xa390090_0 .net *"_ivl_18", 0 0, L_0xa4d2ad0;  1 drivers
v0xa390130_0 .net *"_ivl_35", 0 0, L_0xa4d6a00;  1 drivers
v0xa3901d0_0 .net *"_ivl_37", 0 0, L_0xa4d6b40;  1 drivers
v0xa390270_0 .net *"_ivl_39", 0 0, L_0xa4d6c30;  1 drivers
v0xa390310_0 .net *"_ivl_40", 0 0, L_0xa4d6d80;  1 drivers
v0xa3903b0_0 .net *"_ivl_42", 0 0, L_0xa4d6e40;  1 drivers
v0xa390450_0 .net *"_ivl_59", 0 0, L_0xa4daed0;  1 drivers
v0xa3904f0_0 .net *"_ivl_61", 0 0, L_0xa4daf70;  1 drivers
v0xa390590_0 .net *"_ivl_63", 0 0, L_0xa4db010;  1 drivers
v0xa390630_0 .net *"_ivl_64", 0 0, L_0xa4dadc0;  1 drivers
v0xa3906d0_0 .net *"_ivl_66", 0 0, L_0xa4db190;  1 drivers
v0xa390770_0 .net *"_ivl_87", 0 0, L_0xa4df8d0;  1 drivers
v0xa390810_0 .net *"_ivl_89", 0 0, L_0xa4df720;  1 drivers
v0xa3908b0_0 .net *"_ivl_91", 0 0, L_0xa4dfa40;  1 drivers
v0xa390950_0 .net *"_ivl_92", 0 0, L_0xa4df970;  1 drivers
v0xa3909f0_0 .net *"_ivl_94", 0 0, L_0xa4dfc10;  1 drivers
v0xa390a90_0 .net "carry", 3 0, L_0xa4df360;  1 drivers
v0xa390b30_0 .net "carry_in", 0 0, L_0xa4e1460;  1 drivers
RS_0x7f41ebecc868 .resolv tri, L_0xa4dd9e0, L_0xa4dfdc0;
v0xa390bd0_0 .net8 "carry_out", 0 0, RS_0x7f41ebecc868;  2 drivers
v0xa390c70_0 .net "gen", 3 0, L_0xa4df500;  1 drivers
v0xa390d10_0 .net "gen_out", 0 0, L_0xa4e1210;  1 drivers
v0xa390db0_0 .net "prop", 3 0, L_0xa4df130;  1 drivers
v0xa390e50_0 .net "prop_out", 0 0, L_0xa4dff70;  1 drivers
v0xa390ef0_0 .net "val1", 15 0, L_0xa4e1320;  1 drivers
v0xa390f90_0 .net "val2", 15 0, L_0xa4e13c0;  1 drivers
v0xa391030_0 .net "val_out", 15 0, L_0xa4df270;  1 drivers
L_0xa4d27e0 .part L_0xa4e1320, 0, 4;
L_0xa4d2880 .part L_0xa4e13c0, 0, 4;
L_0xa4d2920 .part L_0xa4df500, 0, 1;
L_0xa4d29c0 .part L_0xa4df130, 0, 1;
L_0xa4d6780 .part L_0xa4e1320, 4, 4;
L_0xa4d6870 .part L_0xa4e13c0, 4, 4;
L_0xa4d6960 .part L_0xa4df360, 0, 1;
L_0xa4d6a00 .part L_0xa4df500, 1, 1;
L_0xa4d6b40 .part L_0xa4df360, 0, 1;
L_0xa4d6c30 .part L_0xa4df130, 1, 1;
L_0xa4dac80 .part L_0xa4e1320, 8, 4;
L_0xa4dad20 .part L_0xa4e13c0, 8, 4;
L_0xa4dae30 .part L_0xa4df360, 1, 1;
L_0xa4daed0 .part L_0xa4df500, 2, 1;
L_0xa4daf70 .part L_0xa4df360, 1, 1;
L_0xa4db010 .part L_0xa4df130, 2, 1;
L_0xa4deff0 .part L_0xa4e1320, 12, 4;
L_0xa4df090 .part L_0xa4e13c0, 12, 4;
L_0xa4df1d0 .part L_0xa4df360, 2, 1;
L_0xa4df270 .concat8 [ 4 4 4 4], L_0xa4d0b90, L_0xa4d4c70, L_0xa4d9030, L_0xa4dd330;
L_0xa4df130 .concat8 [ 1 1 1 1], L_0xa4d13f0, L_0xa4d54d0, L_0xa4d9890, L_0xa4ddb90;
L_0xa4df500 .concat8 [ 1 1 1 1], L_0xa4d2300, L_0xa4d62f0, L_0xa4da7a0, L_0xa4deb10;
L_0xa4df360 .concat8 [ 1 1 1 1], L_0xa4d2ad0, L_0xa4d6e40, L_0xa4db190, L_0xa4dfc10;
L_0xa4df8d0 .part L_0xa4df500, 3, 1;
L_0xa4df720 .part L_0xa4df360, 2, 1;
L_0xa4dfa40 .part L_0xa4df130, 3, 1;
L_0xa4dfdc0 .part L_0xa4df360, 3, 1;
L_0xa4dff70 .reduce/and L_0xa4df130;
L_0xa4dfae0 .part L_0xa4df500, 3, 1;
L_0xa4e0100 .part L_0xa4df130, 3, 1;
L_0xa4e0010 .part L_0xa4df500, 2, 1;
L_0xa4e0470 .part L_0xa4df130, 3, 1;
L_0xa4e01a0 .part L_0xa4df130, 2, 1;
L_0xa4e07a0 .part L_0xa4df500, 1, 1;
L_0xa4e0bf0 .part L_0xa4df130, 3, 1;
L_0xa4e0c90 .part L_0xa4df130, 2, 1;
L_0xa4e0e60 .part L_0xa4df130, 1, 1;
L_0xa4e0fa0 .part L_0xa4df500, 0, 1;
S_0xa383220 .scope module, "adder0" "add_pg_4" 8 18, 9 3 0, S_0xa382fa0;
 .timescale -9 -12;
    .port_info 0 /INPUT 4 "val1";
    .port_info 1 /INPUT 4 "val2";
    .port_info 2 /INPUT 1 "carry_in";
    .port_info 3 /OUTPUT 4 "val_out";
    .port_info 4 /OUTPUT 1 "carry_out";
    .port_info 5 /OUTPUT 1 "prop_out";
    .port_info 6 /OUTPUT 1 "gen_out";
L_0xa4ceb90 .functor AND 4, L_0xa4d27e0, L_0xa4d2880, C4<1111>, C4<1111>;
L_0xa4cec00 .functor XOR 4, L_0xa4d27e0, L_0xa4d2880, C4<0000>, C4<0000>;
L_0xa4ceef0 .functor AND 1, L_0xa4e1460, L_0xa4cee00, C4<1>, C4<1>;
L_0xa4cf000 .functor OR 1, L_0xa4ced10, L_0xa4ceef0, C4<0>, C4<0>;
L_0xa4cf2f0 .functor AND 1, L_0xa4cf1b0, L_0xa4cf250, C4<1>, C4<1>;
L_0xa4cf400 .functor OR 1, L_0xa4cf110, L_0xa4cf2f0, C4<0>, C4<0>;
L_0xa4cf740 .functor AND 1, L_0xa4cf5b0, L_0xa4cf650, C4<1>, C4<1>;
L_0xa4cf800 .functor OR 1, L_0xa4cf510, L_0xa4cf740, C4<0>, C4<0>;
L_0xa4cfd40 .functor AND 1, L_0xa4cfb90, L_0xa4cfc30, C4<1>, C4<1>;
L_0xa4cfdb0 .functor OR 1, L_0xa4cfaf0, L_0xa4cfd40, C4<0>, C4<0>;
L_0xa4cfcd0 .functor XOR 1, L_0xa4cff10, L_0xa4cffb0, C4<0>, C4<0>;
L_0xa4d00a0 .functor XOR 1, L_0xa4cfcd0, L_0xa4e1460, C4<0>, C4<0>;
L_0xa4d04c0 .functor XOR 1, L_0xa4d01d0, L_0xa4d0300, C4<0>, C4<0>;
L_0xa4d05d0 .functor XOR 1, L_0xa4d04c0, L_0xa4d0530, C4<0>, C4<0>;
L_0xa4d0160 .functor XOR 1, L_0xa4d06e0, L_0xa4d0820, C4<0>, C4<0>;
L_0xa4d0780 .functor XOR 1, L_0xa4d0160, L_0xa4d0910, C4<0>, C4<0>;
L_0xa4d0e80 .functor XOR 1, L_0xa4d0d20, L_0xa4d09b0, C4<0>, C4<0>;
L_0xa4d0dc0 .functor XOR 1, L_0xa4d0e80, L_0xa4d0f90, C4<0>, C4<0>;
L_0xa4d0b00 .functor AND 1, L_0xa4d1570, L_0xa4d1490, C4<1>, C4<1>;
L_0xa4d17a0 .functor OR 1, L_0xa4d1030, L_0xa4d0b00, C4<0>, C4<0>;
L_0xa4d1b70 .functor AND 1, L_0xa4d11a0, L_0xa4d1610, C4<1>, C4<1>;
L_0xa4d1a70 .functor AND 1, L_0xa4d1b70, L_0xa4d1c30, C4<1>, C4<1>;
L_0xa4d18b0 .functor OR 1, L_0xa4d17a0, L_0xa4d1a70, C4<0>, C4<0>;
L_0xa4d1de0 .functor AND 1, L_0xa4d20a0, L_0xa4d2140, C4<1>, C4<1>;
L_0xa4d23d0 .functor AND 1, L_0xa4d1de0, L_0xa4d1f40, C4<1>, C4<1>;
L_0xa4d21e0 .functor AND 1, L_0xa4d23d0, L_0xa4d24e0, C4<1>, C4<1>;
L_0xa4d2300 .functor OR 1, L_0xa4d18b0, L_0xa4d21e0, C4<0>, C4<0>;
v0xa3834a0_0 .net *"_ivl_10", 0 0, L_0xa4ceef0;  1 drivers
v0xa383540_0 .net *"_ivl_103", 0 0, L_0xa4d1030;  1 drivers
v0xa3835e0_0 .net *"_ivl_105", 0 0, L_0xa4d1570;  1 drivers
v0xa383680_0 .net *"_ivl_107", 0 0, L_0xa4d1490;  1 drivers
v0xa383720_0 .net *"_ivl_108", 0 0, L_0xa4d0b00;  1 drivers
v0xa3837c0_0 .net *"_ivl_110", 0 0, L_0xa4d17a0;  1 drivers
v0xa383860_0 .net *"_ivl_113", 0 0, L_0xa4d11a0;  1 drivers
v0xa383900_0 .net *"_ivl_115", 0 0, L_0xa4d1610;  1 drivers
v0xa3839a0_0 .net *"_ivl_116", 0 0, L_0xa4d1b70;  1 drivers
v0xa383a40_0 .net *"_ivl_119", 0 0, L_0xa4d1c30;  1 drivers
v0xa383ae0_0 .net *"_ivl_12", 0 0, L_0xa4cf000;  1 drivers
v0xa383b80_0 .net *"_ivl_120", 0 0, L_0xa4d1a70;  1 drivers
v0xa383c20_0 .net *"_ivl_122", 0 0, L_0xa4d18b0;  1 drivers
v0xa383cc0_0 .net *"_ivl_125", 0 0, L_0xa4d20a0;  1 drivers
v0xa383d60_0 .net *"_ivl_127", 0 0, L_0xa4d2140;  1 drivers
v0xa383e00_0 .net *"_ivl_128", 0 0, L_0xa4d1de0;  1 drivers
v0xa383ea0_0 .net *"_ivl_131", 0 0, L_0xa4d1f40;  1 drivers
v0xa383f40_0 .net *"_ivl_132", 0 0, L_0xa4d23d0;  1 drivers
v0xa383fe0_0 .net *"_ivl_135", 0 0, L_0xa4d24e0;  1 drivers
v0xa384080_0 .net *"_ivl_136", 0 0, L_0xa4d21e0;  1 drivers
v0xa384120_0 .net *"_ivl_17", 0 0, L_0xa4cf110;  1 drivers
v0xa3841c0_0 .net *"_ivl_19", 0 0, L_0xa4cf1b0;  1 drivers
v0xa384260_0 .net *"_ivl_21", 0 0, L_0xa4cf250;  1 drivers
v0xa384300_0 .net *"_ivl_22", 0 0, L_0xa4cf2f0;  1 drivers
v0xa3843a0_0 .net *"_ivl_24", 0 0, L_0xa4cf400;  1 drivers
v0xa384440_0 .net *"_ivl_29", 0 0, L_0xa4cf510;  1 drivers
v0xa3844e0_0 .net *"_ivl_31", 0 0, L_0xa4cf5b0;  1 drivers
v0xa384580_0 .net *"_ivl_33", 0 0, L_0xa4cf650;  1 drivers
v0xa384620_0 .net *"_ivl_34", 0 0, L_0xa4cf740;  1 drivers
v0xa3846c0_0 .net *"_ivl_36", 0 0, L_0xa4cf800;  1 drivers
v0xa384760_0 .net *"_ivl_42", 0 0, L_0xa4cfaf0;  1 drivers
v0xa384800_0 .net *"_ivl_44", 0 0, L_0xa4cfb90;  1 drivers
v0xa3848a0_0 .net *"_ivl_46", 0 0, L_0xa4cfc30;  1 drivers
v0xa384b50_0 .net *"_ivl_47", 0 0, L_0xa4cfd40;  1 drivers
v0xa384bf0_0 .net *"_ivl_49", 0 0, L_0xa4cfdb0;  1 drivers
v0xa384c90_0 .net *"_ivl_54", 0 0, L_0xa4cff10;  1 drivers
v0xa384d30_0 .net *"_ivl_56", 0 0, L_0xa4cffb0;  1 drivers
v0xa384dd0_0 .net *"_ivl_57", 0 0, L_0xa4cfcd0;  1 drivers
v0xa384e70_0 .net *"_ivl_59", 0 0, L_0xa4d00a0;  1 drivers
v0xa384f10_0 .net *"_ivl_64", 0 0, L_0xa4d01d0;  1 drivers
v0xa384fb0_0 .net *"_ivl_66", 0 0, L_0xa4d0300;  1 drivers
v0xa385050_0 .net *"_ivl_67", 0 0, L_0xa4d04c0;  1 drivers
v0xa3850f0_0 .net *"_ivl_7", 0 0, L_0xa4ced10;  1 drivers
v0xa385190_0 .net *"_ivl_70", 0 0, L_0xa4d0530;  1 drivers
v0xa385230_0 .net *"_ivl_71", 0 0, L_0xa4d05d0;  1 drivers
v0xa3852d0_0 .net *"_ivl_76", 0 0, L_0xa4d06e0;  1 drivers
v0xa385370_0 .net *"_ivl_78", 0 0, L_0xa4d0820;  1 drivers
v0xa385410_0 .net *"_ivl_79", 0 0, L_0xa4d0160;  1 drivers
v0xa3854b0_0 .net *"_ivl_82", 0 0, L_0xa4d0910;  1 drivers
v0xa385550_0 .net *"_ivl_83", 0 0, L_0xa4d0780;  1 drivers
v0xa3855f0_0 .net *"_ivl_89", 0 0, L_0xa4d0d20;  1 drivers
v0xa385690_0 .net *"_ivl_9", 0 0, L_0xa4cee00;  1 drivers
v0xa385730_0 .net *"_ivl_91", 0 0, L_0xa4d09b0;  1 drivers
v0xa3857d0_0 .net *"_ivl_92", 0 0, L_0xa4d0e80;  1 drivers
v0xa385870_0 .net *"_ivl_95", 0 0, L_0xa4d0f90;  1 drivers
v0xa385910_0 .net *"_ivl_96", 0 0, L_0xa4d0dc0;  1 drivers
v0xa3859b0_0 .net "carry", 3 0, L_0xa4cf960;  1 drivers
v0xa385a50_0 .net "carry_in", 0 0, L_0xa4e1460;  alias, 1 drivers
v0xa385af0_0 .net "carry_out", 0 0, L_0xa4d1240;  1 drivers
v0xa385b90_0 .net "gen", 3 0, L_0xa4ceb90;  1 drivers
v0xa385c30_0 .net "gen_out", 0 0, L_0xa4d2300;  1 drivers
v0xa385cd0_0 .net "prop", 3 0, L_0xa4cec00;  1 drivers
v0xa385d70_0 .net "prop_out", 0 0, L_0xa4d13f0;  1 drivers
v0xa385e10_0 .net "val1", 3 0, L_0xa4d27e0;  1 drivers
v0xa385eb0_0 .net "val2", 3 0, L_0xa4d2880;  1 drivers
v0xa386360_0 .net "val_out", 3 0, L_0xa4d0b90;  1 drivers
L_0xa4ced10 .part L_0xa4ceb90, 0, 1;
L_0xa4cee00 .part L_0xa4cec00, 0, 1;
L_0xa4cf110 .part L_0xa4ceb90, 1, 1;
L_0xa4cf1b0 .part L_0xa4cf960, 0, 1;
L_0xa4cf250 .part L_0xa4cec00, 1, 1;
L_0xa4cf510 .part L_0xa4ceb90, 2, 1;
L_0xa4cf5b0 .part L_0xa4cf960, 1, 1;
L_0xa4cf650 .part L_0xa4cec00, 2, 1;
L_0xa4cf960 .concat8 [ 1 1 1 1], L_0xa4cf000, L_0xa4cf400, L_0xa4cf800, L_0xa4cfdb0;
L_0xa4cfaf0 .part L_0xa4ceb90, 3, 1;
L_0xa4cfb90 .part L_0xa4cf960, 2, 1;
L_0xa4cfc30 .part L_0xa4cec00, 3, 1;
L_0xa4cff10 .part L_0xa4d27e0, 0, 1;
L_0xa4cffb0 .part L_0xa4d2880, 0, 1;
L_0xa4d01d0 .part L_0xa4d27e0, 1, 1;
L_0xa4d0300 .part L_0xa4d2880, 1, 1;
L_0xa4d0530 .part L_0xa4cf960, 0, 1;
L_0xa4d06e0 .part L_0xa4d27e0, 2, 1;
L_0xa4d0820 .part L_0xa4d2880, 2, 1;
L_0xa4d0910 .part L_0xa4cf960, 1, 1;
L_0xa4d0b90 .concat8 [ 1 1 1 1], L_0xa4d00a0, L_0xa4d05d0, L_0xa4d0780, L_0xa4d0dc0;
L_0xa4d0d20 .part L_0xa4d27e0, 3, 1;
L_0xa4d09b0 .part L_0xa4d2880, 3, 1;
L_0xa4d0f90 .part L_0xa4cf960, 2, 1;
L_0xa4d1240 .part L_0xa4cf960, 3, 1;
L_0xa4d13f0 .reduce/and L_0xa4cec00;
L_0xa4d1030 .part L_0xa4ceb90, 3, 1;
L_0xa4d1570 .part L_0xa4cec00, 3, 1;
L_0xa4d1490 .part L_0xa4ceb90, 2, 1;
L_0xa4d11a0 .part L_0xa4cec00, 3, 1;
L_0xa4d1610 .part L_0xa4cec00, 2, 1;
L_0xa4d1c30 .part L_0xa4ceb90, 1, 1;
L_0xa4d20a0 .part L_0xa4cec00, 3, 1;
L_0xa4d2140 .part L_0xa4cec00, 2, 1;
L_0xa4d1f40 .part L_0xa4cec00, 1, 1;
L_0xa4d24e0 .part L_0xa4ceb90, 0, 1;
S_0xa386400 .scope module, "adder1" "add_pg_4" 8 32, 9 3 0, S_0xa382fa0;
 .timescale -9 -12;
    .port_info 0 /INPUT 4 "val1";
    .port_info 1 /INPUT 4 "val2";
    .port_info 2 /INPUT 1 "carry_in";
    .port_info 3 /OUTPUT 4 "val_out";
    .port_info 4 /OUTPUT 1 "carry_out";
    .port_info 5 /OUTPUT 1 "prop_out";
    .port_info 6 /OUTPUT 1 "gen_out";
L_0xa4d2be0 .functor AND 4, L_0xa4d6780, L_0xa4d6870, C4<1111>, C4<1111>;
L_0xa4d2c50 .functor XOR 4, L_0xa4d6780, L_0xa4d6870, C4<0000>, C4<0000>;
L_0xa4d2f40 .functor AND 1, L_0xa4d6960, L_0xa4d2e50, C4<1>, C4<1>;
L_0xa4d3000 .functor OR 1, L_0xa4d2d60, L_0xa4d2f40, C4<0>, C4<0>;
L_0xa4d32f0 .functor AND 1, L_0xa4d31b0, L_0xa4d3250, C4<1>, C4<1>;
L_0xa4d3400 .functor OR 1, L_0xa4d3110, L_0xa4d32f0, C4<0>, C4<0>;
L_0xa4d3740 .functor AND 1, L_0xa4d35b0, L_0xa4d3650, C4<1>, C4<1>;
L_0xa4d3800 .functor OR 1, L_0xa4d3510, L_0xa4d3740, C4<0>, C4<0>;
L_0xa4d3dd0 .functor AND 1, L_0xa4d3b90, L_0xa4d3cc0, C4<1>, C4<1>;
L_0xa4d3e40 .functor OR 1, L_0xa4d3af0, L_0xa4d3dd0, C4<0>, C4<0>;
L_0xa4d3d60 .functor XOR 1, L_0xa4d3fa0, L_0xa4d4040, C4<0>, C4<0>;
L_0xa4d4130 .functor XOR 1, L_0xa4d3d60, L_0xa4d6960, C4<0>, C4<0>;
L_0xa4d45a0 .functor XOR 1, L_0xa4d42b0, L_0xa4d43e0, C4<0>, C4<0>;
L_0xa4d46b0 .functor XOR 1, L_0xa4d45a0, L_0xa4d4610, C4<0>, C4<0>;
L_0xa4d4240 .functor XOR 1, L_0xa4d47c0, L_0xa4d4900, C4<0>, C4<0>;
L_0xa4d4860 .functor XOR 1, L_0xa4d4240, L_0xa4d49f0, C4<0>, C4<0>;
L_0xa4d4f60 .functor XOR 1, L_0xa4d4e00, L_0xa4d4a90, C4<0>, C4<0>;
L_0xa4d4ea0 .functor XOR 1, L_0xa4d4f60, L_0xa4d5070, C4<0>, C4<0>;
L_0xa4d4be0 .functor AND 1, L_0xa4d5650, L_0xa4d5570, C4<1>, C4<1>;
L_0xa4d5880 .functor OR 1, L_0xa4d5110, L_0xa4d4be0, C4<0>, C4<0>;
L_0xa4d5c50 .functor AND 1, L_0xa4d5280, L_0xa4d56f0, C4<1>, C4<1>;
L_0xa4d5b50 .functor AND 1, L_0xa4d5c50, L_0xa4d5d10, C4<1>, C4<1>;
L_0xa4b5fb0 .functor OR 1, L_0xa4d5880, L_0xa4d5b50, C4<0>, C4<0>;
L_0xa4d5ec0 .functor AND 1, L_0xa4d6090, L_0xa4d6130, C4<1>, C4<1>;
L_0xa4d63c0 .functor AND 1, L_0xa4d5ec0, L_0xa4d5fd0, C4<1>, C4<1>;
L_0xa4d61d0 .functor AND 1, L_0xa4d63c0, L_0xa4d6480, C4<1>, C4<1>;
L_0xa4d62f0 .functor OR 1, L_0xa4b5fb0, L_0xa4d61d0, C4<0>, C4<0>;
v0xa386680_0 .net *"_ivl_10", 0 0, L_0xa4d2f40;  1 drivers
v0xa386720_0 .net *"_ivl_103", 0 0, L_0xa4d5110;  1 drivers
v0xa3867c0_0 .net *"_ivl_105", 0 0, L_0xa4d5650;  1 drivers
v0xa386860_0 .net *"_ivl_107", 0 0, L_0xa4d5570;  1 drivers
v0xa386900_0 .net *"_ivl_108", 0 0, L_0xa4d4be0;  1 drivers
v0xa3869a0_0 .net *"_ivl_110", 0 0, L_0xa4d5880;  1 drivers
v0xa386a40_0 .net *"_ivl_113", 0 0, L_0xa4d5280;  1 drivers
v0xa386ae0_0 .net *"_ivl_115", 0 0, L_0xa4d56f0;  1 drivers
v0xa386b80_0 .net *"_ivl_116", 0 0, L_0xa4d5c50;  1 drivers
v0xa386c20_0 .net *"_ivl_119", 0 0, L_0xa4d5d10;  1 drivers
v0xa386cc0_0 .net *"_ivl_12", 0 0, L_0xa4d3000;  1 drivers
v0xa386d60_0 .net *"_ivl_120", 0 0, L_0xa4d5b50;  1 drivers
v0xa386e00_0 .net *"_ivl_122", 0 0, L_0xa4b5fb0;  1 drivers
v0xa386ea0_0 .net *"_ivl_125", 0 0, L_0xa4d6090;  1 drivers
v0xa386f40_0 .net *"_ivl_127", 0 0, L_0xa4d6130;  1 drivers
v0xa386fe0_0 .net *"_ivl_128", 0 0, L_0xa4d5ec0;  1 drivers
v0xa387080_0 .net *"_ivl_131", 0 0, L_0xa4d5fd0;  1 drivers
v0xa387120_0 .net *"_ivl_132", 0 0, L_0xa4d63c0;  1 drivers
v0xa3871c0_0 .net *"_ivl_135", 0 0, L_0xa4d6480;  1 drivers
v0xa387260_0 .net *"_ivl_136", 0 0, L_0xa4d61d0;  1 drivers
v0xa387300_0 .net *"_ivl_17", 0 0, L_0xa4d3110;  1 drivers
v0xa3873a0_0 .net *"_ivl_19", 0 0, L_0xa4d31b0;  1 drivers
v0xa387440_0 .net *"_ivl_21", 0 0, L_0xa4d3250;  1 drivers
v0xa3874e0_0 .net *"_ivl_22", 0 0, L_0xa4d32f0;  1 drivers
v0xa387580_0 .net *"_ivl_24", 0 0, L_0xa4d3400;  1 drivers
v0xa387620_0 .net *"_ivl_29", 0 0, L_0xa4d3510;  1 drivers
v0xa3876c0_0 .net *"_ivl_31", 0 0, L_0xa4d35b0;  1 drivers
v0xa387760_0 .net *"_ivl_33", 0 0, L_0xa4d3650;  1 drivers
v0xa387800_0 .net *"_ivl_34", 0 0, L_0xa4d3740;  1 drivers
v0xa3878a0_0 .net *"_ivl_36", 0 0, L_0xa4d3800;  1 drivers
v0xa387940_0 .net *"_ivl_42", 0 0, L_0xa4d3af0;  1 drivers
v0xa3879e0_0 .net *"_ivl_44", 0 0, L_0xa4d3b90;  1 drivers
v0xa387a80_0 .net *"_ivl_46", 0 0, L_0xa4d3cc0;  1 drivers
v0xa387b20_0 .net *"_ivl_47", 0 0, L_0xa4d3dd0;  1 drivers
v0xa387bc0_0 .net *"_ivl_49", 0 0, L_0xa4d3e40;  1 drivers
v0xa387c60_0 .net *"_ivl_54", 0 0, L_0xa4d3fa0;  1 drivers
v0xa387d00_0 .net *"_ivl_56", 0 0, L_0xa4d4040;  1 drivers
v0xa387da0_0 .net *"_ivl_57", 0 0, L_0xa4d3d60;  1 drivers
v0xa387e40_0 .net *"_ivl_59", 0 0, L_0xa4d4130;  1 drivers
v0xa387ee0_0 .net *"_ivl_64", 0 0, L_0xa4d42b0;  1 drivers
v0xa387f80_0 .net *"_ivl_66", 0 0, L_0xa4d43e0;  1 drivers
v0xa388020_0 .net *"_ivl_67", 0 0, L_0xa4d45a0;  1 drivers
v0xa3880c0_0 .net *"_ivl_7", 0 0, L_0xa4d2d60;  1 drivers
v0xa388160_0 .net *"_ivl_70", 0 0, L_0xa4d4610;  1 drivers
v0xa388200_0 .net *"_ivl_71", 0 0, L_0xa4d46b0;  1 drivers
v0xa3882a0_0 .net *"_ivl_76", 0 0, L_0xa4d47c0;  1 drivers
v0xa388340_0 .net *"_ivl_78", 0 0, L_0xa4d4900;  1 drivers
v0xa3883e0_0 .net *"_ivl_79", 0 0, L_0xa4d4240;  1 drivers
v0xa388480_0 .net *"_ivl_82", 0 0, L_0xa4d49f0;  1 drivers
v0xa388520_0 .net *"_ivl_83", 0 0, L_0xa4d4860;  1 drivers
v0xa3885c0_0 .net *"_ivl_89", 0 0, L_0xa4d4e00;  1 drivers
v0xa388660_0 .net *"_ivl_9", 0 0, L_0xa4d2e50;  1 drivers
v0xa388700_0 .net *"_ivl_91", 0 0, L_0xa4d4a90;  1 drivers
v0xa3887a0_0 .net *"_ivl_92", 0 0, L_0xa4d4f60;  1 drivers
v0xa388840_0 .net *"_ivl_95", 0 0, L_0xa4d5070;  1 drivers
v0xa3888e0_0 .net *"_ivl_96", 0 0, L_0xa4d4ea0;  1 drivers
v0xa388980_0 .net "carry", 3 0, L_0xa4d3960;  1 drivers
v0xa388a20_0 .net "carry_in", 0 0, L_0xa4d6960;  1 drivers
v0xa388ac0_0 .net "carry_out", 0 0, L_0xa4d5320;  1 drivers
v0xa388b60_0 .net "gen", 3 0, L_0xa4d2be0;  1 drivers
v0xa388c00_0 .net "gen_out", 0 0, L_0xa4d62f0;  1 drivers
v0xa388ca0_0 .net "prop", 3 0, L_0xa4d2c50;  1 drivers
v0xa388d40_0 .net "prop_out", 0 0, L_0xa4d54d0;  1 drivers
v0xa388de0_0 .net "val1", 3 0, L_0xa4d6780;  1 drivers
v0xa388e80_0 .net "val2", 3 0, L_0xa4d6870;  1 drivers
v0xa389330_0 .net "val_out", 3 0, L_0xa4d4c70;  1 drivers
L_0xa4d2d60 .part L_0xa4d2be0, 0, 1;
L_0xa4d2e50 .part L_0xa4d2c50, 0, 1;
L_0xa4d3110 .part L_0xa4d2be0, 1, 1;
L_0xa4d31b0 .part L_0xa4d3960, 0, 1;
L_0xa4d3250 .part L_0xa4d2c50, 1, 1;
L_0xa4d3510 .part L_0xa4d2be0, 2, 1;
L_0xa4d35b0 .part L_0xa4d3960, 1, 1;
L_0xa4d3650 .part L_0xa4d2c50, 2, 1;
L_0xa4d3960 .concat8 [ 1 1 1 1], L_0xa4d3000, L_0xa4d3400, L_0xa4d3800, L_0xa4d3e40;
L_0xa4d3af0 .part L_0xa4d2be0, 3, 1;
L_0xa4d3b90 .part L_0xa4d3960, 2, 1;
L_0xa4d3cc0 .part L_0xa4d2c50, 3, 1;
L_0xa4d3fa0 .part L_0xa4d6780, 0, 1;
L_0xa4d4040 .part L_0xa4d6870, 0, 1;
L_0xa4d42b0 .part L_0xa4d6780, 1, 1;
L_0xa4d43e0 .part L_0xa4d6870, 1, 1;
L_0xa4d4610 .part L_0xa4d3960, 0, 1;
L_0xa4d47c0 .part L_0xa4d6780, 2, 1;
L_0xa4d4900 .part L_0xa4d6870, 2, 1;
L_0xa4d49f0 .part L_0xa4d3960, 1, 1;
L_0xa4d4c70 .concat8 [ 1 1 1 1], L_0xa4d4130, L_0xa4d46b0, L_0xa4d4860, L_0xa4d4ea0;
L_0xa4d4e00 .part L_0xa4d6780, 3, 1;
L_0xa4d4a90 .part L_0xa4d6870, 3, 1;
L_0xa4d5070 .part L_0xa4d3960, 2, 1;
L_0xa4d5320 .part L_0xa4d3960, 3, 1;
L_0xa4d54d0 .reduce/and L_0xa4d2c50;
L_0xa4d5110 .part L_0xa4d2be0, 3, 1;
L_0xa4d5650 .part L_0xa4d2c50, 3, 1;
L_0xa4d5570 .part L_0xa4d2be0, 2, 1;
L_0xa4d5280 .part L_0xa4d2c50, 3, 1;
L_0xa4d56f0 .part L_0xa4d2c50, 2, 1;
L_0xa4d5d10 .part L_0xa4d2be0, 1, 1;
L_0xa4d6090 .part L_0xa4d2c50, 3, 1;
L_0xa4d6130 .part L_0xa4d2c50, 2, 1;
L_0xa4d5fd0 .part L_0xa4d2c50, 1, 1;
L_0xa4d6480 .part L_0xa4d2be0, 0, 1;
S_0xa3893d0 .scope module, "adder2" "add_pg_4" 8 46, 9 3 0, S_0xa382fa0;
 .timescale -9 -12;
    .port_info 0 /INPUT 4 "val1";
    .port_info 1 /INPUT 4 "val2";
    .port_info 2 /INPUT 1 "carry_in";
    .port_info 3 /OUTPUT 4 "val_out";
    .port_info 4 /OUTPUT 1 "carry_out";
    .port_info 5 /OUTPUT 1 "prop_out";
    .port_info 6 /OUTPUT 1 "gen_out";
L_0xa4d6f50 .functor AND 4, L_0xa4dac80, L_0xa4dad20, C4<1111>, C4<1111>;
L_0xa4d6fc0 .functor XOR 4, L_0xa4dac80, L_0xa4dad20, C4<0000>, C4<0000>;
L_0xa4d72b0 .functor AND 1, L_0xa4dae30, L_0xa4d71c0, C4<1>, C4<1>;
L_0xa4d7370 .functor OR 1, L_0xa4d70d0, L_0xa4d72b0, C4<0>, C4<0>;
L_0xa4d7660 .functor AND 1, L_0xa4d7520, L_0xa4d75c0, C4<1>, C4<1>;
L_0xa4d7770 .functor OR 1, L_0xa4d7480, L_0xa4d7660, C4<0>, C4<0>;
L_0xa4d7ab0 .functor AND 1, L_0xa4d7920, L_0xa4d79c0, C4<1>, C4<1>;
L_0xa4d7b70 .functor OR 1, L_0xa4d7880, L_0xa4d7ab0, C4<0>, C4<0>;
L_0xa4d8110 .functor AND 1, L_0xa4d7f60, L_0xa4d8000, C4<1>, C4<1>;
L_0xa4d8180 .functor OR 1, L_0xa4d7e60, L_0xa4d8110, C4<0>, C4<0>;
L_0xa4d80a0 .functor XOR 1, L_0xa4d82e0, L_0xa4d8380, C4<0>, C4<0>;
L_0xa4d84f0 .functor XOR 1, L_0xa4d80a0, L_0xa4dae30, C4<0>, C4<0>;
L_0xa4d8960 .functor XOR 1, L_0xa4d8670, L_0xa4d87a0, C4<0>, C4<0>;
L_0xa4d8a70 .functor XOR 1, L_0xa4d8960, L_0xa4d89d0, C4<0>, C4<0>;
L_0xa4d8600 .functor XOR 1, L_0xa4d8b80, L_0xa4d8cc0, C4<0>, C4<0>;
L_0xa4d8c20 .functor XOR 1, L_0xa4d8600, L_0xa4d8db0, C4<0>, C4<0>;
L_0xa4d9320 .functor XOR 1, L_0xa4d91c0, L_0xa4d8e50, C4<0>, C4<0>;
L_0xa4d9260 .functor XOR 1, L_0xa4d9320, L_0xa4d9430, C4<0>, C4<0>;
L_0xa4d8fa0 .functor AND 1, L_0xa4d9a10, L_0xa4d9930, C4<1>, C4<1>;
L_0xa4d9c40 .functor OR 1, L_0xa4d94d0, L_0xa4d8fa0, C4<0>, C4<0>;
L_0xa4da010 .functor AND 1, L_0xa4d9640, L_0xa4d9ab0, C4<1>, C4<1>;
L_0xa4d9f10 .functor AND 1, L_0xa4da010, L_0xa4da0d0, C4<1>, C4<1>;
L_0xa4d9d50 .functor OR 1, L_0xa4d9c40, L_0xa4d9f10, C4<0>, C4<0>;
L_0xa4da280 .functor AND 1, L_0xa4da540, L_0xa4da5e0, C4<1>, C4<1>;
L_0xa4da870 .functor AND 1, L_0xa4da280, L_0xa4da3e0, C4<1>, C4<1>;
L_0xa4da680 .functor AND 1, L_0xa4da870, L_0xa4da980, C4<1>, C4<1>;
L_0xa4da7a0 .functor OR 1, L_0xa4d9d50, L_0xa4da680, C4<0>, C4<0>;
v0xa389650_0 .net *"_ivl_10", 0 0, L_0xa4d72b0;  1 drivers
v0xa3896f0_0 .net *"_ivl_103", 0 0, L_0xa4d94d0;  1 drivers
v0xa389790_0 .net *"_ivl_105", 0 0, L_0xa4d9a10;  1 drivers
v0xa389830_0 .net *"_ivl_107", 0 0, L_0xa4d9930;  1 drivers
v0xa3898d0_0 .net *"_ivl_108", 0 0, L_0xa4d8fa0;  1 drivers
v0xa389970_0 .net *"_ivl_110", 0 0, L_0xa4d9c40;  1 drivers
v0xa389a10_0 .net *"_ivl_113", 0 0, L_0xa4d9640;  1 drivers
v0xa389ab0_0 .net *"_ivl_115", 0 0, L_0xa4d9ab0;  1 drivers
v0xa389b50_0 .net *"_ivl_116", 0 0, L_0xa4da010;  1 drivers
v0xa389bf0_0 .net *"_ivl_119", 0 0, L_0xa4da0d0;  1 drivers
v0xa389c90_0 .net *"_ivl_12", 0 0, L_0xa4d7370;  1 drivers
v0xa389d30_0 .net *"_ivl_120", 0 0, L_0xa4d9f10;  1 drivers
v0xa389dd0_0 .net *"_ivl_122", 0 0, L_0xa4d9d50;  1 drivers
v0xa389e70_0 .net *"_ivl_125", 0 0, L_0xa4da540;  1 drivers
v0xa389f10_0 .net *"_ivl_127", 0 0, L_0xa4da5e0;  1 drivers
v0xa389fb0_0 .net *"_ivl_128", 0 0, L_0xa4da280;  1 drivers
v0xa38a050_0 .net *"_ivl_131", 0 0, L_0xa4da3e0;  1 drivers
v0xa38a0f0_0 .net *"_ivl_132", 0 0, L_0xa4da870;  1 drivers
v0xa38a190_0 .net *"_ivl_135", 0 0, L_0xa4da980;  1 drivers
v0xa38a230_0 .net *"_ivl_136", 0 0, L_0xa4da680;  1 drivers
v0xa38a2d0_0 .net *"_ivl_17", 0 0, L_0xa4d7480;  1 drivers
v0xa38a370_0 .net *"_ivl_19", 0 0, L_0xa4d7520;  1 drivers
v0xa38a410_0 .net *"_ivl_21", 0 0, L_0xa4d75c0;  1 drivers
v0xa38a4b0_0 .net *"_ivl_22", 0 0, L_0xa4d7660;  1 drivers
v0xa38a550_0 .net *"_ivl_24", 0 0, L_0xa4d7770;  1 drivers
v0xa38a5f0_0 .net *"_ivl_29", 0 0, L_0xa4d7880;  1 drivers
v0xa38a690_0 .net *"_ivl_31", 0 0, L_0xa4d7920;  1 drivers
v0xa38a730_0 .net *"_ivl_33", 0 0, L_0xa4d79c0;  1 drivers
v0xa38a7d0_0 .net *"_ivl_34", 0 0, L_0xa4d7ab0;  1 drivers
v0xa38a870_0 .net *"_ivl_36", 0 0, L_0xa4d7b70;  1 drivers
v0xa38a910_0 .net *"_ivl_42", 0 0, L_0xa4d7e60;  1 drivers
v0xa38a9b0_0 .net *"_ivl_44", 0 0, L_0xa4d7f60;  1 drivers
v0xa38aa50_0 .net *"_ivl_46", 0 0, L_0xa4d8000;  1 drivers
v0xa38aaf0_0 .net *"_ivl_47", 0 0, L_0xa4d8110;  1 drivers
v0xa38ab90_0 .net *"_ivl_49", 0 0, L_0xa4d8180;  1 drivers
v0xa38ac30_0 .net *"_ivl_54", 0 0, L_0xa4d82e0;  1 drivers
v0xa38acd0_0 .net *"_ivl_56", 0 0, L_0xa4d8380;  1 drivers
v0xa38ad70_0 .net *"_ivl_57", 0 0, L_0xa4d80a0;  1 drivers
v0xa38ae10_0 .net *"_ivl_59", 0 0, L_0xa4d84f0;  1 drivers
v0xa38aeb0_0 .net *"_ivl_64", 0 0, L_0xa4d8670;  1 drivers
v0xa38af50_0 .net *"_ivl_66", 0 0, L_0xa4d87a0;  1 drivers
v0xa38aff0_0 .net *"_ivl_67", 0 0, L_0xa4d8960;  1 drivers
v0xa38b090_0 .net *"_ivl_7", 0 0, L_0xa4d70d0;  1 drivers
v0xa38b130_0 .net *"_ivl_70", 0 0, L_0xa4d89d0;  1 drivers
v0xa38b1d0_0 .net *"_ivl_71", 0 0, L_0xa4d8a70;  1 drivers
v0xa38b270_0 .net *"_ivl_76", 0 0, L_0xa4d8b80;  1 drivers
v0xa38b310_0 .net *"_ivl_78", 0 0, L_0xa4d8cc0;  1 drivers
v0xa38b3b0_0 .net *"_ivl_79", 0 0, L_0xa4d8600;  1 drivers
v0xa38b450_0 .net *"_ivl_82", 0 0, L_0xa4d8db0;  1 drivers
v0xa38b4f0_0 .net *"_ivl_83", 0 0, L_0xa4d8c20;  1 drivers
v0xa38b590_0 .net *"_ivl_89", 0 0, L_0xa4d91c0;  1 drivers
v0xa38b630_0 .net *"_ivl_9", 0 0, L_0xa4d71c0;  1 drivers
v0xa38b6d0_0 .net *"_ivl_91", 0 0, L_0xa4d8e50;  1 drivers
v0xa38b770_0 .net *"_ivl_92", 0 0, L_0xa4d9320;  1 drivers
v0xa38b810_0 .net *"_ivl_95", 0 0, L_0xa4d9430;  1 drivers
v0xa38b8b0_0 .net *"_ivl_96", 0 0, L_0xa4d9260;  1 drivers
v0xa38b950_0 .net "carry", 3 0, L_0xa4d7cd0;  1 drivers
v0xa38b9f0_0 .net "carry_in", 0 0, L_0xa4dae30;  1 drivers
v0xa38ba90_0 .net "carry_out", 0 0, L_0xa4d96e0;  1 drivers
v0xa38bb30_0 .net "gen", 3 0, L_0xa4d6f50;  1 drivers
v0xa38bbd0_0 .net "gen_out", 0 0, L_0xa4da7a0;  1 drivers
v0xa38bc70_0 .net "prop", 3 0, L_0xa4d6fc0;  1 drivers
v0xa38bd10_0 .net "prop_out", 0 0, L_0xa4d9890;  1 drivers
v0xa38bdb0_0 .net "val1", 3 0, L_0xa4dac80;  1 drivers
v0xa38be50_0 .net "val2", 3 0, L_0xa4dad20;  1 drivers
v0xa38c300_0 .net "val_out", 3 0, L_0xa4d9030;  1 drivers
L_0xa4d70d0 .part L_0xa4d6f50, 0, 1;
L_0xa4d71c0 .part L_0xa4d6fc0, 0, 1;
L_0xa4d7480 .part L_0xa4d6f50, 1, 1;
L_0xa4d7520 .part L_0xa4d7cd0, 0, 1;
L_0xa4d75c0 .part L_0xa4d6fc0, 1, 1;
L_0xa4d7880 .part L_0xa4d6f50, 2, 1;
L_0xa4d7920 .part L_0xa4d7cd0, 1, 1;
L_0xa4d79c0 .part L_0xa4d6fc0, 2, 1;
L_0xa4d7cd0 .concat8 [ 1 1 1 1], L_0xa4d7370, L_0xa4d7770, L_0xa4d7b70, L_0xa4d8180;
L_0xa4d7e60 .part L_0xa4d6f50, 3, 1;
L_0xa4d7f60 .part L_0xa4d7cd0, 2, 1;
L_0xa4d8000 .part L_0xa4d6fc0, 3, 1;
L_0xa4d82e0 .part L_0xa4dac80, 0, 1;
L_0xa4d8380 .part L_0xa4dad20, 0, 1;
L_0xa4d8670 .part L_0xa4dac80, 1, 1;
L_0xa4d87a0 .part L_0xa4dad20, 1, 1;
L_0xa4d89d0 .part L_0xa4d7cd0, 0, 1;
L_0xa4d8b80 .part L_0xa4dac80, 2, 1;
L_0xa4d8cc0 .part L_0xa4dad20, 2, 1;
L_0xa4d8db0 .part L_0xa4d7cd0, 1, 1;
L_0xa4d9030 .concat8 [ 1 1 1 1], L_0xa4d84f0, L_0xa4d8a70, L_0xa4d8c20, L_0xa4d9260;
L_0xa4d91c0 .part L_0xa4dac80, 3, 1;
L_0xa4d8e50 .part L_0xa4dad20, 3, 1;
L_0xa4d9430 .part L_0xa4d7cd0, 2, 1;
L_0xa4d96e0 .part L_0xa4d7cd0, 3, 1;
L_0xa4d9890 .reduce/and L_0xa4d6fc0;
L_0xa4d94d0 .part L_0xa4d6f50, 3, 1;
L_0xa4d9a10 .part L_0xa4d6fc0, 3, 1;
L_0xa4d9930 .part L_0xa4d6f50, 2, 1;
L_0xa4d9640 .part L_0xa4d6fc0, 3, 1;
L_0xa4d9ab0 .part L_0xa4d6fc0, 2, 1;
L_0xa4da0d0 .part L_0xa4d6f50, 1, 1;
L_0xa4da540 .part L_0xa4d6fc0, 3, 1;
L_0xa4da5e0 .part L_0xa4d6fc0, 2, 1;
L_0xa4da3e0 .part L_0xa4d6fc0, 1, 1;
L_0xa4da980 .part L_0xa4d6f50, 0, 1;
S_0xa38c3a0 .scope module, "adder3" "add_pg_4" 8 60, 9 3 0, S_0xa382fa0;
 .timescale -9 -12;
    .port_info 0 /INPUT 4 "val1";
    .port_info 1 /INPUT 4 "val2";
    .port_info 2 /INPUT 1 "carry_in";
    .port_info 3 /OUTPUT 4 "val_out";
    .port_info 4 /OUTPUT 1 "carry_out";
    .port_info 5 /OUTPUT 1 "prop_out";
    .port_info 6 /OUTPUT 1 "gen_out";
L_0xa4db2a0 .functor AND 4, L_0xa4deff0, L_0xa4df090, C4<1111>, C4<1111>;
L_0xa4db310 .functor XOR 4, L_0xa4deff0, L_0xa4df090, C4<0000>, C4<0000>;
L_0xa4db600 .functor AND 1, L_0xa4df1d0, L_0xa4db510, C4<1>, C4<1>;
L_0xa4db6c0 .functor OR 1, L_0xa4db420, L_0xa4db600, C4<0>, C4<0>;
L_0xa4db9b0 .functor AND 1, L_0xa4db870, L_0xa4db910, C4<1>, C4<1>;
L_0xa4dbac0 .functor OR 1, L_0xa4db7d0, L_0xa4db9b0, C4<0>, C4<0>;
L_0xa4dbe00 .functor AND 1, L_0xa4dbc70, L_0xa4dbd10, C4<1>, C4<1>;
L_0xa4dbec0 .functor OR 1, L_0xa4dbbd0, L_0xa4dbe00, C4<0>, C4<0>;
L_0xa4dc490 .functor AND 1, L_0xa4dc250, L_0xa4dc380, C4<1>, C4<1>;
L_0xa4dc500 .functor OR 1, L_0xa4dc1b0, L_0xa4dc490, C4<0>, C4<0>;
L_0xa4dc420 .functor XOR 1, L_0xa4dc660, L_0xa4dc700, C4<0>, C4<0>;
L_0xa4dc7f0 .functor XOR 1, L_0xa4dc420, L_0xa4df1d0, C4<0>, C4<0>;
L_0xa4dcc60 .functor XOR 1, L_0xa4dc970, L_0xa4dcaa0, C4<0>, C4<0>;
L_0xa4dcd70 .functor XOR 1, L_0xa4dcc60, L_0xa4dccd0, C4<0>, C4<0>;
L_0xa4dc900 .functor XOR 1, L_0xa4dce80, L_0xa4dcfc0, C4<0>, C4<0>;
L_0xa4dcf20 .functor XOR 1, L_0xa4dc900, L_0xa4dd0b0, C4<0>, C4<0>;
L_0xa4dd620 .functor XOR 1, L_0xa4dd4c0, L_0xa4dd150, C4<0>, C4<0>;
L_0xa4dd560 .functor XOR 1, L_0xa4dd620, L_0xa4dd730, C4<0>, C4<0>;
L_0xa4ddea0 .functor AND 1, L_0xa4ddd10, L_0xa4ddc30, C4<1>, C4<1>;
L_0xa4ddfb0 .functor OR 1, L_0xa4dd7d0, L_0xa4ddea0, C4<0>, C4<0>;
L_0xa4de380 .functor AND 1, L_0xa4dd940, L_0xa4dddb0, C4<1>, C4<1>;
L_0xa4de280 .functor AND 1, L_0xa4de380, L_0xa4de440, C4<1>, C4<1>;
L_0xa4de0c0 .functor OR 1, L_0xa4ddfb0, L_0xa4de280, C4<0>, C4<0>;
L_0xa4de5f0 .functor AND 1, L_0xa4de8b0, L_0xa4de950, C4<1>, C4<1>;
L_0xa4debe0 .functor AND 1, L_0xa4de5f0, L_0xa4de750, C4<1>, C4<1>;
L_0xa4de9f0 .functor AND 1, L_0xa4debe0, L_0xa4decf0, C4<1>, C4<1>;
L_0xa4deb10 .functor OR 1, L_0xa4de0c0, L_0xa4de9f0, C4<0>, C4<0>;
v0xa38c620_0 .net *"_ivl_10", 0 0, L_0xa4db600;  1 drivers
v0xa38c6c0_0 .net *"_ivl_103", 0 0, L_0xa4dd7d0;  1 drivers
v0xa38c760_0 .net *"_ivl_105", 0 0, L_0xa4ddd10;  1 drivers
v0xa38c800_0 .net *"_ivl_107", 0 0, L_0xa4ddc30;  1 drivers
v0xa38c8a0_0 .net *"_ivl_108", 0 0, L_0xa4ddea0;  1 drivers
v0xa38c940_0 .net *"_ivl_110", 0 0, L_0xa4ddfb0;  1 drivers
v0xa38c9e0_0 .net *"_ivl_113", 0 0, L_0xa4dd940;  1 drivers
v0xa38ca80_0 .net *"_ivl_115", 0 0, L_0xa4dddb0;  1 drivers
v0xa38cb20_0 .net *"_ivl_116", 0 0, L_0xa4de380;  1 drivers
v0xa38cbc0_0 .net *"_ivl_119", 0 0, L_0xa4de440;  1 drivers
v0xa38cc60_0 .net *"_ivl_12", 0 0, L_0xa4db6c0;  1 drivers
v0xa38cd00_0 .net *"_ivl_120", 0 0, L_0xa4de280;  1 drivers
v0xa38cda0_0 .net *"_ivl_122", 0 0, L_0xa4de0c0;  1 drivers
v0xa38ce40_0 .net *"_ivl_125", 0 0, L_0xa4de8b0;  1 drivers
v0xa38cee0_0 .net *"_ivl_127", 0 0, L_0xa4de950;  1 drivers
v0xa38cf80_0 .net *"_ivl_128", 0 0, L_0xa4de5f0;  1 drivers
v0xa38d020_0 .net *"_ivl_131", 0 0, L_0xa4de750;  1 drivers
v0xa38d0c0_0 .net *"_ivl_132", 0 0, L_0xa4debe0;  1 drivers
v0xa38d160_0 .net *"_ivl_135", 0 0, L_0xa4decf0;  1 drivers
v0xa38d200_0 .net *"_ivl_136", 0 0, L_0xa4de9f0;  1 drivers
v0xa38d2a0_0 .net *"_ivl_17", 0 0, L_0xa4db7d0;  1 drivers
v0xa38d340_0 .net *"_ivl_19", 0 0, L_0xa4db870;  1 drivers
v0xa38d3e0_0 .net *"_ivl_21", 0 0, L_0xa4db910;  1 drivers
v0xa38d480_0 .net *"_ivl_22", 0 0, L_0xa4db9b0;  1 drivers
v0xa38d520_0 .net *"_ivl_24", 0 0, L_0xa4dbac0;  1 drivers
v0xa38d5c0_0 .net *"_ivl_29", 0 0, L_0xa4dbbd0;  1 drivers
v0xa38d660_0 .net *"_ivl_31", 0 0, L_0xa4dbc70;  1 drivers
v0xa38d700_0 .net *"_ivl_33", 0 0, L_0xa4dbd10;  1 drivers
v0xa38d7a0_0 .net *"_ivl_34", 0 0, L_0xa4dbe00;  1 drivers
v0xa38d840_0 .net *"_ivl_36", 0 0, L_0xa4dbec0;  1 drivers
v0xa38d8e0_0 .net *"_ivl_42", 0 0, L_0xa4dc1b0;  1 drivers
v0xa38d980_0 .net *"_ivl_44", 0 0, L_0xa4dc250;  1 drivers
v0xa38da20_0 .net *"_ivl_46", 0 0, L_0xa4dc380;  1 drivers
v0xa38dac0_0 .net *"_ivl_47", 0 0, L_0xa4dc490;  1 drivers
v0xa38db60_0 .net *"_ivl_49", 0 0, L_0xa4dc500;  1 drivers
v0xa38dc00_0 .net *"_ivl_54", 0 0, L_0xa4dc660;  1 drivers
v0xa38dca0_0 .net *"_ivl_56", 0 0, L_0xa4dc700;  1 drivers
v0xa38dd40_0 .net *"_ivl_57", 0 0, L_0xa4dc420;  1 drivers
v0xa38dde0_0 .net *"_ivl_59", 0 0, L_0xa4dc7f0;  1 drivers
v0xa38de80_0 .net *"_ivl_64", 0 0, L_0xa4dc970;  1 drivers
v0xa38df20_0 .net *"_ivl_66", 0 0, L_0xa4dcaa0;  1 drivers
v0xa38dfc0_0 .net *"_ivl_67", 0 0, L_0xa4dcc60;  1 drivers
v0xa38e060_0 .net *"_ivl_7", 0 0, L_0xa4db420;  1 drivers
v0xa38e100_0 .net *"_ivl_70", 0 0, L_0xa4dccd0;  1 drivers
v0xa38e1a0_0 .net *"_ivl_71", 0 0, L_0xa4dcd70;  1 drivers
v0xa38e240_0 .net *"_ivl_76", 0 0, L_0xa4dce80;  1 drivers
v0xa38e2e0_0 .net *"_ivl_78", 0 0, L_0xa4dcfc0;  1 drivers
v0xa38e380_0 .net *"_ivl_79", 0 0, L_0xa4dc900;  1 drivers
v0xa38e420_0 .net *"_ivl_82", 0 0, L_0xa4dd0b0;  1 drivers
v0xa38e4c0_0 .net *"_ivl_83", 0 0, L_0xa4dcf20;  1 drivers
v0xa38e560_0 .net *"_ivl_89", 0 0, L_0xa4dd4c0;  1 drivers
v0xa38e600_0 .net *"_ivl_9", 0 0, L_0xa4db510;  1 drivers
v0xa38e6a0_0 .net *"_ivl_91", 0 0, L_0xa4dd150;  1 drivers
v0xa38e740_0 .net *"_ivl_92", 0 0, L_0xa4dd620;  1 drivers
v0xa38e7e0_0 .net *"_ivl_95", 0 0, L_0xa4dd730;  1 drivers
v0xa38e880_0 .net *"_ivl_96", 0 0, L_0xa4dd560;  1 drivers
v0xa38e920_0 .net "carry", 3 0, L_0xa4dc020;  1 drivers
v0xa38e9c0_0 .net "carry_in", 0 0, L_0xa4df1d0;  1 drivers
v0xa38ea60_0 .net8 "carry_out", 0 0, RS_0x7f41ebecc868;  alias, 2 drivers
v0xa38eb00_0 .net "gen", 3 0, L_0xa4db2a0;  1 drivers
v0xa38eba0_0 .net "gen_out", 0 0, L_0xa4deb10;  1 drivers
v0xa38ec40_0 .net "prop", 3 0, L_0xa4db310;  1 drivers
v0xa38ece0_0 .net "prop_out", 0 0, L_0xa4ddb90;  1 drivers
v0xa38ed80_0 .net "val1", 3 0, L_0xa4deff0;  1 drivers
v0xa38ee20_0 .net "val2", 3 0, L_0xa4df090;  1 drivers
v0xa38f2d0_0 .net "val_out", 3 0, L_0xa4dd330;  1 drivers
L_0xa4db420 .part L_0xa4db2a0, 0, 1;
L_0xa4db510 .part L_0xa4db310, 0, 1;
L_0xa4db7d0 .part L_0xa4db2a0, 1, 1;
L_0xa4db870 .part L_0xa4dc020, 0, 1;
L_0xa4db910 .part L_0xa4db310, 1, 1;
L_0xa4dbbd0 .part L_0xa4db2a0, 2, 1;
L_0xa4dbc70 .part L_0xa4dc020, 1, 1;
L_0xa4dbd10 .part L_0xa4db310, 2, 1;
L_0xa4dc020 .concat8 [ 1 1 1 1], L_0xa4db6c0, L_0xa4dbac0, L_0xa4dbec0, L_0xa4dc500;
L_0xa4dc1b0 .part L_0xa4db2a0, 3, 1;
L_0xa4dc250 .part L_0xa4dc020, 2, 1;
L_0xa4dc380 .part L_0xa4db310, 3, 1;
L_0xa4dc660 .part L_0xa4deff0, 0, 1;
L_0xa4dc700 .part L_0xa4df090, 0, 1;
L_0xa4dc970 .part L_0xa4deff0, 1, 1;
L_0xa4dcaa0 .part L_0xa4df090, 1, 1;
L_0xa4dccd0 .part L_0xa4dc020, 0, 1;
L_0xa4dce80 .part L_0xa4deff0, 2, 1;
L_0xa4dcfc0 .part L_0xa4df090, 2, 1;
L_0xa4dd0b0 .part L_0xa4dc020, 1, 1;
L_0xa4dd330 .concat8 [ 1 1 1 1], L_0xa4dc7f0, L_0xa4dcd70, L_0xa4dcf20, L_0xa4dd560;
L_0xa4dd4c0 .part L_0xa4deff0, 3, 1;
L_0xa4dd150 .part L_0xa4df090, 3, 1;
L_0xa4dd730 .part L_0xa4dc020, 2, 1;
L_0xa4dd9e0 .part L_0xa4dc020, 3, 1;
L_0xa4ddb90 .reduce/and L_0xa4db310;
L_0xa4dd7d0 .part L_0xa4db2a0, 3, 1;
L_0xa4ddd10 .part L_0xa4db310, 3, 1;
L_0xa4ddc30 .part L_0xa4db2a0, 2, 1;
L_0xa4dd940 .part L_0xa4db310, 3, 1;
L_0xa4dddb0 .part L_0xa4db310, 2, 1;
L_0xa4de440 .part L_0xa4db2a0, 1, 1;
L_0xa4de8b0 .part L_0xa4db310, 3, 1;
L_0xa4de950 .part L_0xa4db310, 2, 1;
L_0xa4de750 .part L_0xa4db310, 1, 1;
L_0xa4decf0 .part L_0xa4db2a0, 0, 1;
S_0xa393d30 .scope module, "branchControl" "b_cntr" 5 73, 12 3 0, S_0x9f19ca0;
 .timescale -9 -12;
    .port_info 0 /INPUT 1 "i_jump";
    .port_info 1 /INPUT 3 "i_funct3";
    .port_info 2 /INPUT 32 "i_pc_plus_4";
    .port_info 3 /INPUT 32 "i_jump_addr";
    .port_info 4 /INPUT 1 "i_eq";
    .port_info 5 /INPUT 1 "i_slt";
    .port_info 6 /OUTPUT 1 "o_jump_cntr";
    .port_info 7 /OUTPUT 32 "o_next_instr_addr";
L_0xa536210 .functor OR 1, L_0xa536170, L_0xa50dfa0, C4<0>, C4<0>;
L_0x7f41eb9c5410 .functor BUFT 1, C4<000>, C4<0>, C4<0>, C4<0>;
v0xa393ec0_0 .net/2u *"_ivl_0", 2 0, L_0x7f41eb9c5410;  1 drivers
L_0x7f41eb9c54a0 .functor BUFT 1, C4<100>, C4<0>, C4<0>, C4<0>;
v0xa393f60_0 .net/2u *"_ivl_10", 2 0, L_0x7f41eb9c54a0;  1 drivers
v0xa394000_0 .net *"_ivl_12", 0 0, L_0xa535ed0;  1 drivers
L_0x7f41eb9c54e8 .functor BUFT 1, C4<101>, C4<0>, C4<0>, C4<0>;
v0xa3940a0_0 .net/2u *"_ivl_14", 2 0, L_0x7f41eb9c54e8;  1 drivers
v0xa394140_0 .net *"_ivl_16", 0 0, L_0xa536080;  1 drivers
v0xa3941e0_0 .net *"_ivl_19", 0 0, L_0xa536170;  1 drivers
v0xa394280_0 .net *"_ivl_2", 0 0, L_0xa535bc0;  1 drivers
v0xa394320_0 .net *"_ivl_20", 0 0, L_0xa536210;  1 drivers
L_0x7f41eb9c5530 .functor BUFT 1, C4<110>, C4<0>, C4<0>, C4<0>;
v0xa3943c0_0 .net/2u *"_ivl_22", 2 0, L_0x7f41eb9c5530;  1 drivers
v0xa394460_0 .net *"_ivl_24", 0 0, L_0xa536280;  1 drivers
L_0x7f41eb9c5578 .functor BUFT 1, C4<111>, C4<0>, C4<0>, C4<0>;
v0xa394500_0 .net/2u *"_ivl_26", 2 0, L_0x7f41eb9c5578;  1 drivers
v0xa3945a0_0 .net *"_ivl_28", 0 0, L_0xa536370;  1 drivers
v0xa394640_0 .net *"_ivl_31", 0 0, L_0xa5364b0;  1 drivers
L_0x7f41eb9c55c0 .functor BUFT 1, C4<0>, C4<0>, C4<0>, C4<0>;
v0xa3946e0_0 .net/2u *"_ivl_32", 0 0, L_0x7f41eb9c55c0;  1 drivers
v0xa394780_0 .net *"_ivl_34", 0 0, L_0xa536550;  1 drivers
v0xa394820_0 .net *"_ivl_36", 0 0, L_0xa536690;  1 drivers
v0xa3948c0_0 .net *"_ivl_38", 0 0, L_0xa5367d0;  1 drivers
L_0x7f41eb9c5458 .functor BUFT 1, C4<001>, C4<0>, C4<0>, C4<0>;
v0xa394a70_0 .net/2u *"_ivl_4", 2 0, L_0x7f41eb9c5458;  1 drivers
v0xa394b10_0 .net *"_ivl_40", 0 0, L_0xa5369d0;  1 drivers
v0xa394bb0_0 .net *"_ivl_42", 0 0, L_0xa536b10;  1 drivers
L_0x7f41eb9c5608 .functor BUFT 1, C4<1>, C4<0>, C4<0>, C4<0>;
v0xa394c50_0 .net/2u *"_ivl_46", 0 0, L_0x7f41eb9c5608;  1 drivers
v0xa394cf0_0 .net *"_ivl_6", 0 0, L_0xa535cb0;  1 drivers
v0xa394d90_0 .net *"_ivl_9", 0 0, L_0xa535da0;  1 drivers
v0xa394e30_0 .net "branchTaken", 0 0, L_0xa536ca0;  1 drivers
v0xa394ed0_0 .net "i_eq", 0 0, L_0xa50dfa0;  alias, 1 drivers
v0xa394f70_0 .net "i_funct3", 2 0, v0xa3bf230_0;  alias, 1 drivers
v0xa395010_0 .net8 "i_jump", 0 0, RS_0x7f41ebece698;  alias, 2 drivers
v0xa3950b0_0 .net "i_jump_addr", 31 0, L_0xa535a90;  alias, 1 drivers
v0xa395150_0 .net "i_pc_plus_4", 31 0, v0xa3c2be0_0;  alias, 1 drivers
v0xa3951f0_0 .net "i_slt", 0 0, L_0xa50e0d0;  alias, 1 drivers
v0xa395290_0 .net8 "o_jump_cntr", 0 0, RS_0x7f41ebece698;  alias, 2 drivers
v0xa395330_0 .net "o_next_instr_addr", 31 0, L_0xa536fb0;  alias, 1 drivers
L_0xa535bc0 .cmp/eq 3, v0xa3bf230_0, L_0x7f41eb9c5410;
L_0xa535cb0 .cmp/eq 3, v0xa3bf230_0, L_0x7f41eb9c5458;
L_0xa535da0 .reduce/nor L_0xa50dfa0;
L_0xa535ed0 .cmp/eq 3, v0xa3bf230_0, L_0x7f41eb9c54a0;
L_0xa536080 .cmp/eq 3, v0xa3bf230_0, L_0x7f41eb9c54e8;
L_0xa536170 .reduce/nor L_0xa50e0d0;
L_0xa536280 .cmp/eq 3, v0xa3bf230_0, L_0x7f41eb9c5530;
L_0xa536370 .cmp/eq 3, v0xa3bf230_0, L_0x7f41eb9c5578;
L_0xa5364b0 .reduce/nor L_0xa50e0d0;
L_0xa536550 .functor MUXZ 1, L_0x7f41eb9c55c0, L_0xa5364b0, L_0xa536370, C4<>;
L_0xa536690 .functor MUXZ 1, L_0xa536550, L_0xa50e0d0, L_0xa536280, C4<>;
L_0xa5367d0 .functor MUXZ 1, L_0xa536690, L_0xa536210, L_0xa536080, C4<>;
L_0xa5369d0 .functor MUXZ 1, L_0xa5367d0, L_0xa50e0d0, L_0xa535ed0, C4<>;
L_0xa536b10 .functor MUXZ 1, L_0xa5369d0, L_0xa535da0, L_0xa535cb0, C4<>;
L_0xa536ca0 .functor MUXZ 1, L_0xa536b10, L_0xa50dfa0, L_0xa535bc0, C4<>;
L_0xa536de0 .functor MUXZ 1, L_0xa536ca0, L_0x7f41eb9c5608, RS_0x7f41ebece698, C4<>;
L_0xa536fb0 .functor MUXZ 32, v0xa3c2be0_0, L_0xa535a90, RS_0x7f41ebece698, C4<>;
S_0xa3953d0 .scope module, "pcAdder" "add_pg_32" 5 59, 7 3 0, S_0x9f19ca0;
 .timescale -9 -12;
    .port_info 0 /INPUT 32 "val1";
    .port_info 1 /INPUT 32 "val2";
    .port_info 2 /INPUT 1 "carry_in";
    .port_info 3 /OUTPUT 32 "val_out";
    .port_info 4 /OUTPUT 1 "carry_out";
    .port_info 5 /OUTPUT 1 "prop_out";
    .port_info 6 /OUTPUT 1 "gen_out";
L_0x7f41eb9c5380 .functor BUFT 1, C4<0>, C4<0>, C4<0>, C4<0>;
L_0xa521db0 .functor AND 1, L_0x7f41eb9c5380, L_0xa521d10, C4<1>, C4<1>;
L_0xa521e70 .functor OR 1, L_0xa521c70, L_0xa521db0, C4<0>, C4<0>;
L_0xa534ff0 .functor AND 1, L_0xa535060, L_0xa535100, C4<1>, C4<1>;
L_0xa535240 .functor OR 1, L_0xa534f50, L_0xa534ff0, C4<0>, C4<0>;
L_0xa5354e0 .functor AND 1, L_0xa535610, L_0xa535750, C4<1>, C4<1>;
L_0xa5357f0 .functor OR 1, L_0xa535570, L_0xa5354e0, C4<0>, C4<0>;
v0xa3bb450_0 .net *"_ivl_13", 0 0, L_0xa521c70;  1 drivers
v0xa3bb550_0 .net *"_ivl_15", 0 0, L_0xa521d10;  1 drivers
v0xa3bb630_0 .net *"_ivl_16", 0 0, L_0xa521db0;  1 drivers
v0xa3bb720_0 .net *"_ivl_18", 0 0, L_0xa521e70;  1 drivers
v0xa3bb800_0 .net *"_ivl_39", 0 0, L_0xa534f50;  1 drivers
v0xa3bb8e0_0 .net *"_ivl_41", 0 0, L_0xa535060;  1 drivers
v0xa3bb9c0_0 .net *"_ivl_43", 0 0, L_0xa535100;  1 drivers
v0xa3bbaa0_0 .net *"_ivl_44", 0 0, L_0xa534ff0;  1 drivers
v0xa3bbb80_0 .net *"_ivl_46", 0 0, L_0xa535240;  1 drivers
v0xa3bbc60_0 .net *"_ivl_53", 0 0, L_0xa535570;  1 drivers
v0xa3bbd40_0 .net *"_ivl_55", 0 0, L_0xa535610;  1 drivers
v0xa3bbe20_0 .net *"_ivl_57", 0 0, L_0xa535750;  1 drivers
v0xa3bbf00_0 .net *"_ivl_58", 0 0, L_0xa5354e0;  1 drivers
v0xa3bbfe0_0 .net "carry", 1 0, L_0xa534e60;  1 drivers
v0xa3bc0c0_0 .net "carry_in", 0 0, L_0x7f41eb9c5380;  1 drivers
v0xa3bc160_0 .net "carry_out", 0 0, L_0xa5353a0;  1 drivers
v0xa3bc220_0 .net "gen", 1 0, L_0xa534cd0;  1 drivers
v0xa3bc300_0 .net "gen_out", 0 0, L_0xa5357f0;  1 drivers
v0xa3bc3c0_0 .net "prop", 1 0, L_0xa534b40;  1 drivers
v0xa3bc4a0_0 .net "prop_out", 0 0, L_0xa535440;  1 drivers
v0xa3bc560_0 .net "val1", 31 0, v0xa3c2b40_0;  alias, 1 drivers
v0xa3bc620_0 .net "val2", 31 0, v0xa3c0f70_0;  alias, 1 drivers
v0xa3bc6c0_0 .net "val_out", 31 0, L_0xa534a00;  alias, 1 drivers
L_0xa521b30 .part v0xa3c2b40_0, 0, 16;
L_0xa521bd0 .part v0xa3c0f70_0, 0, 16;
L_0xa521c70 .part L_0xa534cd0, 0, 1;
L_0xa521d10 .part L_0xa534b40, 0, 1;
L_0xa534710 .part v0xa3c2b40_0, 16, 16;
L_0xa5347b0 .part v0xa3c0f70_0, 16, 16;
L_0xa534960 .part L_0xa534e60, 0, 1;
L_0xa534a00 .concat8 [ 16 16 0 0], L_0xa51fa80, L_0xa532660;
L_0xa534b40 .concat8 [ 1 1 0 0], L_0xa520780, L_0xa533360;
L_0xa534cd0 .concat8 [ 1 1 0 0], L_0xa521a20, L_0xa534600;
L_0xa534e60 .concat8 [ 1 1 0 0], L_0xa521e70, L_0xa535240;
L_0xa534f50 .part L_0xa534cd0, 1, 1;
L_0xa535060 .part L_0xa534e60, 0, 1;
L_0xa535100 .part L_0xa534b40, 1, 1;
L_0xa5353a0 .part L_0xa534e60, 1, 1;
L_0xa535440 .reduce/and L_0xa534b40;
L_0xa535570 .part L_0xa534cd0, 1, 1;
L_0xa535610 .part L_0xa534b40, 1, 1;
L_0xa535750 .part L_0xa534cd0, 0, 1;
S_0xa395650 .scope module, "adder0" "add_pg_16" 7 18, 8 3 0, S_0xa3953d0;
 .timescale -9 -12;
    .port_info 0 /INPUT 16 "val1";
    .port_info 1 /INPUT 16 "val2";
    .port_info 2 /INPUT 1 "carry_in";
    .port_info 3 /OUTPUT 16 "val_out";
    .port_info 4 /OUTPUT 1 "carry_out";
    .port_info 5 /OUTPUT 1 "prop_out";
    .port_info 6 /OUTPUT 1 "gen_out";
L_0xa513660 .functor AND 1, L_0x7f41eb9c5380, L_0xa5135c0, C4<1>, C4<1>;
L_0xa513720 .functor OR 1, L_0xa513520, L_0xa513660, C4<0>, C4<0>;
L_0xa517a20 .functor AND 1, L_0xa517840, L_0xa517930, C4<1>, C4<1>;
L_0xa517ae0 .functor OR 1, L_0xa517700, L_0xa517a20, C4<0>, C4<0>;
L_0xa51b5d0 .functor AND 1, L_0xa51b780, L_0xa51b820, C4<1>, C4<1>;
L_0xa51b9a0 .functor OR 1, L_0xa51b6e0, L_0xa51b5d0, C4<0>, C4<0>;
L_0xa520180 .functor AND 1, L_0xa51ff30, L_0xa520250, C4<1>, C4<1>;
L_0xa520420 .functor OR 1, L_0xa5200e0, L_0xa520180, C4<0>, C4<0>;
L_0xa520ab0 .functor AND 1, L_0xa520910, L_0xa520820, C4<1>, C4<1>;
L_0xa520b70 .functor OR 1, L_0xa5202f0, L_0xa520ab0, C4<0>, C4<0>;
L_0xa520f40 .functor AND 1, L_0xa520c80, L_0xa5209b0, C4<1>, C4<1>;
L_0xa520e30 .functor AND 1, L_0xa520f40, L_0xa520fb0, C4<1>, C4<1>;
L_0xa5212f0 .functor OR 1, L_0xa520b70, L_0xa520e30, C4<0>, C4<0>;
L_0xa521160 .functor AND 1, L_0xa521400, L_0xa5214a0, C4<1>, C4<1>;
L_0xa521280 .functor AND 1, L_0xa521160, L_0xa521670, C4<1>, C4<1>;
L_0xa521540 .functor AND 1, L_0xa521280, L_0xa5217b0, C4<1>, C4<1>;
L_0xa521a20 .functor OR 1, L_0xa5212f0, L_0xa521540, C4<0>, C4<0>;
v0xa3a5770_0 .net *"_ivl_101", 0 0, L_0xa5202f0;  1 drivers
v0xa3a5870_0 .net *"_ivl_103", 0 0, L_0xa520910;  1 drivers
v0xa3a5950_0 .net *"_ivl_105", 0 0, L_0xa520820;  1 drivers
v0xa3a5a10_0 .net *"_ivl_106", 0 0, L_0xa520ab0;  1 drivers
v0xa3a5af0_0 .net *"_ivl_108", 0 0, L_0xa520b70;  1 drivers
v0xa3a5bd0_0 .net *"_ivl_111", 0 0, L_0xa520c80;  1 drivers
v0xa3a5cb0_0 .net *"_ivl_113", 0 0, L_0xa5209b0;  1 drivers
v0xa3a5d90_0 .net *"_ivl_114", 0 0, L_0xa520f40;  1 drivers
v0xa3a5e70_0 .net *"_ivl_117", 0 0, L_0xa520fb0;  1 drivers
v0xa3a5f50_0 .net *"_ivl_118", 0 0, L_0xa520e30;  1 drivers
v0xa3a6030_0 .net *"_ivl_120", 0 0, L_0xa5212f0;  1 drivers
v0xa3a6110_0 .net *"_ivl_123", 0 0, L_0xa521400;  1 drivers
v0xa3a61f0_0 .net *"_ivl_125", 0 0, L_0xa5214a0;  1 drivers
v0xa3a62d0_0 .net *"_ivl_126", 0 0, L_0xa521160;  1 drivers
v0xa3a63b0_0 .net *"_ivl_129", 0 0, L_0xa521670;  1 drivers
v0xa3a6490_0 .net *"_ivl_13", 0 0, L_0xa513520;  1 drivers
v0xa3a6570_0 .net *"_ivl_130", 0 0, L_0xa521280;  1 drivers
v0xa3a6650_0 .net *"_ivl_133", 0 0, L_0xa5217b0;  1 drivers
v0xa3a6730_0 .net *"_ivl_134", 0 0, L_0xa521540;  1 drivers
v0xa3a6810_0 .net *"_ivl_15", 0 0, L_0xa5135c0;  1 drivers
v0xa3a68f0_0 .net *"_ivl_16", 0 0, L_0xa513660;  1 drivers
v0xa3a69d0_0 .net *"_ivl_18", 0 0, L_0xa513720;  1 drivers
v0xa3a6ab0_0 .net *"_ivl_35", 0 0, L_0xa517700;  1 drivers
v0xa3a6b90_0 .net *"_ivl_37", 0 0, L_0xa517840;  1 drivers
v0xa3a6c70_0 .net *"_ivl_39", 0 0, L_0xa517930;  1 drivers
v0xa3a6d50_0 .net *"_ivl_40", 0 0, L_0xa517a20;  1 drivers
v0xa3a6e30_0 .net *"_ivl_42", 0 0, L_0xa517ae0;  1 drivers
v0xa3a6f10_0 .net *"_ivl_59", 0 0, L_0xa51b6e0;  1 drivers
v0xa3a6ff0_0 .net *"_ivl_61", 0 0, L_0xa51b780;  1 drivers
v0xa3a70d0_0 .net *"_ivl_63", 0 0, L_0xa51b820;  1 drivers
v0xa3a71b0_0 .net *"_ivl_64", 0 0, L_0xa51b5d0;  1 drivers
v0xa3a7290_0 .net *"_ivl_66", 0 0, L_0xa51b9a0;  1 drivers
v0xa3a7370_0 .net *"_ivl_87", 0 0, L_0xa5200e0;  1 drivers
v0xa3a7450_0 .net *"_ivl_89", 0 0, L_0xa51ff30;  1 drivers
v0xa3a7530_0 .net *"_ivl_91", 0 0, L_0xa520250;  1 drivers
v0xa3a7610_0 .net *"_ivl_92", 0 0, L_0xa520180;  1 drivers
v0xa3a76f0_0 .net *"_ivl_94", 0 0, L_0xa520420;  1 drivers
v0xa3a77d0_0 .net "carry", 3 0, L_0xa51fb70;  1 drivers
v0xa3a78b0_0 .net "carry_in", 0 0, L_0x7f41eb9c5380;  alias, 1 drivers
RS_0x7f41ebed1c98 .resolv tri, L_0xa51e1f0, L_0xa5205d0;
v0xa3a7950_0 .net8 "carry_out", 0 0, RS_0x7f41ebed1c98;  2 drivers
v0xa3a7a20_0 .net "gen", 3 0, L_0xa51fd10;  1 drivers
v0xa3a7ac0_0 .net "gen_out", 0 0, L_0xa521a20;  1 drivers
v0xa3a7b80_0 .net "prop", 3 0, L_0xa51f940;  1 drivers
v0xa3a7c60_0 .net "prop_out", 0 0, L_0xa520780;  1 drivers
v0xa3a7d20_0 .net "val1", 15 0, L_0xa521b30;  1 drivers
v0xa3a7e00_0 .net "val2", 15 0, L_0xa521bd0;  1 drivers
v0xa3a7ee0_0 .net "val_out", 15 0, L_0xa51fa80;  1 drivers
L_0xa5133e0 .part L_0xa521b30, 0, 4;
L_0xa513480 .part L_0xa521bd0, 0, 4;
L_0xa513520 .part L_0xa51fd10, 0, 1;
L_0xa5135c0 .part L_0xa51f940, 0, 1;
L_0xa517480 .part L_0xa521b30, 4, 4;
L_0xa517570 .part L_0xa521bd0, 4, 4;
L_0xa517660 .part L_0xa51fb70, 0, 1;
L_0xa517700 .part L_0xa51fd10, 1, 1;
L_0xa517840 .part L_0xa51fb70, 0, 1;
L_0xa517930 .part L_0xa51f940, 1, 1;
L_0xa51b490 .part L_0xa521b30, 8, 4;
L_0xa51b530 .part L_0xa521bd0, 8, 4;
L_0xa51b640 .part L_0xa51fb70, 1, 1;
L_0xa51b6e0 .part L_0xa51fd10, 2, 1;
L_0xa51b780 .part L_0xa51fb70, 1, 1;
L_0xa51b820 .part L_0xa51f940, 2, 1;
L_0xa51f800 .part L_0xa521b30, 12, 4;
L_0xa51f8a0 .part L_0xa521bd0, 12, 4;
L_0xa51f9e0 .part L_0xa51fb70, 2, 1;
L_0xa51fa80 .concat8 [ 4 4 4 4], L_0xa511790, L_0xa515830, L_0xa519840, L_0xa51db40;
L_0xa51f940 .concat8 [ 1 1 1 1], L_0xa511ff0, L_0xa516090, L_0xa51a0a0, L_0xa51e3a0;
L_0xa51fd10 .concat8 [ 1 1 1 1], L_0xa512f00, L_0xa516fa0, L_0xa51afb0, L_0xa51f320;
L_0xa51fb70 .concat8 [ 1 1 1 1], L_0xa513720, L_0xa517ae0, L_0xa51b9a0, L_0xa520420;
L_0xa5200e0 .part L_0xa51fd10, 3, 1;
L_0xa51ff30 .part L_0xa51fb70, 2, 1;
L_0xa520250 .part L_0xa51f940, 3, 1;
L_0xa5205d0 .part L_0xa51fb70, 3, 1;
L_0xa520780 .reduce/and L_0xa51f940;
L_0xa5202f0 .part L_0xa51fd10, 3, 1;
L_0xa520910 .part L_0xa51f940, 3, 1;
L_0xa520820 .part L_0xa51fd10, 2, 1;
L_0xa520c80 .part L_0xa51f940, 3, 1;
L_0xa5209b0 .part L_0xa51f940, 2, 1;
L_0xa520fb0 .part L_0xa51fd10, 1, 1;
L_0xa521400 .part L_0xa51f940, 3, 1;
L_0xa5214a0 .part L_0xa51f940, 2, 1;
L_0xa521670 .part L_0xa51f940, 1, 1;
L_0xa5217b0 .part L_0xa51fd10, 0, 1;
S_0xa3958d0 .scope module, "adder0" "add_pg_4" 8 18, 9 3 0, S_0xa395650;
 .timescale -9 -12;
    .port_info 0 /INPUT 4 "val1";
    .port_info 1 /INPUT 4 "val2";
    .port_info 2 /INPUT 1 "carry_in";
    .port_info 3 /OUTPUT 4 "val_out";
    .port_info 4 /OUTPUT 1 "carry_out";
    .port_info 5 /OUTPUT 1 "prop_out";
    .port_info 6 /OUTPUT 1 "gen_out";
L_0xa50e930 .functor AND 4, L_0xa5133e0, L_0xa513480, C4<1111>, C4<1111>;
L_0xa50f660 .functor XOR 4, L_0xa5133e0, L_0xa513480, C4<0000>, C4<0000>;
L_0xa50f950 .functor AND 1, L_0x7f41eb9c5380, L_0xa50f860, C4<1>, C4<1>;
L_0xa50fa10 .functor OR 1, L_0xa50f770, L_0xa50f950, C4<0>, C4<0>;
L_0xa50fd00 .functor AND 1, L_0xa50fbc0, L_0xa50fc60, C4<1>, C4<1>;
L_0xa50fe10 .functor OR 1, L_0xa50fb20, L_0xa50fd00, C4<0>, C4<0>;
L_0xa510270 .functor AND 1, L_0xa510050, L_0xa5100f0, C4<1>, C4<1>;
L_0xa510330 .functor OR 1, L_0xa50ff20, L_0xa510270, C4<0>, C4<0>;
L_0xa510900 .functor AND 1, L_0xa5106c0, L_0xa5107f0, C4<1>, C4<1>;
L_0xa510970 .functor OR 1, L_0xa510620, L_0xa510900, C4<0>, C4<0>;
L_0xa510890 .functor XOR 1, L_0xa510ad0, L_0xa510b70, C4<0>, C4<0>;
L_0xa510c60 .functor XOR 1, L_0xa510890, L_0x7f41eb9c5380, C4<0>, C4<0>;
L_0xa511110 .functor XOR 1, L_0xa510e20, L_0xa510f50, C4<0>, C4<0>;
L_0xa511220 .functor XOR 1, L_0xa511110, L_0xa511180, C4<0>, C4<0>;
L_0xa510db0 .functor XOR 1, L_0xa5112e0, L_0xa511420, C4<0>, C4<0>;
L_0xa511380 .functor XOR 1, L_0xa510db0, L_0xa511510, C4<0>, C4<0>;
L_0xa511a80 .functor XOR 1, L_0xa511920, L_0xa5115b0, C4<0>, C4<0>;
L_0xa5119c0 .functor XOR 1, L_0xa511a80, L_0xa511b90, C4<0>, C4<0>;
L_0xa511700 .functor AND 1, L_0xa512170, L_0xa512090, C4<1>, C4<1>;
L_0xa5123a0 .functor OR 1, L_0xa511c30, L_0xa511700, C4<0>, C4<0>;
L_0xa512770 .functor AND 1, L_0xa511da0, L_0xa512210, C4<1>, C4<1>;
L_0xa512670 .functor AND 1, L_0xa512770, L_0xa512830, C4<1>, C4<1>;
L_0xa5124b0 .functor OR 1, L_0xa5123a0, L_0xa512670, C4<0>, C4<0>;
L_0xa5129e0 .functor AND 1, L_0xa512ca0, L_0xa512d40, C4<1>, C4<1>;
L_0xa512fd0 .functor AND 1, L_0xa5129e0, L_0xa512b40, C4<1>, C4<1>;
L_0xa512de0 .functor AND 1, L_0xa512fd0, L_0xa5130e0, C4<1>, C4<1>;
L_0xa512f00 .functor OR 1, L_0xa5124b0, L_0xa512de0, C4<0>, C4<0>;
v0xa395b50_0 .net *"_ivl_10", 0 0, L_0xa50f950;  1 drivers
v0xa395bf0_0 .net *"_ivl_103", 0 0, L_0xa511c30;  1 drivers
v0xa395c90_0 .net *"_ivl_105", 0 0, L_0xa512170;  1 drivers
v0xa395d30_0 .net *"_ivl_107", 0 0, L_0xa512090;  1 drivers
v0xa395dd0_0 .net *"_ivl_108", 0 0, L_0xa511700;  1 drivers
v0xa395e70_0 .net *"_ivl_110", 0 0, L_0xa5123a0;  1 drivers
v0xa395f10_0 .net *"_ivl_113", 0 0, L_0xa511da0;  1 drivers
v0xa395fb0_0 .net *"_ivl_115", 0 0, L_0xa512210;  1 drivers
v0xa396050_0 .net *"_ivl_116", 0 0, L_0xa512770;  1 drivers
v0xa3960f0_0 .net *"_ivl_119", 0 0, L_0xa512830;  1 drivers
v0xa396190_0 .net *"_ivl_12", 0 0, L_0xa50fa10;  1 drivers
v0xa396230_0 .net *"_ivl_120", 0 0, L_0xa512670;  1 drivers
v0xa3962d0_0 .net *"_ivl_122", 0 0, L_0xa5124b0;  1 drivers
v0xa396370_0 .net *"_ivl_125", 0 0, L_0xa512ca0;  1 drivers
v0xa396410_0 .net *"_ivl_127", 0 0, L_0xa512d40;  1 drivers
v0xa3964b0_0 .net *"_ivl_128", 0 0, L_0xa5129e0;  1 drivers
v0xa396550_0 .net *"_ivl_131", 0 0, L_0xa512b40;  1 drivers
v0xa396700_0 .net *"_ivl_132", 0 0, L_0xa512fd0;  1 drivers
v0xa3967a0_0 .net *"_ivl_135", 0 0, L_0xa5130e0;  1 drivers
v0xa396840_0 .net *"_ivl_136", 0 0, L_0xa512de0;  1 drivers
v0xa3968e0_0 .net *"_ivl_17", 0 0, L_0xa50fb20;  1 drivers
v0xa396980_0 .net *"_ivl_19", 0 0, L_0xa50fbc0;  1 drivers
v0xa396a20_0 .net *"_ivl_21", 0 0, L_0xa50fc60;  1 drivers
v0xa396ac0_0 .net *"_ivl_22", 0 0, L_0xa50fd00;  1 drivers
v0xa396b60_0 .net *"_ivl_24", 0 0, L_0xa50fe10;  1 drivers
v0xa396c00_0 .net *"_ivl_29", 0 0, L_0xa50ff20;  1 drivers
v0xa396ca0_0 .net *"_ivl_31", 0 0, L_0xa510050;  1 drivers
v0xa396d40_0 .net *"_ivl_33", 0 0, L_0xa5100f0;  1 drivers
v0xa396de0_0 .net *"_ivl_34", 0 0, L_0xa510270;  1 drivers
v0xa396e80_0 .net *"_ivl_36", 0 0, L_0xa510330;  1 drivers
v0xa396f20_0 .net *"_ivl_42", 0 0, L_0xa510620;  1 drivers
v0xa396fc0_0 .net *"_ivl_44", 0 0, L_0xa5106c0;  1 drivers
v0xa397060_0 .net *"_ivl_46", 0 0, L_0xa5107f0;  1 drivers
v0xa397310_0 .net *"_ivl_47", 0 0, L_0xa510900;  1 drivers
v0xa3973b0_0 .net *"_ivl_49", 0 0, L_0xa510970;  1 drivers
v0xa397450_0 .net *"_ivl_54", 0 0, L_0xa510ad0;  1 drivers
v0xa3974f0_0 .net *"_ivl_56", 0 0, L_0xa510b70;  1 drivers
v0xa397590_0 .net *"_ivl_57", 0 0, L_0xa510890;  1 drivers
v0xa397670_0 .net *"_ivl_59", 0 0, L_0xa510c60;  1 drivers
v0xa397750_0 .net *"_ivl_64", 0 0, L_0xa510e20;  1 drivers
v0xa397830_0 .net *"_ivl_66", 0 0, L_0xa510f50;  1 drivers
v0xa397910_0 .net *"_ivl_67", 0 0, L_0xa511110;  1 drivers
v0xa3979f0_0 .net *"_ivl_7", 0 0, L_0xa50f770;  1 drivers
v0xa397ad0_0 .net *"_ivl_70", 0 0, L_0xa511180;  1 drivers
v0xa397bb0_0 .net *"_ivl_71", 0 0, L_0xa511220;  1 drivers
v0xa397c90_0 .net *"_ivl_76", 0 0, L_0xa5112e0;  1 drivers
v0xa397d70_0 .net *"_ivl_78", 0 0, L_0xa511420;  1 drivers
v0xa397e50_0 .net *"_ivl_79", 0 0, L_0xa510db0;  1 drivers
v0xa397f30_0 .net *"_ivl_82", 0 0, L_0xa511510;  1 drivers
v0xa398010_0 .net *"_ivl_83", 0 0, L_0xa511380;  1 drivers
v0xa3980f0_0 .net *"_ivl_89", 0 0, L_0xa511920;  1 drivers
v0xa3981d0_0 .net *"_ivl_9", 0 0, L_0xa50f860;  1 drivers
v0xa3982b0_0 .net *"_ivl_91", 0 0, L_0xa5115b0;  1 drivers
v0xa398390_0 .net *"_ivl_92", 0 0, L_0xa511a80;  1 drivers
v0xa398470_0 .net *"_ivl_95", 0 0, L_0xa511b90;  1 drivers
v0xa398550_0 .net *"_ivl_96", 0 0, L_0xa5119c0;  1 drivers
v0xa398630_0 .net "carry", 3 0, L_0xa510490;  1 drivers
v0xa398710_0 .net "carry_in", 0 0, L_0x7f41eb9c5380;  alias, 1 drivers
v0xa3987d0_0 .net "carry_out", 0 0, L_0xa511e40;  1 drivers
v0xa398890_0 .net "gen", 3 0, L_0xa50e930;  1 drivers
v0xa398970_0 .net "gen_out", 0 0, L_0xa512f00;  1 drivers
v0xa398a30_0 .net "prop", 3 0, L_0xa50f660;  1 drivers
v0xa398b10_0 .net "prop_out", 0 0, L_0xa511ff0;  1 drivers
v0xa398bd0_0 .net "val1", 3 0, L_0xa5133e0;  1 drivers
v0xa398cb0_0 .net "val2", 3 0, L_0xa513480;  1 drivers
v0xa3991a0_0 .net "val_out", 3 0, L_0xa511790;  1 drivers
L_0xa50f770 .part L_0xa50e930, 0, 1;
L_0xa50f860 .part L_0xa50f660, 0, 1;
L_0xa50fb20 .part L_0xa50e930, 1, 1;
L_0xa50fbc0 .part L_0xa510490, 0, 1;
L_0xa50fc60 .part L_0xa50f660, 1, 1;
L_0xa50ff20 .part L_0xa50e930, 2, 1;
L_0xa510050 .part L_0xa510490, 1, 1;
L_0xa5100f0 .part L_0xa50f660, 2, 1;
L_0xa510490 .concat8 [ 1 1 1 1], L_0xa50fa10, L_0xa50fe10, L_0xa510330, L_0xa510970;
L_0xa510620 .part L_0xa50e930, 3, 1;
L_0xa5106c0 .part L_0xa510490, 2, 1;
L_0xa5107f0 .part L_0xa50f660, 3, 1;
L_0xa510ad0 .part L_0xa5133e0, 0, 1;
L_0xa510b70 .part L_0xa513480, 0, 1;
L_0xa510e20 .part L_0xa5133e0, 1, 1;
L_0xa510f50 .part L_0xa513480, 1, 1;
L_0xa511180 .part L_0xa510490, 0, 1;
L_0xa5112e0 .part L_0xa5133e0, 2, 1;
L_0xa511420 .part L_0xa513480, 2, 1;
L_0xa511510 .part L_0xa510490, 1, 1;
L_0xa511790 .concat8 [ 1 1 1 1], L_0xa510c60, L_0xa511220, L_0xa511380, L_0xa5119c0;
L_0xa511920 .part L_0xa5133e0, 3, 1;
L_0xa5115b0 .part L_0xa513480, 3, 1;
L_0xa511b90 .part L_0xa510490, 2, 1;
L_0xa511e40 .part L_0xa510490, 3, 1;
L_0xa511ff0 .reduce/and L_0xa50f660;
L_0xa511c30 .part L_0xa50e930, 3, 1;
L_0xa512170 .part L_0xa50f660, 3, 1;
L_0xa512090 .part L_0xa50e930, 2, 1;
L_0xa511da0 .part L_0xa50f660, 3, 1;
L_0xa512210 .part L_0xa50f660, 2, 1;
L_0xa512830 .part L_0xa50e930, 1, 1;
L_0xa512ca0 .part L_0xa50f660, 3, 1;
L_0xa512d40 .part L_0xa50f660, 2, 1;
L_0xa512b40 .part L_0xa50f660, 1, 1;
L_0xa5130e0 .part L_0xa50e930, 0, 1;
S_0xa3993a0 .scope module, "adder1" "add_pg_4" 8 32, 9 3 0, S_0xa395650;
 .timescale -9 -12;
    .port_info 0 /INPUT 4 "val1";
    .port_info 1 /INPUT 4 "val2";
    .port_info 2 /INPUT 1 "carry_in";
    .port_info 3 /OUTPUT 4 "val_out";
    .port_info 4 /OUTPUT 1 "carry_out";
    .port_info 5 /OUTPUT 1 "prop_out";
    .port_info 6 /OUTPUT 1 "gen_out";
L_0xa513830 .functor AND 4, L_0xa517480, L_0xa517570, C4<1111>, C4<1111>;
L_0xa5138a0 .functor XOR 4, L_0xa517480, L_0xa517570, C4<0000>, C4<0000>;
L_0xa513b90 .functor AND 1, L_0xa517660, L_0xa513aa0, C4<1>, C4<1>;
L_0xa513c50 .functor OR 1, L_0xa5139b0, L_0xa513b90, C4<0>, C4<0>;
L_0xa513f40 .functor AND 1, L_0xa513e00, L_0xa513ea0, C4<1>, C4<1>;
L_0xa514050 .functor OR 1, L_0xa513d60, L_0xa513f40, C4<0>, C4<0>;
L_0xa514390 .functor AND 1, L_0xa514200, L_0xa5142a0, C4<1>, C4<1>;
L_0xa514450 .functor OR 1, L_0xa514160, L_0xa514390, C4<0>, C4<0>;
L_0xa514990 .functor AND 1, L_0xa5147e0, L_0xa514880, C4<1>, C4<1>;
L_0xa514a00 .functor OR 1, L_0xa514740, L_0xa514990, C4<0>, C4<0>;
L_0xa514920 .functor XOR 1, L_0xa514b60, L_0xa514c00, C4<0>, C4<0>;
L_0xa514cf0 .functor XOR 1, L_0xa514920, L_0xa517660, C4<0>, C4<0>;
L_0xa515160 .functor XOR 1, L_0xa514e70, L_0xa514fa0, C4<0>, C4<0>;
L_0xa515270 .functor XOR 1, L_0xa515160, L_0xa5151d0, C4<0>, C4<0>;
L_0xa514e00 .functor XOR 1, L_0xa515380, L_0xa5154c0, C4<0>, C4<0>;
L_0xa515420 .functor XOR 1, L_0xa514e00, L_0xa5155b0, C4<0>, C4<0>;
L_0xa515b20 .functor XOR 1, L_0xa5159c0, L_0xa515650, C4<0>, C4<0>;
L_0xa515a60 .functor XOR 1, L_0xa515b20, L_0xa515c30, C4<0>, C4<0>;
L_0xa5157a0 .functor AND 1, L_0xa516210, L_0xa516130, C4<1>, C4<1>;
L_0xa516440 .functor OR 1, L_0xa515cd0, L_0xa5157a0, C4<0>, C4<0>;
L_0xa516810 .functor AND 1, L_0xa515e40, L_0xa5162b0, C4<1>, C4<1>;
L_0xa516710 .functor AND 1, L_0xa516810, L_0xa5168d0, C4<1>, C4<1>;
L_0xa516550 .functor OR 1, L_0xa516440, L_0xa516710, C4<0>, C4<0>;
L_0xa516a80 .functor AND 1, L_0xa516d40, L_0xa516de0, C4<1>, C4<1>;
L_0xa517070 .functor AND 1, L_0xa516a80, L_0xa516be0, C4<1>, C4<1>;
L_0xa516e80 .functor AND 1, L_0xa517070, L_0xa517180, C4<1>, C4<1>;
L_0xa516fa0 .functor OR 1, L_0xa516550, L_0xa516e80, C4<0>, C4<0>;
v0xa399640_0 .net *"_ivl_10", 0 0, L_0xa513b90;  1 drivers
v0xa399720_0 .net *"_ivl_103", 0 0, L_0xa515cd0;  1 drivers
v0xa399800_0 .net *"_ivl_105", 0 0, L_0xa516210;  1 drivers
v0xa3998c0_0 .net *"_ivl_107", 0 0, L_0xa516130;  1 drivers
v0xa3999a0_0 .net *"_ivl_108", 0 0, L_0xa5157a0;  1 drivers
v0xa399ad0_0 .net *"_ivl_110", 0 0, L_0xa516440;  1 drivers
v0xa399bb0_0 .net *"_ivl_113", 0 0, L_0xa515e40;  1 drivers
v0xa399c90_0 .net *"_ivl_115", 0 0, L_0xa5162b0;  1 drivers
v0xa399d70_0 .net *"_ivl_116", 0 0, L_0xa516810;  1 drivers
v0xa399e50_0 .net *"_ivl_119", 0 0, L_0xa5168d0;  1 drivers
v0xa399f30_0 .net *"_ivl_12", 0 0, L_0xa513c50;  1 drivers
v0xa39a010_0 .net *"_ivl_120", 0 0, L_0xa516710;  1 drivers
v0xa39a0f0_0 .net *"_ivl_122", 0 0, L_0xa516550;  1 drivers
v0xa39a1d0_0 .net *"_ivl_125", 0 0, L_0xa516d40;  1 drivers
v0xa39a2b0_0 .net *"_ivl_127", 0 0, L_0xa516de0;  1 drivers
v0xa39a390_0 .net *"_ivl_128", 0 0, L_0xa516a80;  1 drivers
v0xa39a470_0 .net *"_ivl_131", 0 0, L_0xa516be0;  1 drivers
v0xa39a550_0 .net *"_ivl_132", 0 0, L_0xa517070;  1 drivers
v0xa39a630_0 .net *"_ivl_135", 0 0, L_0xa517180;  1 drivers
v0xa39a710_0 .net *"_ivl_136", 0 0, L_0xa516e80;  1 drivers
v0xa39a7f0_0 .net *"_ivl_17", 0 0, L_0xa513d60;  1 drivers
v0xa39a8d0_0 .net *"_ivl_19", 0 0, L_0xa513e00;  1 drivers
v0xa39a9b0_0 .net *"_ivl_21", 0 0, L_0xa513ea0;  1 drivers
v0xa39aa90_0 .net *"_ivl_22", 0 0, L_0xa513f40;  1 drivers
v0xa39ab70_0 .net *"_ivl_24", 0 0, L_0xa514050;  1 drivers
v0xa39ac50_0 .net *"_ivl_29", 0 0, L_0xa514160;  1 drivers
v0xa39ad30_0 .net *"_ivl_31", 0 0, L_0xa514200;  1 drivers
v0xa39ae10_0 .net *"_ivl_33", 0 0, L_0xa5142a0;  1 drivers
v0xa39aef0_0 .net *"_ivl_34", 0 0, L_0xa514390;  1 drivers
v0xa39afd0_0 .net *"_ivl_36", 0 0, L_0xa514450;  1 drivers
v0xa39b0b0_0 .net *"_ivl_42", 0 0, L_0xa514740;  1 drivers
v0xa39b190_0 .net *"_ivl_44", 0 0, L_0xa5147e0;  1 drivers
v0xa39b270_0 .net *"_ivl_46", 0 0, L_0xa514880;  1 drivers
v0xa39b350_0 .net *"_ivl_47", 0 0, L_0xa514990;  1 drivers
v0xa39b430_0 .net *"_ivl_49", 0 0, L_0xa514a00;  1 drivers
v0xa39b510_0 .net *"_ivl_54", 0 0, L_0xa514b60;  1 drivers
v0xa39b5f0_0 .net *"_ivl_56", 0 0, L_0xa514c00;  1 drivers
v0xa39b6d0_0 .net *"_ivl_57", 0 0, L_0xa514920;  1 drivers
v0xa39b7b0_0 .net *"_ivl_59", 0 0, L_0xa514cf0;  1 drivers
v0xa39b890_0 .net *"_ivl_64", 0 0, L_0xa514e70;  1 drivers
v0xa39b970_0 .net *"_ivl_66", 0 0, L_0xa514fa0;  1 drivers
v0xa39ba50_0 .net *"_ivl_67", 0 0, L_0xa515160;  1 drivers
v0xa39bb30_0 .net *"_ivl_7", 0 0, L_0xa5139b0;  1 drivers
v0xa39bc10_0 .net *"_ivl_70", 0 0, L_0xa5151d0;  1 drivers
v0xa39bcf0_0 .net *"_ivl_71", 0 0, L_0xa515270;  1 drivers
v0xa39bdd0_0 .net *"_ivl_76", 0 0, L_0xa515380;  1 drivers
v0xa39beb0_0 .net *"_ivl_78", 0 0, L_0xa5154c0;  1 drivers
v0xa39bf90_0 .net *"_ivl_79", 0 0, L_0xa514e00;  1 drivers
v0xa39c070_0 .net *"_ivl_82", 0 0, L_0xa5155b0;  1 drivers
v0xa39c150_0 .net *"_ivl_83", 0 0, L_0xa515420;  1 drivers
v0xa39c230_0 .net *"_ivl_89", 0 0, L_0xa5159c0;  1 drivers
v0xa39c310_0 .net *"_ivl_9", 0 0, L_0xa513aa0;  1 drivers
v0xa39c3f0_0 .net *"_ivl_91", 0 0, L_0xa515650;  1 drivers
v0xa39c4d0_0 .net *"_ivl_92", 0 0, L_0xa515b20;  1 drivers
v0xa39c5b0_0 .net *"_ivl_95", 0 0, L_0xa515c30;  1 drivers
v0xa39c690_0 .net *"_ivl_96", 0 0, L_0xa515a60;  1 drivers
v0xa39c770_0 .net "carry", 3 0, L_0xa5145b0;  1 drivers
v0xa39c850_0 .net "carry_in", 0 0, L_0xa517660;  1 drivers
v0xa39c910_0 .net "carry_out", 0 0, L_0xa515ee0;  1 drivers
v0xa39c9d0_0 .net "gen", 3 0, L_0xa513830;  1 drivers
v0xa39cab0_0 .net "gen_out", 0 0, L_0xa516fa0;  1 drivers
v0xa39cb70_0 .net "prop", 3 0, L_0xa5138a0;  1 drivers
v0xa39cc50_0 .net "prop_out", 0 0, L_0xa516090;  1 drivers
v0xa39cd10_0 .net "val1", 3 0, L_0xa517480;  1 drivers
v0xa39cdf0_0 .net "val2", 3 0, L_0xa517570;  1 drivers
v0xa39d2e0_0 .net "val_out", 3 0, L_0xa515830;  1 drivers
L_0xa5139b0 .part L_0xa513830, 0, 1;
L_0xa513aa0 .part L_0xa5138a0, 0, 1;
L_0xa513d60 .part L_0xa513830, 1, 1;
L_0xa513e00 .part L_0xa5145b0, 0, 1;
L_0xa513ea0 .part L_0xa5138a0, 1, 1;
L_0xa514160 .part L_0xa513830, 2, 1;
L_0xa514200 .part L_0xa5145b0, 1, 1;
L_0xa5142a0 .part L_0xa5138a0, 2, 1;
L_0xa5145b0 .concat8 [ 1 1 1 1], L_0xa513c50, L_0xa514050, L_0xa514450, L_0xa514a00;
L_0xa514740 .part L_0xa513830, 3, 1;
L_0xa5147e0 .part L_0xa5145b0, 2, 1;
L_0xa514880 .part L_0xa5138a0, 3, 1;
L_0xa514b60 .part L_0xa517480, 0, 1;
L_0xa514c00 .part L_0xa517570, 0, 1;
L_0xa514e70 .part L_0xa517480, 1, 1;
L_0xa514fa0 .part L_0xa517570, 1, 1;
L_0xa5151d0 .part L_0xa5145b0, 0, 1;
L_0xa515380 .part L_0xa517480, 2, 1;
L_0xa5154c0 .part L_0xa517570, 2, 1;
L_0xa5155b0 .part L_0xa5145b0, 1, 1;
L_0xa515830 .concat8 [ 1 1 1 1], L_0xa514cf0, L_0xa515270, L_0xa515420, L_0xa515a60;
L_0xa5159c0 .part L_0xa517480, 3, 1;
L_0xa515650 .part L_0xa517570, 3, 1;
L_0xa515c30 .part L_0xa5145b0, 2, 1;
L_0xa515ee0 .part L_0xa5145b0, 3, 1;
L_0xa516090 .reduce/and L_0xa5138a0;
L_0xa515cd0 .part L_0xa513830, 3, 1;
L_0xa516210 .part L_0xa5138a0, 3, 1;
L_0xa516130 .part L_0xa513830, 2, 1;
L_0xa515e40 .part L_0xa5138a0, 3, 1;
L_0xa5162b0 .part L_0xa5138a0, 2, 1;
L_0xa5168d0 .part L_0xa513830, 1, 1;
L_0xa516d40 .part L_0xa5138a0, 3, 1;
L_0xa516de0 .part L_0xa5138a0, 2, 1;
L_0xa516be0 .part L_0xa5138a0, 1, 1;
L_0xa517180 .part L_0xa513830, 0, 1;
S_0xa39d4e0 .scope module, "adder2" "add_pg_4" 8 46, 9 3 0, S_0xa395650;
 .timescale -9 -12;
    .port_info 0 /INPUT 4 "val1";
    .port_info 1 /INPUT 4 "val2";
    .port_info 2 /INPUT 1 "carry_in";
    .port_info 3 /OUTPUT 4 "val_out";
    .port_info 4 /OUTPUT 1 "carry_out";
    .port_info 5 /OUTPUT 1 "prop_out";
    .port_info 6 /OUTPUT 1 "gen_out";
L_0xa517bf0 .functor AND 4, L_0xa51b490, L_0xa51b530, C4<1111>, C4<1111>;
L_0xa517c60 .functor XOR 4, L_0xa51b490, L_0xa51b530, C4<0000>, C4<0000>;
L_0xa517f50 .functor AND 1, L_0xa51b640, L_0xa517e60, C4<1>, C4<1>;
L_0xa4f9420 .functor OR 1, L_0xa517d70, L_0xa517f50, C4<0>, C4<0>;
L_0xa5181a0 .functor AND 1, L_0xa518060, L_0xa518100, C4<1>, C4<1>;
L_0xa518210 .functor OR 1, L_0xa517fc0, L_0xa5181a0, C4<0>, C4<0>;
L_0xa518460 .functor AND 1, L_0xa518320, L_0xa5183c0, C4<1>, C4<1>;
L_0xa5184d0 .functor OR 1, L_0xa518280, L_0xa518460, C4<0>, C4<0>;
L_0xa518880 .functor AND 1, L_0xa5186d0, L_0xa518770, C4<1>, C4<1>;
L_0xa518940 .functor OR 1, L_0xa518630, L_0xa518880, C4<0>, C4<0>;
L_0xa518810 .functor XOR 1, L_0xa518aa0, L_0xa518b40, C4<0>, C4<0>;
L_0xa518d00 .functor XOR 1, L_0xa518810, L_0xa51b640, C4<0>, C4<0>;
L_0xa519170 .functor XOR 1, L_0xa518e80, L_0xa518fb0, C4<0>, C4<0>;
L_0xa519280 .functor XOR 1, L_0xa519170, L_0xa5191e0, C4<0>, C4<0>;
L_0xa518e10 .functor XOR 1, L_0xa519390, L_0xa5194d0, C4<0>, C4<0>;
L_0xa519430 .functor XOR 1, L_0xa518e10, L_0xa5195c0, C4<0>, C4<0>;
L_0xa519b30 .functor XOR 1, L_0xa5199d0, L_0xa519660, C4<0>, C4<0>;
L_0xa519a70 .functor XOR 1, L_0xa519b30, L_0xa519c40, C4<0>, C4<0>;
L_0xa5197b0 .functor AND 1, L_0xa51a220, L_0xa51a140, C4<1>, C4<1>;
L_0xa51a450 .functor OR 1, L_0xa519ce0, L_0xa5197b0, C4<0>, C4<0>;
L_0xa51a820 .functor AND 1, L_0xa519e50, L_0xa51a2c0, C4<1>, C4<1>;
L_0xa51a720 .functor AND 1, L_0xa51a820, L_0xa51a8e0, C4<1>, C4<1>;
L_0xa51a560 .functor OR 1, L_0xa51a450, L_0xa51a720, C4<0>, C4<0>;
L_0xa51aa90 .functor AND 1, L_0xa51ad50, L_0xa51adf0, C4<1>, C4<1>;
L_0xa51b080 .functor AND 1, L_0xa51aa90, L_0xa51abf0, C4<1>, C4<1>;
L_0xa51ae90 .functor AND 1, L_0xa51b080, L_0xa51b190, C4<1>, C4<1>;
L_0xa51afb0 .functor OR 1, L_0xa51a560, L_0xa51ae90, C4<0>, C4<0>;
v0xa39d760_0 .net *"_ivl_10", 0 0, L_0xa517f50;  1 drivers
v0xa39d840_0 .net *"_ivl_103", 0 0, L_0xa519ce0;  1 drivers
v0xa39d920_0 .net *"_ivl_105", 0 0, L_0xa51a220;  1 drivers
v0xa39da10_0 .net *"_ivl_107", 0 0, L_0xa51a140;  1 drivers
v0xa39daf0_0 .net *"_ivl_108", 0 0, L_0xa5197b0;  1 drivers
v0xa39dc20_0 .net *"_ivl_110", 0 0, L_0xa51a450;  1 drivers
v0xa39dd00_0 .net *"_ivl_113", 0 0, L_0xa519e50;  1 drivers
v0xa39dde0_0 .net *"_ivl_115", 0 0, L_0xa51a2c0;  1 drivers
v0xa39dec0_0 .net *"_ivl_116", 0 0, L_0xa51a820;  1 drivers
v0xa39dfa0_0 .net *"_ivl_119", 0 0, L_0xa51a8e0;  1 drivers
v0xa39e080_0 .net *"_ivl_12", 0 0, L_0xa4f9420;  1 drivers
v0xa39e160_0 .net *"_ivl_120", 0 0, L_0xa51a720;  1 drivers
v0xa39e240_0 .net *"_ivl_122", 0 0, L_0xa51a560;  1 drivers
v0xa39e320_0 .net *"_ivl_125", 0 0, L_0xa51ad50;  1 drivers
v0xa39e400_0 .net *"_ivl_127", 0 0, L_0xa51adf0;  1 drivers
v0xa39e4e0_0 .net *"_ivl_128", 0 0, L_0xa51aa90;  1 drivers
v0xa39e5c0_0 .net *"_ivl_131", 0 0, L_0xa51abf0;  1 drivers
v0xa39e6a0_0 .net *"_ivl_132", 0 0, L_0xa51b080;  1 drivers
v0xa39e780_0 .net *"_ivl_135", 0 0, L_0xa51b190;  1 drivers
v0xa39e860_0 .net *"_ivl_136", 0 0, L_0xa51ae90;  1 drivers
v0xa39e940_0 .net *"_ivl_17", 0 0, L_0xa517fc0;  1 drivers
v0xa39ea20_0 .net *"_ivl_19", 0 0, L_0xa518060;  1 drivers
v0xa39eb00_0 .net *"_ivl_21", 0 0, L_0xa518100;  1 drivers
v0xa39ebe0_0 .net *"_ivl_22", 0 0, L_0xa5181a0;  1 drivers
v0xa39ecc0_0 .net *"_ivl_24", 0 0, L_0xa518210;  1 drivers
v0xa39eda0_0 .net *"_ivl_29", 0 0, L_0xa518280;  1 drivers
v0xa39ee80_0 .net *"_ivl_31", 0 0, L_0xa518320;  1 drivers
v0xa39ef60_0 .net *"_ivl_33", 0 0, L_0xa5183c0;  1 drivers
v0xa39f040_0 .net *"_ivl_34", 0 0, L_0xa518460;  1 drivers
v0xa39f120_0 .net *"_ivl_36", 0 0, L_0xa5184d0;  1 drivers
v0xa39f200_0 .net *"_ivl_42", 0 0, L_0xa518630;  1 drivers
v0xa39f2e0_0 .net *"_ivl_44", 0 0, L_0xa5186d0;  1 drivers
v0xa39f3c0_0 .net *"_ivl_46", 0 0, L_0xa518770;  1 drivers
v0xa39f4a0_0 .net *"_ivl_47", 0 0, L_0xa518880;  1 drivers
v0xa39f580_0 .net *"_ivl_49", 0 0, L_0xa518940;  1 drivers
v0xa39f660_0 .net *"_ivl_54", 0 0, L_0xa518aa0;  1 drivers
v0xa39f740_0 .net *"_ivl_56", 0 0, L_0xa518b40;  1 drivers
v0xa39f820_0 .net *"_ivl_57", 0 0, L_0xa518810;  1 drivers
v0xa39f900_0 .net *"_ivl_59", 0 0, L_0xa518d00;  1 drivers
v0xa39f9e0_0 .net *"_ivl_64", 0 0, L_0xa518e80;  1 drivers
v0xa39fac0_0 .net *"_ivl_66", 0 0, L_0xa518fb0;  1 drivers
v0xa39fba0_0 .net *"_ivl_67", 0 0, L_0xa519170;  1 drivers
v0xa39fc80_0 .net *"_ivl_7", 0 0, L_0xa517d70;  1 drivers
v0xa39fd60_0 .net *"_ivl_70", 0 0, L_0xa5191e0;  1 drivers
v0xa39fe40_0 .net *"_ivl_71", 0 0, L_0xa519280;  1 drivers
v0xa39ff20_0 .net *"_ivl_76", 0 0, L_0xa519390;  1 drivers
v0xa3a0000_0 .net *"_ivl_78", 0 0, L_0xa5194d0;  1 drivers
v0xa3a00e0_0 .net *"_ivl_79", 0 0, L_0xa518e10;  1 drivers
v0xa3a01c0_0 .net *"_ivl_82", 0 0, L_0xa5195c0;  1 drivers
v0xa3a02a0_0 .net *"_ivl_83", 0 0, L_0xa519430;  1 drivers
v0xa3a0380_0 .net *"_ivl_89", 0 0, L_0xa5199d0;  1 drivers
v0xa3a0460_0 .net *"_ivl_9", 0 0, L_0xa517e60;  1 drivers
v0xa3a0540_0 .net *"_ivl_91", 0 0, L_0xa519660;  1 drivers
v0xa3a0620_0 .net *"_ivl_92", 0 0, L_0xa519b30;  1 drivers
v0xa3a0700_0 .net *"_ivl_95", 0 0, L_0xa519c40;  1 drivers
v0xa3a07e0_0 .net *"_ivl_96", 0 0, L_0xa519a70;  1 drivers
v0xa3a08c0_0 .net "carry", 3 0, L_0xa518540;  1 drivers
v0xa3a09a0_0 .net "carry_in", 0 0, L_0xa51b640;  1 drivers
v0xa3a0a60_0 .net "carry_out", 0 0, L_0xa519ef0;  1 drivers
v0xa3a0b20_0 .net "gen", 3 0, L_0xa517bf0;  1 drivers
v0xa3a0c00_0 .net "gen_out", 0 0, L_0xa51afb0;  1 drivers
v0xa3a0cc0_0 .net "prop", 3 0, L_0xa517c60;  1 drivers
v0xa3a0da0_0 .net "prop_out", 0 0, L_0xa51a0a0;  1 drivers
v0xa3a0e60_0 .net "val1", 3 0, L_0xa51b490;  1 drivers
v0xa3a0f40_0 .net "val2", 3 0, L_0xa51b530;  1 drivers
v0xa3a1430_0 .net "val_out", 3 0, L_0xa519840;  1 drivers
L_0xa517d70 .part L_0xa517bf0, 0, 1;
L_0xa517e60 .part L_0xa517c60, 0, 1;
L_0xa517fc0 .part L_0xa517bf0, 1, 1;
L_0xa518060 .part L_0xa518540, 0, 1;
L_0xa518100 .part L_0xa517c60, 1, 1;
L_0xa518280 .part L_0xa517bf0, 2, 1;
L_0xa518320 .part L_0xa518540, 1, 1;
L_0xa5183c0 .part L_0xa517c60, 2, 1;
L_0xa518540 .concat8 [ 1 1 1 1], L_0xa4f9420, L_0xa518210, L_0xa5184d0, L_0xa518940;
L_0xa518630 .part L_0xa517bf0, 3, 1;
L_0xa5186d0 .part L_0xa518540, 2, 1;
L_0xa518770 .part L_0xa517c60, 3, 1;
L_0xa518aa0 .part L_0xa51b490, 0, 1;
L_0xa518b40 .part L_0xa51b530, 0, 1;
L_0xa518e80 .part L_0xa51b490, 1, 1;
L_0xa518fb0 .part L_0xa51b530, 1, 1;
L_0xa5191e0 .part L_0xa518540, 0, 1;
L_0xa519390 .part L_0xa51b490, 2, 1;
L_0xa5194d0 .part L_0xa51b530, 2, 1;
L_0xa5195c0 .part L_0xa518540, 1, 1;
L_0xa519840 .concat8 [ 1 1 1 1], L_0xa518d00, L_0xa519280, L_0xa519430, L_0xa519a70;
L_0xa5199d0 .part L_0xa51b490, 3, 1;
L_0xa519660 .part L_0xa51b530, 3, 1;
L_0xa519c40 .part L_0xa518540, 2, 1;
L_0xa519ef0 .part L_0xa518540, 3, 1;
L_0xa51a0a0 .reduce/and L_0xa517c60;
L_0xa519ce0 .part L_0xa517bf0, 3, 1;
L_0xa51a220 .part L_0xa517c60, 3, 1;
L_0xa51a140 .part L_0xa517bf0, 2, 1;
L_0xa519e50 .part L_0xa517c60, 3, 1;
L_0xa51a2c0 .part L_0xa517c60, 2, 1;
L_0xa51a8e0 .part L_0xa517bf0, 1, 1;
L_0xa51ad50 .part L_0xa517c60, 3, 1;
L_0xa51adf0 .part L_0xa517c60, 2, 1;
L_0xa51abf0 .part L_0xa517c60, 1, 1;
L_0xa51b190 .part L_0xa517bf0, 0, 1;
S_0xa3a1630 .scope module, "adder3" "add_pg_4" 8 60, 9 3 0, S_0xa395650;
 .timescale -9 -12;
    .port_info 0 /INPUT 4 "val1";
    .port_info 1 /INPUT 4 "val2";
    .port_info 2 /INPUT 1 "carry_in";
    .port_info 3 /OUTPUT 4 "val_out";
    .port_info 4 /OUTPUT 1 "carry_out";
    .port_info 5 /OUTPUT 1 "prop_out";
    .port_info 6 /OUTPUT 1 "gen_out";
L_0xa51bab0 .functor AND 4, L_0xa51f800, L_0xa51f8a0, C4<1111>, C4<1111>;
L_0xa51bb20 .functor XOR 4, L_0xa51f800, L_0xa51f8a0, C4<0000>, C4<0000>;
L_0xa51be10 .functor AND 1, L_0xa51f9e0, L_0xa51bd20, C4<1>, C4<1>;
L_0xa51bed0 .functor OR 1, L_0xa51bc30, L_0xa51be10, C4<0>, C4<0>;
L_0xa51c1c0 .functor AND 1, L_0xa51c080, L_0xa51c120, C4<1>, C4<1>;
L_0xa51c2d0 .functor OR 1, L_0xa51bfe0, L_0xa51c1c0, C4<0>, C4<0>;
L_0xa51c610 .functor AND 1, L_0xa51c480, L_0xa51c520, C4<1>, C4<1>;
L_0xa51c6d0 .functor OR 1, L_0xa51c3e0, L_0xa51c610, C4<0>, C4<0>;
L_0xa51cca0 .functor AND 1, L_0xa51ca60, L_0xa51cb90, C4<1>, C4<1>;
L_0xa51cd10 .functor OR 1, L_0xa51c9c0, L_0xa51cca0, C4<0>, C4<0>;
L_0xa51cc30 .functor XOR 1, L_0xa51ce70, L_0xa51cf10, C4<0>, C4<0>;
L_0xa51d000 .functor XOR 1, L_0xa51cc30, L_0xa51f9e0, C4<0>, C4<0>;
L_0xa51d470 .functor XOR 1, L_0xa51d180, L_0xa51d2b0, C4<0>, C4<0>;
L_0xa51d580 .functor XOR 1, L_0xa51d470, L_0xa51d4e0, C4<0>, C4<0>;
L_0xa51d110 .functor XOR 1, L_0xa51d690, L_0xa51d7d0, C4<0>, C4<0>;
L_0xa51d730 .functor XOR 1, L_0xa51d110, L_0xa51d8c0, C4<0>, C4<0>;
L_0xa51de30 .functor XOR 1, L_0xa51dcd0, L_0xa51d960, C4<0>, C4<0>;
L_0xa51dd70 .functor XOR 1, L_0xa51de30, L_0xa51df40, C4<0>, C4<0>;
L_0xa51e6b0 .functor AND 1, L_0xa51e520, L_0xa51e440, C4<1>, C4<1>;
L_0xa51e7c0 .functor OR 1, L_0xa51dfe0, L_0xa51e6b0, C4<0>, C4<0>;
L_0xa51eb90 .functor AND 1, L_0xa51e150, L_0xa51e5c0, C4<1>, C4<1>;
L_0xa51ea90 .functor AND 1, L_0xa51eb90, L_0xa51ec50, C4<1>, C4<1>;
L_0xa51e8d0 .functor OR 1, L_0xa51e7c0, L_0xa51ea90, C4<0>, C4<0>;
L_0xa51ee00 .functor AND 1, L_0xa51f0c0, L_0xa51f160, C4<1>, C4<1>;
L_0xa51f3f0 .functor AND 1, L_0xa51ee00, L_0xa51ef60, C4<1>, C4<1>;
L_0xa51f200 .functor AND 1, L_0xa51f3f0, L_0xa51f500, C4<1>, C4<1>;
L_0xa51f320 .functor OR 1, L_0xa51e8d0, L_0xa51f200, C4<0>, C4<0>;
v0xa3a18b0_0 .net *"_ivl_10", 0 0, L_0xa51be10;  1 drivers
v0xa3a19b0_0 .net *"_ivl_103", 0 0, L_0xa51dfe0;  1 drivers
v0xa3a1a90_0 .net *"_ivl_105", 0 0, L_0xa51e520;  1 drivers
v0xa3a1b50_0 .net *"_ivl_107", 0 0, L_0xa51e440;  1 drivers
v0xa3a1c30_0 .net *"_ivl_108", 0 0, L_0xa51e6b0;  1 drivers
v0xa3a1d60_0 .net *"_ivl_110", 0 0, L_0xa51e7c0;  1 drivers
v0xa3a1e40_0 .net *"_ivl_113", 0 0, L_0xa51e150;  1 drivers
v0xa3a1f20_0 .net *"_ivl_115", 0 0, L_0xa51e5c0;  1 drivers
v0xa3a2000_0 .net *"_ivl_116", 0 0, L_0xa51eb90;  1 drivers
v0xa3a20e0_0 .net *"_ivl_119", 0 0, L_0xa51ec50;  1 drivers
v0xa3a21c0_0 .net *"_ivl_12", 0 0, L_0xa51bed0;  1 drivers
v0xa3a22a0_0 .net *"_ivl_120", 0 0, L_0xa51ea90;  1 drivers
v0xa3a2380_0 .net *"_ivl_122", 0 0, L_0xa51e8d0;  1 drivers
v0xa3a2460_0 .net *"_ivl_125", 0 0, L_0xa51f0c0;  1 drivers
v0xa3a2540_0 .net *"_ivl_127", 0 0, L_0xa51f160;  1 drivers
v0xa3a2620_0 .net *"_ivl_128", 0 0, L_0xa51ee00;  1 drivers
v0xa3a2700_0 .net *"_ivl_131", 0 0, L_0xa51ef60;  1 drivers
v0xa3a27e0_0 .net *"_ivl_132", 0 0, L_0xa51f3f0;  1 drivers
v0xa3a28c0_0 .net *"_ivl_135", 0 0, L_0xa51f500;  1 drivers
v0xa3a29a0_0 .net *"_ivl_136", 0 0, L_0xa51f200;  1 drivers
v0xa3a2a80_0 .net *"_ivl_17", 0 0, L_0xa51bfe0;  1 drivers
v0xa3a2b60_0 .net *"_ivl_19", 0 0, L_0xa51c080;  1 drivers
v0xa3a2c40_0 .net *"_ivl_21", 0 0, L_0xa51c120;  1 drivers
v0xa3a2d20_0 .net *"_ivl_22", 0 0, L_0xa51c1c0;  1 drivers
v0xa3a2e00_0 .net *"_ivl_24", 0 0, L_0xa51c2d0;  1 drivers
v0xa3a2ee0_0 .net *"_ivl_29", 0 0, L_0xa51c3e0;  1 drivers
v0xa3a2fc0_0 .net *"_ivl_31", 0 0, L_0xa51c480;  1 drivers
v0xa3a30a0_0 .net *"_ivl_33", 0 0, L_0xa51c520;  1 drivers
v0xa3a3180_0 .net *"_ivl_34", 0 0, L_0xa51c610;  1 drivers
v0xa3a3260_0 .net *"_ivl_36", 0 0, L_0xa51c6d0;  1 drivers
v0xa3a3340_0 .net *"_ivl_42", 0 0, L_0xa51c9c0;  1 drivers
v0xa3a3420_0 .net *"_ivl_44", 0 0, L_0xa51ca60;  1 drivers
v0xa3a3500_0 .net *"_ivl_46", 0 0, L_0xa51cb90;  1 drivers
v0xa3a35e0_0 .net *"_ivl_47", 0 0, L_0xa51cca0;  1 drivers
v0xa3a36c0_0 .net *"_ivl_49", 0 0, L_0xa51cd10;  1 drivers
v0xa3a37a0_0 .net *"_ivl_54", 0 0, L_0xa51ce70;  1 drivers
v0xa3a3880_0 .net *"_ivl_56", 0 0, L_0xa51cf10;  1 drivers
v0xa3a3960_0 .net *"_ivl_57", 0 0, L_0xa51cc30;  1 drivers
v0xa3a3a40_0 .net *"_ivl_59", 0 0, L_0xa51d000;  1 drivers
v0xa3a3b20_0 .net *"_ivl_64", 0 0, L_0xa51d180;  1 drivers
v0xa3a3c00_0 .net *"_ivl_66", 0 0, L_0xa51d2b0;  1 drivers
v0xa3a3ce0_0 .net *"_ivl_67", 0 0, L_0xa51d470;  1 drivers
v0xa3a3dc0_0 .net *"_ivl_7", 0 0, L_0xa51bc30;  1 drivers
v0xa3a3ea0_0 .net *"_ivl_70", 0 0, L_0xa51d4e0;  1 drivers
v0xa3a3f80_0 .net *"_ivl_71", 0 0, L_0xa51d580;  1 drivers
v0xa3a4060_0 .net *"_ivl_76", 0 0, L_0xa51d690;  1 drivers
v0xa3a4140_0 .net *"_ivl_78", 0 0, L_0xa51d7d0;  1 drivers
v0xa3a4220_0 .net *"_ivl_79", 0 0, L_0xa51d110;  1 drivers
v0xa3a4300_0 .net *"_ivl_82", 0 0, L_0xa51d8c0;  1 drivers
v0xa3a43e0_0 .net *"_ivl_83", 0 0, L_0xa51d730;  1 drivers
v0xa3a44c0_0 .net *"_ivl_89", 0 0, L_0xa51dcd0;  1 drivers
v0xa3a45a0_0 .net *"_ivl_9", 0 0, L_0xa51bd20;  1 drivers
v0xa3a4680_0 .net *"_ivl_91", 0 0, L_0xa51d960;  1 drivers
v0xa3a4760_0 .net *"_ivl_92", 0 0, L_0xa51de30;  1 drivers
v0xa3a4840_0 .net *"_ivl_95", 0 0, L_0xa51df40;  1 drivers
v0xa3a4920_0 .net *"_ivl_96", 0 0, L_0xa51dd70;  1 drivers
v0xa3a4a00_0 .net "carry", 3 0, L_0xa51c830;  1 drivers
v0xa3a4ae0_0 .net "carry_in", 0 0, L_0xa51f9e0;  1 drivers
v0xa3a4ba0_0 .net8 "carry_out", 0 0, RS_0x7f41ebed1c98;  alias, 2 drivers
v0xa3a4c60_0 .net "gen", 3 0, L_0xa51bab0;  1 drivers
v0xa3a4d40_0 .net "gen_out", 0 0, L_0xa51f320;  1 drivers
v0xa3a4e00_0 .net "prop", 3 0, L_0xa51bb20;  1 drivers
v0xa3a4ee0_0 .net "prop_out", 0 0, L_0xa51e3a0;  1 drivers
v0xa3a4fa0_0 .net "val1", 3 0, L_0xa51f800;  1 drivers
v0xa3a5080_0 .net "val2", 3 0, L_0xa51f8a0;  1 drivers
v0xa3a5570_0 .net "val_out", 3 0, L_0xa51db40;  1 drivers
L_0xa51bc30 .part L_0xa51bab0, 0, 1;
L_0xa51bd20 .part L_0xa51bb20, 0, 1;
L_0xa51bfe0 .part L_0xa51bab0, 1, 1;
L_0xa51c080 .part L_0xa51c830, 0, 1;
L_0xa51c120 .part L_0xa51bb20, 1, 1;
L_0xa51c3e0 .part L_0xa51bab0, 2, 1;
L_0xa51c480 .part L_0xa51c830, 1, 1;
L_0xa51c520 .part L_0xa51bb20, 2, 1;
L_0xa51c830 .concat8 [ 1 1 1 1], L_0xa51bed0, L_0xa51c2d0, L_0xa51c6d0, L_0xa51cd10;
L_0xa51c9c0 .part L_0xa51bab0, 3, 1;
L_0xa51ca60 .part L_0xa51c830, 2, 1;
L_0xa51cb90 .part L_0xa51bb20, 3, 1;
L_0xa51ce70 .part L_0xa51f800, 0, 1;
L_0xa51cf10 .part L_0xa51f8a0, 0, 1;
L_0xa51d180 .part L_0xa51f800, 1, 1;
L_0xa51d2b0 .part L_0xa51f8a0, 1, 1;
L_0xa51d4e0 .part L_0xa51c830, 0, 1;
L_0xa51d690 .part L_0xa51f800, 2, 1;
L_0xa51d7d0 .part L_0xa51f8a0, 2, 1;
L_0xa51d8c0 .part L_0xa51c830, 1, 1;
L_0xa51db40 .concat8 [ 1 1 1 1], L_0xa51d000, L_0xa51d580, L_0xa51d730, L_0xa51dd70;
L_0xa51dcd0 .part L_0xa51f800, 3, 1;
L_0xa51d960 .part L_0xa51f8a0, 3, 1;
L_0xa51df40 .part L_0xa51c830, 2, 1;
L_0xa51e1f0 .part L_0xa51c830, 3, 1;
L_0xa51e3a0 .reduce/and L_0xa51bb20;
L_0xa51dfe0 .part L_0xa51bab0, 3, 1;
L_0xa51e520 .part L_0xa51bb20, 3, 1;
L_0xa51e440 .part L_0xa51bab0, 2, 1;
L_0xa51e150 .part L_0xa51bb20, 3, 1;
L_0xa51e5c0 .part L_0xa51bb20, 2, 1;
L_0xa51ec50 .part L_0xa51bab0, 1, 1;
L_0xa51f0c0 .part L_0xa51bb20, 3, 1;
L_0xa51f160 .part L_0xa51bb20, 2, 1;
L_0xa51ef60 .part L_0xa51bb20, 1, 1;
L_0xa51f500 .part L_0xa51bab0, 0, 1;
S_0xa3a80a0 .scope module, "adder1" "add_pg_16" 7 32, 8 3 0, S_0xa3953d0;
 .timescale -9 -12;
    .port_info 0 /INPUT 16 "val1";
    .port_info 1 /INPUT 16 "val2";
    .port_info 2 /INPUT 1 "carry_in";
    .port_info 3 /OUTPUT 16 "val_out";
    .port_info 4 /OUTPUT 1 "carry_out";
    .port_info 5 /OUTPUT 1 "prop_out";
    .port_info 6 /OUTPUT 1 "gen_out";
L_0xa525e50 .functor AND 1, L_0xa534960, L_0xa525db0, C4<1>, C4<1>;
L_0xa525ec0 .functor OR 1, L_0xa525d10, L_0xa525e50, C4<0>, C4<0>;
L_0xa52a250 .functor AND 1, L_0xa52a070, L_0xa52a160, C4<1>, C4<1>;
L_0xa52a310 .functor OR 1, L_0xa529f30, L_0xa52a250, C4<0>, C4<0>;
L_0xa52e1b0 .functor AND 1, L_0xa52e360, L_0xa52e400, C4<1>, C4<1>;
L_0xa52e580 .functor OR 1, L_0xa52e2c0, L_0xa52e1b0, C4<0>, C4<0>;
L_0xa532d60 .functor AND 1, L_0xa532b10, L_0xa532e30, C4<1>, C4<1>;
L_0xa533000 .functor OR 1, L_0xa532cc0, L_0xa532d60, C4<0>, C4<0>;
L_0xa533690 .functor AND 1, L_0xa5334f0, L_0xa533400, C4<1>, C4<1>;
L_0xa533750 .functor OR 1, L_0xa532ed0, L_0xa533690, C4<0>, C4<0>;
L_0xa533b20 .functor AND 1, L_0xa533860, L_0xa533590, C4<1>, C4<1>;
L_0xa533a10 .functor AND 1, L_0xa533b20, L_0xa533b90, C4<1>, C4<1>;
L_0xa533ed0 .functor OR 1, L_0xa533750, L_0xa533a10, C4<0>, C4<0>;
L_0xa533d40 .functor AND 1, L_0xa533fe0, L_0xa534080, C4<1>, C4<1>;
L_0xa533e60 .functor AND 1, L_0xa533d40, L_0xa534250, C4<1>, C4<1>;
L_0xa534120 .functor AND 1, L_0xa533e60, L_0xa534390, C4<1>, C4<1>;
L_0xa534600 .functor OR 1, L_0xa533ed0, L_0xa534120, C4<0>, C4<0>;
v0xa3b8b20_0 .net *"_ivl_101", 0 0, L_0xa532ed0;  1 drivers
v0xa3b8c20_0 .net *"_ivl_103", 0 0, L_0xa5334f0;  1 drivers
v0xa3b8d00_0 .net *"_ivl_105", 0 0, L_0xa533400;  1 drivers
v0xa3b8dc0_0 .net *"_ivl_106", 0 0, L_0xa533690;  1 drivers
v0xa3b8ea0_0 .net *"_ivl_108", 0 0, L_0xa533750;  1 drivers
v0xa3b8f80_0 .net *"_ivl_111", 0 0, L_0xa533860;  1 drivers
v0xa3b9060_0 .net *"_ivl_113", 0 0, L_0xa533590;  1 drivers
v0xa3b9140_0 .net *"_ivl_114", 0 0, L_0xa533b20;  1 drivers
v0xa3b9220_0 .net *"_ivl_117", 0 0, L_0xa533b90;  1 drivers
v0xa3b9300_0 .net *"_ivl_118", 0 0, L_0xa533a10;  1 drivers
v0xa3b93e0_0 .net *"_ivl_120", 0 0, L_0xa533ed0;  1 drivers
v0xa3b94c0_0 .net *"_ivl_123", 0 0, L_0xa533fe0;  1 drivers
v0xa3b95a0_0 .net *"_ivl_125", 0 0, L_0xa534080;  1 drivers
v0xa3b9680_0 .net *"_ivl_126", 0 0, L_0xa533d40;  1 drivers
v0xa3b9760_0 .net *"_ivl_129", 0 0, L_0xa534250;  1 drivers
v0xa3b9840_0 .net *"_ivl_13", 0 0, L_0xa525d10;  1 drivers
v0xa3b9920_0 .net *"_ivl_130", 0 0, L_0xa533e60;  1 drivers
v0xa3b9a00_0 .net *"_ivl_133", 0 0, L_0xa534390;  1 drivers
v0xa3b9ae0_0 .net *"_ivl_134", 0 0, L_0xa534120;  1 drivers
v0xa3b9bc0_0 .net *"_ivl_15", 0 0, L_0xa525db0;  1 drivers
v0xa3b9ca0_0 .net *"_ivl_16", 0 0, L_0xa525e50;  1 drivers
v0xa3b9d80_0 .net *"_ivl_18", 0 0, L_0xa525ec0;  1 drivers
v0xa3b9e60_0 .net *"_ivl_35", 0 0, L_0xa529f30;  1 drivers
v0xa3b9f40_0 .net *"_ivl_37", 0 0, L_0xa52a070;  1 drivers
v0xa3ba020_0 .net *"_ivl_39", 0 0, L_0xa52a160;  1 drivers
v0xa3ba100_0 .net *"_ivl_40", 0 0, L_0xa52a250;  1 drivers
v0xa3ba1e0_0 .net *"_ivl_42", 0 0, L_0xa52a310;  1 drivers
v0xa3ba2c0_0 .net *"_ivl_59", 0 0, L_0xa52e2c0;  1 drivers
v0xa3ba3a0_0 .net *"_ivl_61", 0 0, L_0xa52e360;  1 drivers
v0xa3ba480_0 .net *"_ivl_63", 0 0, L_0xa52e400;  1 drivers
v0xa3ba560_0 .net *"_ivl_64", 0 0, L_0xa52e1b0;  1 drivers
v0xa3ba640_0 .net *"_ivl_66", 0 0, L_0xa52e580;  1 drivers
v0xa3ba720_0 .net *"_ivl_87", 0 0, L_0xa532cc0;  1 drivers
v0xa3ba800_0 .net *"_ivl_89", 0 0, L_0xa532b10;  1 drivers
v0xa3ba8e0_0 .net *"_ivl_91", 0 0, L_0xa532e30;  1 drivers
v0xa3ba9c0_0 .net *"_ivl_92", 0 0, L_0xa532d60;  1 drivers
v0xa3baaa0_0 .net *"_ivl_94", 0 0, L_0xa533000;  1 drivers
v0xa3bab80_0 .net "carry", 3 0, L_0xa532750;  1 drivers
v0xa3bac60_0 .net "carry_in", 0 0, L_0xa534960;  1 drivers
RS_0x7f41ebed5d18 .resolv tri, L_0xa530dd0, L_0xa5331b0;
v0xa3bad00_0 .net8 "carry_out", 0 0, RS_0x7f41ebed5d18;  2 drivers
v0xa3badd0_0 .net "gen", 3 0, L_0xa5328f0;  1 drivers
v0xa3bae70_0 .net "gen_out", 0 0, L_0xa534600;  1 drivers
v0xa3baf30_0 .net "prop", 3 0, L_0xa532520;  1 drivers
v0xa3bb010_0 .net "prop_out", 0 0, L_0xa533360;  1 drivers
v0xa3bb0d0_0 .net "val1", 15 0, L_0xa534710;  1 drivers
v0xa3bb1b0_0 .net "val2", 15 0, L_0xa5347b0;  1 drivers
v0xa3bb290_0 .net "val_out", 15 0, L_0xa532660;  1 drivers
L_0xa525bd0 .part L_0xa534710, 0, 4;
L_0xa525c70 .part L_0xa5347b0, 0, 4;
L_0xa525d10 .part L_0xa5328f0, 0, 1;
L_0xa525db0 .part L_0xa532520, 0, 1;
L_0xa529cb0 .part L_0xa534710, 4, 4;
L_0xa529da0 .part L_0xa5347b0, 4, 4;
L_0xa529e90 .part L_0xa532750, 0, 1;
L_0xa529f30 .part L_0xa5328f0, 1, 1;
L_0xa52a070 .part L_0xa532750, 0, 1;
L_0xa52a160 .part L_0xa532520, 1, 1;
L_0xa52e070 .part L_0xa534710, 8, 4;
L_0xa52e110 .part L_0xa5347b0, 8, 4;
L_0xa52e220 .part L_0xa532750, 1, 1;
L_0xa52e2c0 .part L_0xa5328f0, 2, 1;
L_0xa52e360 .part L_0xa532750, 1, 1;
L_0xa52e400 .part L_0xa532520, 2, 1;
L_0xa5323e0 .part L_0xa534710, 12, 4;
L_0xa532480 .part L_0xa5347b0, 12, 4;
L_0xa5325c0 .part L_0xa532750, 2, 1;
L_0xa532660 .concat8 [ 4 4 4 4], L_0xa523f80, L_0xa528060, L_0xa52c420, L_0xa530720;
L_0xa532520 .concat8 [ 1 1 1 1], L_0xa5247e0, L_0xa5288c0, L_0xa52cc80, L_0xa530f80;
L_0xa5328f0 .concat8 [ 1 1 1 1], L_0xa5256f0, L_0xa5297d0, L_0xa52db90, L_0xa531f00;
L_0xa532750 .concat8 [ 1 1 1 1], L_0xa525ec0, L_0xa52a310, L_0xa52e580, L_0xa533000;
L_0xa532cc0 .part L_0xa5328f0, 3, 1;
L_0xa532b10 .part L_0xa532750, 2, 1;
L_0xa532e30 .part L_0xa532520, 3, 1;
L_0xa5331b0 .part L_0xa532750, 3, 1;
L_0xa533360 .reduce/and L_0xa532520;
L_0xa532ed0 .part L_0xa5328f0, 3, 1;
L_0xa5334f0 .part L_0xa532520, 3, 1;
L_0xa533400 .part L_0xa5328f0, 2, 1;
L_0xa533860 .part L_0xa532520, 3, 1;
L_0xa533590 .part L_0xa532520, 2, 1;
L_0xa533b90 .part L_0xa5328f0, 1, 1;
L_0xa533fe0 .part L_0xa532520, 3, 1;
L_0xa534080 .part L_0xa532520, 2, 1;
L_0xa534250 .part L_0xa532520, 1, 1;
L_0xa534390 .part L_0xa5328f0, 0, 1;
S_0xa3a8340 .scope module, "adder0" "add_pg_4" 8 18, 9 3 0, S_0xa3a80a0;
 .timescale -9 -12;
    .port_info 0 /INPUT 4 "val1";
    .port_info 1 /INPUT 4 "val2";
    .port_info 2 /INPUT 1 "carry_in";
    .port_info 3 /OUTPUT 4 "val_out";
    .port_info 4 /OUTPUT 1 "carry_out";
    .port_info 5 /OUTPUT 1 "prop_out";
    .port_info 6 /OUTPUT 1 "gen_out";
L_0xa521f80 .functor AND 4, L_0xa525bd0, L_0xa525c70, C4<1111>, C4<1111>;
L_0xa521ff0 .functor XOR 4, L_0xa525bd0, L_0xa525c70, C4<0000>, C4<0000>;
L_0xa5222e0 .functor AND 1, L_0xa534960, L_0xa5221f0, C4<1>, C4<1>;
L_0xa5223f0 .functor OR 1, L_0xa522100, L_0xa5222e0, C4<0>, C4<0>;
L_0xa5226e0 .functor AND 1, L_0xa5225a0, L_0xa522640, C4<1>, C4<1>;
L_0xa5227f0 .functor OR 1, L_0xa522500, L_0xa5226e0, C4<0>, C4<0>;
L_0xa522b30 .functor AND 1, L_0xa5229a0, L_0xa522a40, C4<1>, C4<1>;
L_0xa522bf0 .functor OR 1, L_0xa522900, L_0xa522b30, C4<0>, C4<0>;
L_0xa523130 .functor AND 1, L_0xa522f80, L_0xa523020, C4<1>, C4<1>;
L_0xa5231a0 .functor OR 1, L_0xa522ee0, L_0xa523130, C4<0>, C4<0>;
L_0xa5230c0 .functor XOR 1, L_0xa523300, L_0xa5233a0, C4<0>, C4<0>;
L_0xa523490 .functor XOR 1, L_0xa5230c0, L_0xa534960, C4<0>, C4<0>;
L_0xa5238b0 .functor XOR 1, L_0xa5235c0, L_0xa5236f0, C4<0>, C4<0>;
L_0xa5239c0 .functor XOR 1, L_0xa5238b0, L_0xa523920, C4<0>, C4<0>;
L_0xa523550 .functor XOR 1, L_0xa523ad0, L_0xa523c10, C4<0>, C4<0>;
L_0xa523b70 .functor XOR 1, L_0xa523550, L_0xa523d00, C4<0>, C4<0>;
L_0xa524270 .functor XOR 1, L_0xa524110, L_0xa523da0, C4<0>, C4<0>;
L_0xa5241b0 .functor XOR 1, L_0xa524270, L_0xa524380, C4<0>, C4<0>;
L_0xa523ef0 .functor AND 1, L_0xa524960, L_0xa524880, C4<1>, C4<1>;
L_0xa524b90 .functor OR 1, L_0xa524420, L_0xa523ef0, C4<0>, C4<0>;
L_0xa524f60 .functor AND 1, L_0xa524590, L_0xa524a00, C4<1>, C4<1>;
L_0xa524e60 .functor AND 1, L_0xa524f60, L_0xa525020, C4<1>, C4<1>;
L_0xa524ca0 .functor OR 1, L_0xa524b90, L_0xa524e60, C4<0>, C4<0>;
L_0xa5251d0 .functor AND 1, L_0xa525490, L_0xa525530, C4<1>, C4<1>;
L_0xa5257c0 .functor AND 1, L_0xa5251d0, L_0xa525330, C4<1>, C4<1>;
L_0xa5255d0 .functor AND 1, L_0xa5257c0, L_0xa5258d0, C4<1>, C4<1>;
L_0xa5256f0 .functor OR 1, L_0xa524ca0, L_0xa5255d0, C4<0>, C4<0>;
v0xa3a8650_0 .net *"_ivl_10", 0 0, L_0xa5222e0;  1 drivers
v0xa3a8750_0 .net *"_ivl_103", 0 0, L_0xa524420;  1 drivers
v0xa3a8830_0 .net *"_ivl_105", 0 0, L_0xa524960;  1 drivers
v0xa3a8920_0 .net *"_ivl_107", 0 0, L_0xa524880;  1 drivers
v0xa3a8a00_0 .net *"_ivl_108", 0 0, L_0xa523ef0;  1 drivers
v0xa3a8b30_0 .net *"_ivl_110", 0 0, L_0xa524b90;  1 drivers
v0xa3a8c10_0 .net *"_ivl_113", 0 0, L_0xa524590;  1 drivers
v0xa3a8cf0_0 .net *"_ivl_115", 0 0, L_0xa524a00;  1 drivers
v0xa3a8dd0_0 .net *"_ivl_116", 0 0, L_0xa524f60;  1 drivers
v0xa3a8eb0_0 .net *"_ivl_119", 0 0, L_0xa525020;  1 drivers
v0xa3a8f90_0 .net *"_ivl_12", 0 0, L_0xa5223f0;  1 drivers
v0xa3a9070_0 .net *"_ivl_120", 0 0, L_0xa524e60;  1 drivers
v0xa3a9150_0 .net *"_ivl_122", 0 0, L_0xa524ca0;  1 drivers
v0xa3a9230_0 .net *"_ivl_125", 0 0, L_0xa525490;  1 drivers
v0xa3a9310_0 .net *"_ivl_127", 0 0, L_0xa525530;  1 drivers
v0xa3a93f0_0 .net *"_ivl_128", 0 0, L_0xa5251d0;  1 drivers
v0xa3a94d0_0 .net *"_ivl_131", 0 0, L_0xa525330;  1 drivers
v0xa3a95b0_0 .net *"_ivl_132", 0 0, L_0xa5257c0;  1 drivers
v0xa3a9690_0 .net *"_ivl_135", 0 0, L_0xa5258d0;  1 drivers
v0xa3a9770_0 .net *"_ivl_136", 0 0, L_0xa5255d0;  1 drivers
v0xa3a9850_0 .net *"_ivl_17", 0 0, L_0xa522500;  1 drivers
v0xa3a9930_0 .net *"_ivl_19", 0 0, L_0xa5225a0;  1 drivers
v0xa3a9a10_0 .net *"_ivl_21", 0 0, L_0xa522640;  1 drivers
v0xa3a9af0_0 .net *"_ivl_22", 0 0, L_0xa5226e0;  1 drivers
v0xa3a9bd0_0 .net *"_ivl_24", 0 0, L_0xa5227f0;  1 drivers
v0xa3a9cb0_0 .net *"_ivl_29", 0 0, L_0xa522900;  1 drivers
v0xa3a9d90_0 .net *"_ivl_31", 0 0, L_0xa5229a0;  1 drivers
v0xa3a9e70_0 .net *"_ivl_33", 0 0, L_0xa522a40;  1 drivers
v0xa3a9f50_0 .net *"_ivl_34", 0 0, L_0xa522b30;  1 drivers
v0xa3aa030_0 .net *"_ivl_36", 0 0, L_0xa522bf0;  1 drivers
v0xa3aa110_0 .net *"_ivl_42", 0 0, L_0xa522ee0;  1 drivers
v0xa3aa1f0_0 .net *"_ivl_44", 0 0, L_0xa522f80;  1 drivers
v0xa3aa2d0_0 .net *"_ivl_46", 0 0, L_0xa523020;  1 drivers
v0xa3aa5c0_0 .net *"_ivl_47", 0 0, L_0xa523130;  1 drivers
v0xa3aa6a0_0 .net *"_ivl_49", 0 0, L_0xa5231a0;  1 drivers
v0xa3aa780_0 .net *"_ivl_54", 0 0, L_0xa523300;  1 drivers
v0xa3aa860_0 .net *"_ivl_56", 0 0, L_0xa5233a0;  1 drivers
v0xa3aa940_0 .net *"_ivl_57", 0 0, L_0xa5230c0;  1 drivers
v0xa3aaa20_0 .net *"_ivl_59", 0 0, L_0xa523490;  1 drivers
v0xa3aab00_0 .net *"_ivl_64", 0 0, L_0xa5235c0;  1 drivers
v0xa3aabe0_0 .net *"_ivl_66", 0 0, L_0xa5236f0;  1 drivers
v0xa3aacc0_0 .net *"_ivl_67", 0 0, L_0xa5238b0;  1 drivers
v0xa3aada0_0 .net *"_ivl_7", 0 0, L_0xa522100;  1 drivers
v0xa3aae80_0 .net *"_ivl_70", 0 0, L_0xa523920;  1 drivers
v0xa3aaf60_0 .net *"_ivl_71", 0 0, L_0xa5239c0;  1 drivers
v0xa3ab040_0 .net *"_ivl_76", 0 0, L_0xa523ad0;  1 drivers
v0xa3ab120_0 .net *"_ivl_78", 0 0, L_0xa523c10;  1 drivers
v0xa3ab200_0 .net *"_ivl_79", 0 0, L_0xa523550;  1 drivers
v0xa3ab2e0_0 .net *"_ivl_82", 0 0, L_0xa523d00;  1 drivers
v0xa3ab3c0_0 .net *"_ivl_83", 0 0, L_0xa523b70;  1 drivers
v0xa3ab4a0_0 .net *"_ivl_89", 0 0, L_0xa524110;  1 drivers
v0xa3ab580_0 .net *"_ivl_9", 0 0, L_0xa5221f0;  1 drivers
v0xa3ab660_0 .net *"_ivl_91", 0 0, L_0xa523da0;  1 drivers
v0xa3ab740_0 .net *"_ivl_92", 0 0, L_0xa524270;  1 drivers
v0xa3ab820_0 .net *"_ivl_95", 0 0, L_0xa524380;  1 drivers
v0xa3ab900_0 .net *"_ivl_96", 0 0, L_0xa5241b0;  1 drivers
v0xa3ab9e0_0 .net "carry", 3 0, L_0xa522d50;  1 drivers
v0xa3abac0_0 .net "carry_in", 0 0, L_0xa534960;  alias, 1 drivers
v0xa3abb80_0 .net "carry_out", 0 0, L_0xa524630;  1 drivers
v0xa3abc40_0 .net "gen", 3 0, L_0xa521f80;  1 drivers
v0xa3abd20_0 .net "gen_out", 0 0, L_0xa5256f0;  1 drivers
v0xa3abde0_0 .net "prop", 3 0, L_0xa521ff0;  1 drivers
v0xa3abec0_0 .net "prop_out", 0 0, L_0xa5247e0;  1 drivers
v0xa3abf80_0 .net "val1", 3 0, L_0xa525bd0;  1 drivers
v0xa3ac060_0 .net "val2", 3 0, L_0xa525c70;  1 drivers
v0xa3ac550_0 .net "val_out", 3 0, L_0xa523f80;  1 drivers
L_0xa522100 .part L_0xa521f80, 0, 1;
L_0xa5221f0 .part L_0xa521ff0, 0, 1;
L_0xa522500 .part L_0xa521f80, 1, 1;
L_0xa5225a0 .part L_0xa522d50, 0, 1;
L_0xa522640 .part L_0xa521ff0, 1, 1;
L_0xa522900 .part L_0xa521f80, 2, 1;
L_0xa5229a0 .part L_0xa522d50, 1, 1;
L_0xa522a40 .part L_0xa521ff0, 2, 1;
L_0xa522d50 .concat8 [ 1 1 1 1], L_0xa5223f0, L_0xa5227f0, L_0xa522bf0, L_0xa5231a0;
L_0xa522ee0 .part L_0xa521f80, 3, 1;
L_0xa522f80 .part L_0xa522d50, 2, 1;
L_0xa523020 .part L_0xa521ff0, 3, 1;
L_0xa523300 .part L_0xa525bd0, 0, 1;
L_0xa5233a0 .part L_0xa525c70, 0, 1;
L_0xa5235c0 .part L_0xa525bd0, 1, 1;
L_0xa5236f0 .part L_0xa525c70, 1, 1;
L_0xa523920 .part L_0xa522d50, 0, 1;
L_0xa523ad0 .part L_0xa525bd0, 2, 1;
L_0xa523c10 .part L_0xa525c70, 2, 1;
L_0xa523d00 .part L_0xa522d50, 1, 1;
L_0xa523f80 .concat8 [ 1 1 1 1], L_0xa523490, L_0xa5239c0, L_0xa523b70, L_0xa5241b0;
L_0xa524110 .part L_0xa525bd0, 3, 1;
L_0xa523da0 .part L_0xa525c70, 3, 1;
L_0xa524380 .part L_0xa522d50, 2, 1;
L_0xa524630 .part L_0xa522d50, 3, 1;
L_0xa5247e0 .reduce/and L_0xa521ff0;
L_0xa524420 .part L_0xa521f80, 3, 1;
L_0xa524960 .part L_0xa521ff0, 3, 1;
L_0xa524880 .part L_0xa521f80, 2, 1;
L_0xa524590 .part L_0xa521ff0, 3, 1;
L_0xa524a00 .part L_0xa521ff0, 2, 1;
L_0xa525020 .part L_0xa521f80, 1, 1;
L_0xa525490 .part L_0xa521ff0, 3, 1;
L_0xa525530 .part L_0xa521ff0, 2, 1;
L_0xa525330 .part L_0xa521ff0, 1, 1;
L_0xa5258d0 .part L_0xa521f80, 0, 1;
S_0xa3ac750 .scope module, "adder1" "add_pg_4" 8 32, 9 3 0, S_0xa3a80a0;
 .timescale -9 -12;
    .port_info 0 /INPUT 4 "val1";
    .port_info 1 /INPUT 4 "val2";
    .port_info 2 /INPUT 1 "carry_in";
    .port_info 3 /OUTPUT 4 "val_out";
    .port_info 4 /OUTPUT 1 "carry_out";
    .port_info 5 /OUTPUT 1 "prop_out";
    .port_info 6 /OUTPUT 1 "gen_out";
L_0xa525fd0 .functor AND 4, L_0xa529cb0, L_0xa529da0, C4<1111>, C4<1111>;
L_0xa526040 .functor XOR 4, L_0xa529cb0, L_0xa529da0, C4<0000>, C4<0000>;
L_0xa526330 .functor AND 1, L_0xa529e90, L_0xa526240, C4<1>, C4<1>;
L_0xa5263f0 .functor OR 1, L_0xa526150, L_0xa526330, C4<0>, C4<0>;
L_0xa5266e0 .functor AND 1, L_0xa5265a0, L_0xa526640, C4<1>, C4<1>;
L_0xa5267f0 .functor OR 1, L_0xa526500, L_0xa5266e0, C4<0>, C4<0>;
L_0xa526b30 .functor AND 1, L_0xa5269a0, L_0xa526a40, C4<1>, C4<1>;
L_0xa526bf0 .functor OR 1, L_0xa526900, L_0xa526b30, C4<0>, C4<0>;
L_0xa5271c0 .functor AND 1, L_0xa526f80, L_0xa5270b0, C4<1>, C4<1>;
L_0xa527230 .functor OR 1, L_0xa526ee0, L_0xa5271c0, C4<0>, C4<0>;
L_0xa527150 .functor XOR 1, L_0xa527390, L_0xa527430, C4<0>, C4<0>;
L_0xa527520 .functor XOR 1, L_0xa527150, L_0xa529e90, C4<0>, C4<0>;
L_0xa527990 .functor XOR 1, L_0xa5276a0, L_0xa5277d0, C4<0>, C4<0>;
L_0xa527aa0 .functor XOR 1, L_0xa527990, L_0xa527a00, C4<0>, C4<0>;
L_0xa527630 .functor XOR 1, L_0xa527bb0, L_0xa527cf0, C4<0>, C4<0>;
L_0xa527c50 .functor XOR 1, L_0xa527630, L_0xa527de0, C4<0>, C4<0>;
L_0xa528350 .functor XOR 1, L_0xa5281f0, L_0xa527e80, C4<0>, C4<0>;
L_0xa528290 .functor XOR 1, L_0xa528350, L_0xa528460, C4<0>, C4<0>;
L_0xa527fd0 .functor AND 1, L_0xa528a40, L_0xa528960, C4<1>, C4<1>;
L_0xa528c70 .functor OR 1, L_0xa528500, L_0xa527fd0, C4<0>, C4<0>;
L_0xa529040 .functor AND 1, L_0xa528670, L_0xa528ae0, C4<1>, C4<1>;
L_0xa528f40 .functor AND 1, L_0xa529040, L_0xa529100, C4<1>, C4<1>;
L_0xa528d80 .functor OR 1, L_0xa528c70, L_0xa528f40, C4<0>, C4<0>;
L_0xa5292b0 .functor AND 1, L_0xa529570, L_0xa529610, C4<1>, C4<1>;
L_0xa5298a0 .functor AND 1, L_0xa5292b0, L_0xa529410, C4<1>, C4<1>;
L_0xa5296b0 .functor AND 1, L_0xa5298a0, L_0xa5299b0, C4<1>, C4<1>;
L_0xa5297d0 .functor OR 1, L_0xa528d80, L_0xa5296b0, C4<0>, C4<0>;
v0xa3ac9f0_0 .net *"_ivl_10", 0 0, L_0xa526330;  1 drivers
v0xa3acad0_0 .net *"_ivl_103", 0 0, L_0xa528500;  1 drivers
v0xa3acbb0_0 .net *"_ivl_105", 0 0, L_0xa528a40;  1 drivers
v0xa3acc70_0 .net *"_ivl_107", 0 0, L_0xa528960;  1 drivers
v0xa3acd50_0 .net *"_ivl_108", 0 0, L_0xa527fd0;  1 drivers
v0xa3ace80_0 .net *"_ivl_110", 0 0, L_0xa528c70;  1 drivers
v0xa3acf60_0 .net *"_ivl_113", 0 0, L_0xa528670;  1 drivers
v0xa3ad040_0 .net *"_ivl_115", 0 0, L_0xa528ae0;  1 drivers
v0xa3ad120_0 .net *"_ivl_116", 0 0, L_0xa529040;  1 drivers
v0xa3ad200_0 .net *"_ivl_119", 0 0, L_0xa529100;  1 drivers
v0xa3ad2e0_0 .net *"_ivl_12", 0 0, L_0xa5263f0;  1 drivers
v0xa3ad3c0_0 .net *"_ivl_120", 0 0, L_0xa528f40;  1 drivers
v0xa3ad4a0_0 .net *"_ivl_122", 0 0, L_0xa528d80;  1 drivers
v0xa3ad580_0 .net *"_ivl_125", 0 0, L_0xa529570;  1 drivers
v0xa3ad660_0 .net *"_ivl_127", 0 0, L_0xa529610;  1 drivers
v0xa3ad740_0 .net *"_ivl_128", 0 0, L_0xa5292b0;  1 drivers
v0xa3ad820_0 .net *"_ivl_131", 0 0, L_0xa529410;  1 drivers
v0xa3ad900_0 .net *"_ivl_132", 0 0, L_0xa5298a0;  1 drivers
v0xa3ad9e0_0 .net *"_ivl_135", 0 0, L_0xa5299b0;  1 drivers
v0xa3adac0_0 .net *"_ivl_136", 0 0, L_0xa5296b0;  1 drivers
v0xa3adba0_0 .net *"_ivl_17", 0 0, L_0xa526500;  1 drivers
v0xa3adc80_0 .net *"_ivl_19", 0 0, L_0xa5265a0;  1 drivers
v0xa3add60_0 .net *"_ivl_21", 0 0, L_0xa526640;  1 drivers
v0xa3ade40_0 .net *"_ivl_22", 0 0, L_0xa5266e0;  1 drivers
v0xa3adf20_0 .net *"_ivl_24", 0 0, L_0xa5267f0;  1 drivers
v0xa3ae000_0 .net *"_ivl_29", 0 0, L_0xa526900;  1 drivers
v0xa3ae0e0_0 .net *"_ivl_31", 0 0, L_0xa5269a0;  1 drivers
v0xa3ae1c0_0 .net *"_ivl_33", 0 0, L_0xa526a40;  1 drivers
v0xa3ae2a0_0 .net *"_ivl_34", 0 0, L_0xa526b30;  1 drivers
v0xa3ae380_0 .net *"_ivl_36", 0 0, L_0xa526bf0;  1 drivers
v0xa3ae460_0 .net *"_ivl_42", 0 0, L_0xa526ee0;  1 drivers
v0xa3ae540_0 .net *"_ivl_44", 0 0, L_0xa526f80;  1 drivers
v0xa3ae620_0 .net *"_ivl_46", 0 0, L_0xa5270b0;  1 drivers
v0xa3ae700_0 .net *"_ivl_47", 0 0, L_0xa5271c0;  1 drivers
v0xa3ae7e0_0 .net *"_ivl_49", 0 0, L_0xa527230;  1 drivers
v0xa3ae8c0_0 .net *"_ivl_54", 0 0, L_0xa527390;  1 drivers
v0xa3ae9a0_0 .net *"_ivl_56", 0 0, L_0xa527430;  1 drivers
v0xa3aea80_0 .net *"_ivl_57", 0 0, L_0xa527150;  1 drivers
v0xa3aeb60_0 .net *"_ivl_59", 0 0, L_0xa527520;  1 drivers
v0xa3aec40_0 .net *"_ivl_64", 0 0, L_0xa5276a0;  1 drivers
v0xa3aed20_0 .net *"_ivl_66", 0 0, L_0xa5277d0;  1 drivers
v0xa3aee00_0 .net *"_ivl_67", 0 0, L_0xa527990;  1 drivers
v0xa3aeee0_0 .net *"_ivl_7", 0 0, L_0xa526150;  1 drivers
v0xa3aefc0_0 .net *"_ivl_70", 0 0, L_0xa527a00;  1 drivers
v0xa3af0a0_0 .net *"_ivl_71", 0 0, L_0xa527aa0;  1 drivers
v0xa3af180_0 .net *"_ivl_76", 0 0, L_0xa527bb0;  1 drivers
v0xa3af260_0 .net *"_ivl_78", 0 0, L_0xa527cf0;  1 drivers
v0xa3af340_0 .net *"_ivl_79", 0 0, L_0xa527630;  1 drivers
v0xa3af420_0 .net *"_ivl_82", 0 0, L_0xa527de0;  1 drivers
v0xa3af500_0 .net *"_ivl_83", 0 0, L_0xa527c50;  1 drivers
v0xa3af5e0_0 .net *"_ivl_89", 0 0, L_0xa5281f0;  1 drivers
v0xa3af6c0_0 .net *"_ivl_9", 0 0, L_0xa526240;  1 drivers
v0xa3af7a0_0 .net *"_ivl_91", 0 0, L_0xa527e80;  1 drivers
v0xa3af880_0 .net *"_ivl_92", 0 0, L_0xa528350;  1 drivers
v0xa3af960_0 .net *"_ivl_95", 0 0, L_0xa528460;  1 drivers
v0xa3afa40_0 .net *"_ivl_96", 0 0, L_0xa528290;  1 drivers
v0xa3afb20_0 .net "carry", 3 0, L_0xa526d50;  1 drivers
v0xa3afc00_0 .net "carry_in", 0 0, L_0xa529e90;  1 drivers
v0xa3afcc0_0 .net "carry_out", 0 0, L_0xa528710;  1 drivers
v0xa3afd80_0 .net "gen", 3 0, L_0xa525fd0;  1 drivers
v0xa3afe60_0 .net "gen_out", 0 0, L_0xa5297d0;  1 drivers
v0xa3aff20_0 .net "prop", 3 0, L_0xa526040;  1 drivers
v0xa3b0000_0 .net "prop_out", 0 0, L_0xa5288c0;  1 drivers
v0xa3b00c0_0 .net "val1", 3 0, L_0xa529cb0;  1 drivers
v0xa3b01a0_0 .net "val2", 3 0, L_0xa529da0;  1 drivers
v0xa3b0690_0 .net "val_out", 3 0, L_0xa528060;  1 drivers
L_0xa526150 .part L_0xa525fd0, 0, 1;
L_0xa526240 .part L_0xa526040, 0, 1;
L_0xa526500 .part L_0xa525fd0, 1, 1;
L_0xa5265a0 .part L_0xa526d50, 0, 1;
L_0xa526640 .part L_0xa526040, 1, 1;
L_0xa526900 .part L_0xa525fd0, 2, 1;
L_0xa5269a0 .part L_0xa526d50, 1, 1;
L_0xa526a40 .part L_0xa526040, 2, 1;
L_0xa526d50 .concat8 [ 1 1 1 1], L_0xa5263f0, L_0xa5267f0, L_0xa526bf0, L_0xa527230;
L_0xa526ee0 .part L_0xa525fd0, 3, 1;
L_0xa526f80 .part L_0xa526d50, 2, 1;
L_0xa5270b0 .part L_0xa526040, 3, 1;
L_0xa527390 .part L_0xa529cb0, 0, 1;
L_0xa527430 .part L_0xa529da0, 0, 1;
L_0xa5276a0 .part L_0xa529cb0, 1, 1;
L_0xa5277d0 .part L_0xa529da0, 1, 1;
L_0xa527a00 .part L_0xa526d50, 0, 1;
L_0xa527bb0 .part L_0xa529cb0, 2, 1;
L_0xa527cf0 .part L_0xa529da0, 2, 1;
L_0xa527de0 .part L_0xa526d50, 1, 1;
L_0xa528060 .concat8 [ 1 1 1 1], L_0xa527520, L_0xa527aa0, L_0xa527c50, L_0xa528290;
L_0xa5281f0 .part L_0xa529cb0, 3, 1;
L_0xa527e80 .part L_0xa529da0, 3, 1;
L_0xa528460 .part L_0xa526d50, 2, 1;
L_0xa528710 .part L_0xa526d50, 3, 1;
L_0xa5288c0 .reduce/and L_0xa526040;
L_0xa528500 .part L_0xa525fd0, 3, 1;
L_0xa528a40 .part L_0xa526040, 3, 1;
L_0xa528960 .part L_0xa525fd0, 2, 1;
L_0xa528670 .part L_0xa526040, 3, 1;
L_0xa528ae0 .part L_0xa526040, 2, 1;
L_0xa529100 .part L_0xa525fd0, 1, 1;
L_0xa529570 .part L_0xa526040, 3, 1;
L_0xa529610 .part L_0xa526040, 2, 1;
L_0xa529410 .part L_0xa526040, 1, 1;
L_0xa5299b0 .part L_0xa525fd0, 0, 1;
S_0xa3b0890 .scope module, "adder2" "add_pg_4" 8 46, 9 3 0, S_0xa3a80a0;
 .timescale -9 -12;
    .port_info 0 /INPUT 4 "val1";
    .port_info 1 /INPUT 4 "val2";
    .port_info 2 /INPUT 1 "carry_in";
    .port_info 3 /OUTPUT 4 "val_out";
    .port_info 4 /OUTPUT 1 "carry_out";
    .port_info 5 /OUTPUT 1 "prop_out";
    .port_info 6 /OUTPUT 1 "gen_out";
L_0xa52a420 .functor AND 4, L_0xa52e070, L_0xa52e110, C4<1111>, C4<1111>;
L_0xa52a490 .functor XOR 4, L_0xa52e070, L_0xa52e110, C4<0000>, C4<0000>;
L_0xa52a780 .functor AND 1, L_0xa52e220, L_0xa52a690, C4<1>, C4<1>;
L_0xa52a840 .functor OR 1, L_0xa52a5a0, L_0xa52a780, C4<0>, C4<0>;
L_0xa52ab30 .functor AND 1, L_0xa52a9f0, L_0xa52aa90, C4<1>, C4<1>;
L_0xa52ac40 .functor OR 1, L_0xa52a950, L_0xa52ab30, C4<0>, C4<0>;
L_0xa52af80 .functor AND 1, L_0xa52adf0, L_0xa52ae90, C4<1>, C4<1>;
L_0xa52b040 .functor OR 1, L_0xa52ad50, L_0xa52af80, C4<0>, C4<0>;
L_0xa52b580 .functor AND 1, L_0xa52b3d0, L_0xa52b470, C4<1>, C4<1>;
L_0xa52b5f0 .functor OR 1, L_0xa52b330, L_0xa52b580, C4<0>, C4<0>;
L_0xa52b510 .functor XOR 1, L_0xa52b750, L_0xa52b7f0, C4<0>, C4<0>;
L_0xa52b8e0 .functor XOR 1, L_0xa52b510, L_0xa52e220, C4<0>, C4<0>;
L_0xa52bd50 .functor XOR 1, L_0xa52ba60, L_0xa52bb90, C4<0>, C4<0>;
L_0xa52be60 .functor XOR 1, L_0xa52bd50, L_0xa52bdc0, C4<0>, C4<0>;
L_0xa52b9f0 .functor XOR 1, L_0xa52bf70, L_0xa52c0b0, C4<0>, C4<0>;
L_0xa52c010 .functor XOR 1, L_0xa52b9f0, L_0xa52c1a0, C4<0>, C4<0>;
L_0xa52c710 .functor XOR 1, L_0xa52c5b0, L_0xa52c240, C4<0>, C4<0>;
L_0xa52c650 .functor XOR 1, L_0xa52c710, L_0xa52c820, C4<0>, C4<0>;
L_0xa52c390 .functor AND 1, L_0xa52ce00, L_0xa52cd20, C4<1>, C4<1>;
L_0xa52d030 .functor OR 1, L_0xa52c8c0, L_0xa52c390, C4<0>, C4<0>;
L_0xa52d400 .functor AND 1, L_0xa52ca30, L_0xa52cea0, C4<1>, C4<1>;
L_0xa52d300 .functor AND 1, L_0xa52d400, L_0xa52d4c0, C4<1>, C4<1>;
L_0xa52d140 .functor OR 1, L_0xa52d030, L_0xa52d300, C4<0>, C4<0>;
L_0xa52d670 .functor AND 1, L_0xa52d930, L_0xa52d9d0, C4<1>, C4<1>;
L_0xa52dc60 .functor AND 1, L_0xa52d670, L_0xa52d7d0, C4<1>, C4<1>;
L_0xa52da70 .functor AND 1, L_0xa52dc60, L_0xa52dd70, C4<1>, C4<1>;
L_0xa52db90 .functor OR 1, L_0xa52d140, L_0xa52da70, C4<0>, C4<0>;
v0xa3b0b10_0 .net *"_ivl_10", 0 0, L_0xa52a780;  1 drivers
v0xa3b0bf0_0 .net *"_ivl_103", 0 0, L_0xa52c8c0;  1 drivers
v0xa3b0cd0_0 .net *"_ivl_105", 0 0, L_0xa52ce00;  1 drivers
v0xa3b0dc0_0 .net *"_ivl_107", 0 0, L_0xa52cd20;  1 drivers
v0xa3b0ea0_0 .net *"_ivl_108", 0 0, L_0xa52c390;  1 drivers
v0xa3b0fd0_0 .net *"_ivl_110", 0 0, L_0xa52d030;  1 drivers
v0xa3b10b0_0 .net *"_ivl_113", 0 0, L_0xa52ca30;  1 drivers
v0xa3b1190_0 .net *"_ivl_115", 0 0, L_0xa52cea0;  1 drivers
v0xa3b1270_0 .net *"_ivl_116", 0 0, L_0xa52d400;  1 drivers
v0xa3b1350_0 .net *"_ivl_119", 0 0, L_0xa52d4c0;  1 drivers
v0xa3b1430_0 .net *"_ivl_12", 0 0, L_0xa52a840;  1 drivers
v0xa3b1510_0 .net *"_ivl_120", 0 0, L_0xa52d300;  1 drivers
v0xa3b15f0_0 .net *"_ivl_122", 0 0, L_0xa52d140;  1 drivers
v0xa3b16d0_0 .net *"_ivl_125", 0 0, L_0xa52d930;  1 drivers
v0xa3b17b0_0 .net *"_ivl_127", 0 0, L_0xa52d9d0;  1 drivers
v0xa3b1890_0 .net *"_ivl_128", 0 0, L_0xa52d670;  1 drivers
v0xa3b1970_0 .net *"_ivl_131", 0 0, L_0xa52d7d0;  1 drivers
v0xa3b1a50_0 .net *"_ivl_132", 0 0, L_0xa52dc60;  1 drivers
v0xa3b1b30_0 .net *"_ivl_135", 0 0, L_0xa52dd70;  1 drivers
v0xa3b1c10_0 .net *"_ivl_136", 0 0, L_0xa52da70;  1 drivers
v0xa3b1cf0_0 .net *"_ivl_17", 0 0, L_0xa52a950;  1 drivers
v0xa3b1dd0_0 .net *"_ivl_19", 0 0, L_0xa52a9f0;  1 drivers
v0xa3b1eb0_0 .net *"_ivl_21", 0 0, L_0xa52aa90;  1 drivers
v0xa3b1f90_0 .net *"_ivl_22", 0 0, L_0xa52ab30;  1 drivers
v0xa3b2070_0 .net *"_ivl_24", 0 0, L_0xa52ac40;  1 drivers
v0xa3b2150_0 .net *"_ivl_29", 0 0, L_0xa52ad50;  1 drivers
v0xa3b2230_0 .net *"_ivl_31", 0 0, L_0xa52adf0;  1 drivers
v0xa3b2310_0 .net *"_ivl_33", 0 0, L_0xa52ae90;  1 drivers
v0xa3b23f0_0 .net *"_ivl_34", 0 0, L_0xa52af80;  1 drivers
v0xa3b24d0_0 .net *"_ivl_36", 0 0, L_0xa52b040;  1 drivers
v0xa3b25b0_0 .net *"_ivl_42", 0 0, L_0xa52b330;  1 drivers
v0xa3b2690_0 .net *"_ivl_44", 0 0, L_0xa52b3d0;  1 drivers
v0xa3b2770_0 .net *"_ivl_46", 0 0, L_0xa52b470;  1 drivers
v0xa3b2850_0 .net *"_ivl_47", 0 0, L_0xa52b580;  1 drivers
v0xa3b2930_0 .net *"_ivl_49", 0 0, L_0xa52b5f0;  1 drivers
v0xa3b2a10_0 .net *"_ivl_54", 0 0, L_0xa52b750;  1 drivers
v0xa3b2af0_0 .net *"_ivl_56", 0 0, L_0xa52b7f0;  1 drivers
v0xa3b2bd0_0 .net *"_ivl_57", 0 0, L_0xa52b510;  1 drivers
v0xa3b2cb0_0 .net *"_ivl_59", 0 0, L_0xa52b8e0;  1 drivers
v0xa3b2d90_0 .net *"_ivl_64", 0 0, L_0xa52ba60;  1 drivers
v0xa3b2e70_0 .net *"_ivl_66", 0 0, L_0xa52bb90;  1 drivers
v0xa3b2f50_0 .net *"_ivl_67", 0 0, L_0xa52bd50;  1 drivers
v0xa3b3030_0 .net *"_ivl_7", 0 0, L_0xa52a5a0;  1 drivers
v0xa3b3110_0 .net *"_ivl_70", 0 0, L_0xa52bdc0;  1 drivers
v0xa3b31f0_0 .net *"_ivl_71", 0 0, L_0xa52be60;  1 drivers
v0xa3b32d0_0 .net *"_ivl_76", 0 0, L_0xa52bf70;  1 drivers
v0xa3b33b0_0 .net *"_ivl_78", 0 0, L_0xa52c0b0;  1 drivers
v0xa3b3490_0 .net *"_ivl_79", 0 0, L_0xa52b9f0;  1 drivers
v0xa3b3570_0 .net *"_ivl_82", 0 0, L_0xa52c1a0;  1 drivers
v0xa3b3650_0 .net *"_ivl_83", 0 0, L_0xa52c010;  1 drivers
v0xa3b3730_0 .net *"_ivl_89", 0 0, L_0xa52c5b0;  1 drivers
v0xa3b3810_0 .net *"_ivl_9", 0 0, L_0xa52a690;  1 drivers
v0xa3b38f0_0 .net *"_ivl_91", 0 0, L_0xa52c240;  1 drivers
v0xa3b39d0_0 .net *"_ivl_92", 0 0, L_0xa52c710;  1 drivers
v0xa3b3ab0_0 .net *"_ivl_95", 0 0, L_0xa52c820;  1 drivers
v0xa3b3b90_0 .net *"_ivl_96", 0 0, L_0xa52c650;  1 drivers
v0xa3b3c70_0 .net "carry", 3 0, L_0xa52b1a0;  1 drivers
v0xa3b3d50_0 .net "carry_in", 0 0, L_0xa52e220;  1 drivers
v0xa3b3e10_0 .net "carry_out", 0 0, L_0xa52cad0;  1 drivers
v0xa3b3ed0_0 .net "gen", 3 0, L_0xa52a420;  1 drivers
v0xa3b3fb0_0 .net "gen_out", 0 0, L_0xa52db90;  1 drivers
v0xa3b4070_0 .net "prop", 3 0, L_0xa52a490;  1 drivers
v0xa3b4150_0 .net "prop_out", 0 0, L_0xa52cc80;  1 drivers
v0xa3b4210_0 .net "val1", 3 0, L_0xa52e070;  1 drivers
v0xa3b42f0_0 .net "val2", 3 0, L_0xa52e110;  1 drivers
v0xa3b47e0_0 .net "val_out", 3 0, L_0xa52c420;  1 drivers
L_0xa52a5a0 .part L_0xa52a420, 0, 1;
L_0xa52a690 .part L_0xa52a490, 0, 1;
L_0xa52a950 .part L_0xa52a420, 1, 1;
L_0xa52a9f0 .part L_0xa52b1a0, 0, 1;
L_0xa52aa90 .part L_0xa52a490, 1, 1;
L_0xa52ad50 .part L_0xa52a420, 2, 1;
L_0xa52adf0 .part L_0xa52b1a0, 1, 1;
L_0xa52ae90 .part L_0xa52a490, 2, 1;
L_0xa52b1a0 .concat8 [ 1 1 1 1], L_0xa52a840, L_0xa52ac40, L_0xa52b040, L_0xa52b5f0;
L_0xa52b330 .part L_0xa52a420, 3, 1;
L_0xa52b3d0 .part L_0xa52b1a0, 2, 1;
L_0xa52b470 .part L_0xa52a490, 3, 1;
L_0xa52b750 .part L_0xa52e070, 0, 1;
L_0xa52b7f0 .part L_0xa52e110, 0, 1;
L_0xa52ba60 .part L_0xa52e070, 1, 1;
L_0xa52bb90 .part L_0xa52e110, 1, 1;
L_0xa52bdc0 .part L_0xa52b1a0, 0, 1;
L_0xa52bf70 .part L_0xa52e070, 2, 1;
L_0xa52c0b0 .part L_0xa52e110, 2, 1;
L_0xa52c1a0 .part L_0xa52b1a0, 1, 1;
L_0xa52c420 .concat8 [ 1 1 1 1], L_0xa52b8e0, L_0xa52be60, L_0xa52c010, L_0xa52c650;
L_0xa52c5b0 .part L_0xa52e070, 3, 1;
L_0xa52c240 .part L_0xa52e110, 3, 1;
L_0xa52c820 .part L_0xa52b1a0, 2, 1;
L_0xa52cad0 .part L_0xa52b1a0, 3, 1;
L_0xa52cc80 .reduce/and L_0xa52a490;
L_0xa52c8c0 .part L_0xa52a420, 3, 1;
L_0xa52ce00 .part L_0xa52a490, 3, 1;
L_0xa52cd20 .part L_0xa52a420, 2, 1;
L_0xa52ca30 .part L_0xa52a490, 3, 1;
L_0xa52cea0 .part L_0xa52a490, 2, 1;
L_0xa52d4c0 .part L_0xa52a420, 1, 1;
L_0xa52d930 .part L_0xa52a490, 3, 1;
L_0xa52d9d0 .part L_0xa52a490, 2, 1;
L_0xa52d7d0 .part L_0xa52a490, 1, 1;
L_0xa52dd70 .part L_0xa52a420, 0, 1;
S_0xa3b49e0 .scope module, "adder3" "add_pg_4" 8 60, 9 3 0, S_0xa3a80a0;
 .timescale -9 -12;
    .port_info 0 /INPUT 4 "val1";
    .port_info 1 /INPUT 4 "val2";
    .port_info 2 /INPUT 1 "carry_in";
    .port_info 3 /OUTPUT 4 "val_out";
    .port_info 4 /OUTPUT 1 "carry_out";
    .port_info 5 /OUTPUT 1 "prop_out";
    .port_info 6 /OUTPUT 1 "gen_out";
L_0xa52e690 .functor AND 4, L_0xa5323e0, L_0xa532480, C4<1111>, C4<1111>;
L_0xa52e700 .functor XOR 4, L_0xa5323e0, L_0xa532480, C4<0000>, C4<0000>;
L_0xa52e9f0 .functor AND 1, L_0xa5325c0, L_0xa52e900, C4<1>, C4<1>;
L_0xa52eab0 .functor OR 1, L_0xa52e810, L_0xa52e9f0, C4<0>, C4<0>;
L_0xa52eda0 .functor AND 1, L_0xa52ec60, L_0xa52ed00, C4<1>, C4<1>;
L_0xa52eeb0 .functor OR 1, L_0xa52ebc0, L_0xa52eda0, C4<0>, C4<0>;
L_0xa52f1f0 .functor AND 1, L_0xa52f060, L_0xa52f100, C4<1>, C4<1>;
L_0xa52f2b0 .functor OR 1, L_0xa52efc0, L_0xa52f1f0, C4<0>, C4<0>;
L_0xa52f880 .functor AND 1, L_0xa52f640, L_0xa52f770, C4<1>, C4<1>;
L_0xa52f8f0 .functor OR 1, L_0xa52f5a0, L_0xa52f880, C4<0>, C4<0>;
L_0xa52f810 .functor XOR 1, L_0xa52fa50, L_0xa52faf0, C4<0>, C4<0>;
L_0xa52fbe0 .functor XOR 1, L_0xa52f810, L_0xa5325c0, C4<0>, C4<0>;
L_0xa530050 .functor XOR 1, L_0xa52fd60, L_0xa52fe90, C4<0>, C4<0>;
L_0xa530160 .functor XOR 1, L_0xa530050, L_0xa5300c0, C4<0>, C4<0>;
L_0xa52fcf0 .functor XOR 1, L_0xa530270, L_0xa5303b0, C4<0>, C4<0>;
L_0xa530310 .functor XOR 1, L_0xa52fcf0, L_0xa5304a0, C4<0>, C4<0>;
L_0xa530a10 .functor XOR 1, L_0xa5308b0, L_0xa530540, C4<0>, C4<0>;
L_0xa530950 .functor XOR 1, L_0xa530a10, L_0xa530b20, C4<0>, C4<0>;
L_0xa531290 .functor AND 1, L_0xa531100, L_0xa531020, C4<1>, C4<1>;
L_0xa5313a0 .functor OR 1, L_0xa530bc0, L_0xa531290, C4<0>, C4<0>;
L_0xa531770 .functor AND 1, L_0xa530d30, L_0xa5311a0, C4<1>, C4<1>;
L_0xa531670 .functor AND 1, L_0xa531770, L_0xa531830, C4<1>, C4<1>;
L_0xa5314b0 .functor OR 1, L_0xa5313a0, L_0xa531670, C4<0>, C4<0>;
L_0xa5319e0 .functor AND 1, L_0xa531ca0, L_0xa531d40, C4<1>, C4<1>;
L_0xa531fd0 .functor AND 1, L_0xa5319e0, L_0xa531b40, C4<1>, C4<1>;
L_0xa531de0 .functor AND 1, L_0xa531fd0, L_0xa5320e0, C4<1>, C4<1>;
L_0xa531f00 .functor OR 1, L_0xa5314b0, L_0xa531de0, C4<0>, C4<0>;
v0xa3b4c60_0 .net *"_ivl_10", 0 0, L_0xa52e9f0;  1 drivers
v0xa3b4d60_0 .net *"_ivl_103", 0 0, L_0xa530bc0;  1 drivers
v0xa3b4e40_0 .net *"_ivl_105", 0 0, L_0xa531100;  1 drivers
v0xa3b4f00_0 .net *"_ivl_107", 0 0, L_0xa531020;  1 drivers
v0xa3b4fe0_0 .net *"_ivl_108", 0 0, L_0xa531290;  1 drivers
v0xa3b5110_0 .net *"_ivl_110", 0 0, L_0xa5313a0;  1 drivers
v0xa3b51f0_0 .net *"_ivl_113", 0 0, L_0xa530d30;  1 drivers
v0xa3b52d0_0 .net *"_ivl_115", 0 0, L_0xa5311a0;  1 drivers
v0xa3b53b0_0 .net *"_ivl_116", 0 0, L_0xa531770;  1 drivers
v0xa3b5490_0 .net *"_ivl_119", 0 0, L_0xa531830;  1 drivers
v0xa3b5570_0 .net *"_ivl_12", 0 0, L_0xa52eab0;  1 drivers
v0xa3b5650_0 .net *"_ivl_120", 0 0, L_0xa531670;  1 drivers
v0xa3b5730_0 .net *"_ivl_122", 0 0, L_0xa5314b0;  1 drivers
v0xa3b5810_0 .net *"_ivl_125", 0 0, L_0xa531ca0;  1 drivers
v0xa3b58f0_0 .net *"_ivl_127", 0 0, L_0xa531d40;  1 drivers
v0xa3b59d0_0 .net *"_ivl_128", 0 0, L_0xa5319e0;  1 drivers
v0xa3b5ab0_0 .net *"_ivl_131", 0 0, L_0xa531b40;  1 drivers
v0xa3b5b90_0 .net *"_ivl_132", 0 0, L_0xa531fd0;  1 drivers
v0xa3b5c70_0 .net *"_ivl_135", 0 0, L_0xa5320e0;  1 drivers
v0xa3b5d50_0 .net *"_ivl_136", 0 0, L_0xa531de0;  1 drivers
v0xa3b5e30_0 .net *"_ivl_17", 0 0, L_0xa52ebc0;  1 drivers
v0xa3b5f10_0 .net *"_ivl_19", 0 0, L_0xa52ec60;  1 drivers
v0xa3b5ff0_0 .net *"_ivl_21", 0 0, L_0xa52ed00;  1 drivers
v0xa3b60d0_0 .net *"_ivl_22", 0 0, L_0xa52eda0;  1 drivers
v0xa3b61b0_0 .net *"_ivl_24", 0 0, L_0xa52eeb0;  1 drivers
v0xa3b6290_0 .net *"_ivl_29", 0 0, L_0xa52efc0;  1 drivers
v0xa3b6370_0 .net *"_ivl_31", 0 0, L_0xa52f060;  1 drivers
v0xa3b6450_0 .net *"_ivl_33", 0 0, L_0xa52f100;  1 drivers
v0xa3b6530_0 .net *"_ivl_34", 0 0, L_0xa52f1f0;  1 drivers
v0xa3b6610_0 .net *"_ivl_36", 0 0, L_0xa52f2b0;  1 drivers
v0xa3b66f0_0 .net *"_ivl_42", 0 0, L_0xa52f5a0;  1 drivers
v0xa3b67d0_0 .net *"_ivl_44", 0 0, L_0xa52f640;  1 drivers
v0xa3b68b0_0 .net *"_ivl_46", 0 0, L_0xa52f770;  1 drivers
v0xa3b6990_0 .net *"_ivl_47", 0 0, L_0xa52f880;  1 drivers
v0xa3b6a70_0 .net *"_ivl_49", 0 0, L_0xa52f8f0;  1 drivers
v0xa3b6b50_0 .net *"_ivl_54", 0 0, L_0xa52fa50;  1 drivers
v0xa3b6c30_0 .net *"_ivl_56", 0 0, L_0xa52faf0;  1 drivers
v0xa3b6d10_0 .net *"_ivl_57", 0 0, L_0xa52f810;  1 drivers
v0xa3b6df0_0 .net *"_ivl_59", 0 0, L_0xa52fbe0;  1 drivers
v0xa3b6ed0_0 .net *"_ivl_64", 0 0, L_0xa52fd60;  1 drivers
v0xa3b6fb0_0 .net *"_ivl_66", 0 0, L_0xa52fe90;  1 drivers
v0xa3b7090_0 .net *"_ivl_67", 0 0, L_0xa530050;  1 drivers
v0xa3b7170_0 .net *"_ivl_7", 0 0, L_0xa52e810;  1 drivers
v0xa3b7250_0 .net *"_ivl_70", 0 0, L_0xa5300c0;  1 drivers
v0xa3b7330_0 .net *"_ivl_71", 0 0, L_0xa530160;  1 drivers
v0xa3b7410_0 .net *"_ivl_76", 0 0, L_0xa530270;  1 drivers
v0xa3b74f0_0 .net *"_ivl_78", 0 0, L_0xa5303b0;  1 drivers
v0xa3b75d0_0 .net *"_ivl_79", 0 0, L_0xa52fcf0;  1 drivers
v0xa3b76b0_0 .net *"_ivl_82", 0 0, L_0xa5304a0;  1 drivers
v0xa3b7790_0 .net *"_ivl_83", 0 0, L_0xa530310;  1 drivers
v0xa3b7870_0 .net *"_ivl_89", 0 0, L_0xa5308b0;  1 drivers
v0xa3b7950_0 .net *"_ivl_9", 0 0, L_0xa52e900;  1 drivers
v0xa3b7a30_0 .net *"_ivl_91", 0 0, L_0xa530540;  1 drivers
v0xa3b7b10_0 .net *"_ivl_92", 0 0, L_0xa530a10;  1 drivers
v0xa3b7bf0_0 .net *"_ivl_95", 0 0, L_0xa530b20;  1 drivers
v0xa3b7cd0_0 .net *"_ivl_96", 0 0, L_0xa530950;  1 drivers
v0xa3b7db0_0 .net "carry", 3 0, L_0xa52f410;  1 drivers
v0xa3b7e90_0 .net "carry_in", 0 0, L_0xa5325c0;  1 drivers
v0xa3b7f50_0 .net8 "carry_out", 0 0, RS_0x7f41ebed5d18;  alias, 2 drivers
v0xa3b8010_0 .net "gen", 3 0, L_0xa52e690;  1 drivers
v0xa3b80f0_0 .net "gen_out", 0 0, L_0xa531f00;  1 drivers
v0xa3b81b0_0 .net "prop", 3 0, L_0xa52e700;  1 drivers
v0xa3b8290_0 .net "prop_out", 0 0, L_0xa530f80;  1 drivers
v0xa3b8350_0 .net "val1", 3 0, L_0xa5323e0;  1 drivers
v0xa3b8430_0 .net "val2", 3 0, L_0xa532480;  1 drivers
v0xa3b8920_0 .net "val_out", 3 0, L_0xa530720;  1 drivers
L_0xa52e810 .part L_0xa52e690, 0, 1;
L_0xa52e900 .part L_0xa52e700, 0, 1;
L_0xa52ebc0 .part L_0xa52e690, 1, 1;
L_0xa52ec60 .part L_0xa52f410, 0, 1;
L_0xa52ed00 .part L_0xa52e700, 1, 1;
L_0xa52efc0 .part L_0xa52e690, 2, 1;
L_0xa52f060 .part L_0xa52f410, 1, 1;
L_0xa52f100 .part L_0xa52e700, 2, 1;
L_0xa52f410 .concat8 [ 1 1 1 1], L_0xa52eab0, L_0xa52eeb0, L_0xa52f2b0, L_0xa52f8f0;
L_0xa52f5a0 .part L_0xa52e690, 3, 1;
L_0xa52f640 .part L_0xa52f410, 2, 1;
L_0xa52f770 .part L_0xa52e700, 3, 1;
L_0xa52fa50 .part L_0xa5323e0, 0, 1;
L_0xa52faf0 .part L_0xa532480, 0, 1;
L_0xa52fd60 .part L_0xa5323e0, 1, 1;
L_0xa52fe90 .part L_0xa532480, 1, 1;
L_0xa5300c0 .part L_0xa52f410, 0, 1;
L_0xa530270 .part L_0xa5323e0, 2, 1;
L_0xa5303b0 .part L_0xa532480, 2, 1;
L_0xa5304a0 .part L_0xa52f410, 1, 1;
L_0xa530720 .concat8 [ 1 1 1 1], L_0xa52fbe0, L_0xa530160, L_0xa530310, L_0xa530950;
L_0xa5308b0 .part L_0xa5323e0, 3, 1;
L_0xa530540 .part L_0xa532480, 3, 1;
L_0xa530b20 .part L_0xa52f410, 2, 1;
L_0xa530dd0 .part L_0xa52f410, 3, 1;
L_0xa530f80 .reduce/and L_0xa52e700;
L_0xa530bc0 .part L_0xa52e690, 3, 1;
L_0xa531100 .part L_0xa52e700, 3, 1;
L_0xa531020 .part L_0xa52e690, 2, 1;
L_0xa530d30 .part L_0xa52e700, 3, 1;
L_0xa5311a0 .part L_0xa52e700, 2, 1;
L_0xa531830 .part L_0xa52e690, 1, 1;
L_0xa531ca0 .part L_0xa52e700, 3, 1;
L_0xa531d40 .part L_0xa52e700, 2, 1;
L_0xa531b40 .part L_0xa52e700, 1, 1;
L_0xa5320e0 .part L_0xa52e690, 0, 1;
S_0xa3be3d0 .scope module, "id_exe_register" "id_exe_reg" 3 166, 13 3 0, S_0x9ef1840;
 .timescale -9 -12;
    .port_info 0 /INPUT 1 "i_clk";
    .port_info 1 /INPUT 32 "i_instr";
    .port_info 2 /INPUT 32 "i_imem_raddr";
    .port_info 3 /INPUT 32 "i_pc";
    .port_info 4 /INPUT 32 "i_pc_plus_4";
    .port_info 5 /INPUT 5 "i_reg_rd_addr";
    .port_info 6 /INPUT 5 "i_reg_rs1_addr";
    .port_info 7 /INPUT 5 "i_reg_rs2_addr";
    .port_info 8 /INPUT 32 "i_reg_rs1_data";
    .port_info 9 /INPUT 32 "i_reg_rs2_data";
    .port_info 10 /INPUT 32 "i_immed";
    .port_info 11 /INPUT 3 "i_alu_op_sel";
    .port_info 12 /INPUT 1 "i_alu_input_sel";
    .port_info 13 /INPUT 1 "i_alu_sub_sel";
    .port_info 14 /INPUT 1 "i_alu_sign_sel";
    .port_info 15 /INPUT 1 "i_alu_arith_sel";
    .port_info 16 /INPUT 1 "i_jump_type_sel";
    .port_info 17 /INPUT 1 "i_jump_sel";
    .port_info 18 /INPUT 1 "i_dmem_wr_en";
    .port_info 19 /INPUT 1 "i_dmem_rd_en";
    .port_info 20 /INPUT 3 "i_reg_wr_sel";
    .port_info 21 /INPUT 1 "i_reg_wr_en";
    .port_info 22 /INPUT 1 "i_halt_signal";
    .port_info 23 /INPUT 1 "i_trap_signal";
    .port_info 24 /INPUT 1 "i_stall";
    .port_info 25 /INPUT 3 "i_funct3";
    .port_info 26 /INPUT 7 "i_funct7";
    .port_info 27 /INPUT 6 "i_instr_format";
    .port_info 28 /OUTPUT 32 "o_instr";
    .port_info 29 /OUTPUT 32 "o_imem_raddr";
    .port_info 30 /OUTPUT 32 "o_pc";
    .port_info 31 /OUTPUT 32 "o_pc_plus_4";
    .port_info 32 /OUTPUT 5 "o_reg_rd_addr";
    .port_info 33 /OUTPUT 5 "o_reg_rs1_addr";
    .port_info 34 /OUTPUT 5 "o_reg_rs2_addr";
    .port_info 35 /OUTPUT 32 "o_reg_rs1_data";
    .port_info 36 /OUTPUT 32 "o_reg_rs2_data";
    .port_info 37 /OUTPUT 32 "o_immed";
    .port_info 38 /OUTPUT 3 "o_alu_op_sel";
    .port_info 39 /OUTPUT 1 "o_alu_input_sel";
    .port_info 40 /OUTPUT 1 "o_alu_sub_sel";
    .port_info 41 /OUTPUT 1 "o_alu_sign_sel";
    .port_info 42 /OUTPUT 1 "o_alu_arith_sel";
    .port_info 43 /OUTPUT 1 "o_jump_type_sel";
    .port_info 44 /OUTPUT 1 "o_jump_sel";
    .port_info 45 /OUTPUT 1 "o_dmem_wr_en";
    .port_info 46 /OUTPUT 1 "o_dmem_rd_en";
    .port_info 47 /OUTPUT 3 "o_reg_wr_sel";
    .port_info 48 /OUTPUT 1 "o_reg_wr_en";
    .port_info 49 /OUTPUT 1 "o_halt_signal";
    .port_info 50 /OUTPUT 1 "o_trap_signal";
    .port_info 51 /OUTPUT 1 "o_stall";
    .port_info 52 /OUTPUT 3 "o_funct3";
    .port_info 53 /OUTPUT 7 "o_funct7";
    .port_info 54 /OUTPUT 6 "o_instr_format";
L_0xa494390 .functor BUFZ 32, v0xa3c1050_0, C4<00000000000000000000000000000000>, C4<00000000000000000000000000000000>, C4<00000000000000000000000000000000>;
L_0xa494400 .functor BUFZ 32, v0xa3c0e90_0, C4<00000000000000000000000000000000>, C4<00000000000000000000000000000000>, C4<00000000000000000000000000000000>;
L_0xa4945c0 .functor BUFZ 5, v0xa3c2d80_0, C4<00000>, C4<00000>, C4<00000>;
L_0xa494630 .functor BUFZ 5, v0xa3c2f40_0, C4<00000>, C4<00000>, C4<00000>;
L_0xa495010 .functor BUFZ 1, v0xa3bf170_0, C4<0>, C4<0>, C4<0>;
L_0xa494e00 .functor BUFZ 1, v0xa3bf0b0_0, C4<0>, C4<0>, C4<0>;
L_0xa495120 .functor BUFZ 3, v0xa3c31c0_0, C4<000>, C4<000>, C4<000>;
L_0xa495240 .functor BUFZ 1, v0xa3bf3f0_0, C4<0>, C4<0>, C4<0>;
L_0xa495190 .functor BUFZ 1, v0xa3c3360_0, C4<0>, C4<0>, C4<0>;
L_0xa495370 .functor BUFZ 1, v0xa3c32a0_0, C4<0>, C4<0>, C4<0>;
L_0xa4954b0 .functor BUFZ 7, v0xa3bf310_0, C4<0000000>, C4<0000000>, C4<0000000>;
L_0xa4953e0 .functor BUFZ 6, v0xa3c1130_0, C4<000000>, C4<000000>, C4<000000>;
v0xa3beca0_0 .var "alu_arith_sel", 0 0;
v0xa3bed60_0 .var "alu_input_sel", 0 0;
v0xa3bee20_0 .var "alu_op_sel", 2 0;
v0xa3beee0_0 .var "alu_sign_sel", 0 0;
v0xa3befa0_0 .var "alu_sub_sel", 0 0;
v0xa3bf0b0_0 .var "dmem_rd_en", 0 0;
v0xa3bf170_0 .var "dmem_wr_en", 0 0;
v0xa3bf230_0 .var "funct3", 2 0;
v0xa3bf310_0 .var "funct7", 6 0;
v0xa3bf3f0_0 .var "halt_signal", 0 0;
v0xa3bf4b0_0 .net "i_alu_arith_sel", 0 0, L_0xa48fa80;  alias, 1 drivers
v0xa3bf570_0 .net "i_alu_input_sel", 0 0, L_0xa48dfa0;  alias, 1 drivers
v0xa3bf630_0 .net "i_alu_op_sel", 2 0, L_0xa48e940;  alias, 1 drivers
v0xa3bf710_0 .net "i_alu_sign_sel", 0 0, L_0xa48f9e0;  alias, 1 drivers
v0xa3bf7d0_0 .net "i_alu_sub_sel", 0 0, L_0xa48f3b0;  alias, 1 drivers
v0xa3bf890_0 .net "i_clk", 0 0, v0xa43dc90_0;  alias, 1 drivers
v0xa3bf930_0 .net "i_dmem_rd_en", 0 0, L_0xa490560;  alias, 1 drivers
v0xa3bfb00_0 .net "i_dmem_wr_en", 0 0, L_0xa4903d0;  alias, 1 drivers
v0xa3bfbc0_0 .net "i_funct3", 2 0, L_0xa48a730;  alias, 1 drivers
v0xa3bfca0_0 .net "i_funct7", 6 0, L_0xa48a860;  alias, 1 drivers
v0xa3bfd80_0 .net "i_halt_signal", 0 0, L_0xa48dc80;  alias, 1 drivers
v0xa3bfe40_0 .net "i_imem_raddr", 31 0, L_0xa48a540;  alias, 1 drivers
v0xa3bff20_0 .net "i_immed", 31 0, L_0xa4941e0;  alias, 1 drivers
v0xa3c0000_0 .net "i_instr", 31 0, v0xa3c42b0_0;  alias, 1 drivers
v0xa3c00e0_0 .net "i_instr_format", 5 0, L_0xa494320;  alias, 1 drivers
v0xa3c01c0_0 .net "i_jump_sel", 0 0, L_0xa490240;  alias, 1 drivers
v0xa3c0280_0 .net "i_jump_type_sel", 0 0, L_0xa48f760;  alias, 1 drivers
v0xa3c0340_0 .net "i_pc", 31 0, L_0xa48a5b0;  alias, 1 drivers
v0xa3c0420_0 .net "i_pc_plus_4", 31 0, L_0xa48a620;  alias, 1 drivers
v0xa3c0500_0 .net "i_reg_rd_addr", 4 0, L_0xa48adf0;  alias, 1 drivers
v0xa3c05e0_0 .net "i_reg_rs1_addr", 4 0, L_0xa48ac80;  alias, 1 drivers
v0xa3c06c0_0 .net "i_reg_rs1_data", 31 0, L_0xa48b530;  alias, 1 drivers
v0xa3c07a0_0 .net "i_reg_rs2_addr", 4 0, L_0xa48acf0;  alias, 1 drivers
v0xa3c0a90_0 .net "i_reg_rs2_data", 31 0, L_0xa48bf20;  alias, 1 drivers
v0xa3c0b70_0 .net "i_reg_wr_en", 0 0, L_0xa490d60;  alias, 1 drivers
v0xa3c0c30_0 .net "i_reg_wr_sel", 2 0, L_0xa4906f0;  alias, 1 drivers
v0xa3c0d10_0 .net "i_stall", 0 0, L_0xa491960;  alias, 1 drivers
v0xa3c0dd0_0 .net "i_trap_signal", 0 0, L_0xa48dbe0;  alias, 1 drivers
v0xa3c0e90_0 .var "imem_raddr", 31 0;
v0xa3c0f70_0 .var "immed", 31 0;
v0xa3c1050_0 .var "instr", 31 0;
v0xa3c1130_0 .var "instr_format", 5 0;
v0xa3c1210_0 .var "jump_sel", 0 0;
v0xa3c12d0_0 .var "jump_type_sel", 0 0;
v0xa3c1390_0 .net "o_alu_arith_sel", 0 0, v0xa3beca0_0;  alias, 1 drivers
v0xa3c1430_0 .net "o_alu_input_sel", 0 0, v0xa3bed60_0;  alias, 1 drivers
v0xa3c14d0_0 .net "o_alu_op_sel", 2 0, v0xa3bee20_0;  alias, 1 drivers
v0xa3c15c0_0 .net "o_alu_sign_sel", 0 0, v0xa3beee0_0;  alias, 1 drivers
v0xa3c1660_0 .net "o_alu_sub_sel", 0 0, v0xa3befa0_0;  alias, 1 drivers
v0xa3c1750_0 .net "o_dmem_rd_en", 0 0, L_0xa494e00;  alias, 1 drivers
v0xa3c17f0_0 .net "o_dmem_wr_en", 0 0, L_0xa495010;  alias, 1 drivers
v0xa3c1890_0 .net "o_funct3", 2 0, v0xa3bf230_0;  alias, 1 drivers
v0xa3c1930_0 .net "o_funct7", 6 0, L_0xa4954b0;  alias, 1 drivers
v0xa3c19f0_0 .net "o_halt_signal", 0 0, L_0xa495240;  alias, 1 drivers
v0xa3c1a90_0 .net "o_imem_raddr", 31 0, L_0xa494400;  alias, 1 drivers
v0xa3c1b30_0 .net "o_immed", 31 0, v0xa3c0f70_0;  alias, 1 drivers
v0xa3c1bd0_0 .net "o_instr", 31 0, L_0xa494390;  alias, 1 drivers
v0xa3c1ce0_0 .net "o_instr_format", 5 0, L_0xa4953e0;  alias, 1 drivers
v0xa3c1da0_0 .net8 "o_jump_sel", 0 0, RS_0x7f41ebece698;  alias, 2 drivers
v0xa3c1e40_0 .net "o_jump_type_sel", 0 0, v0xa3c12d0_0;  alias, 1 drivers
v0xa3c1ee0_0 .net "o_pc", 31 0, v0xa3c2b40_0;  alias, 1 drivers
v0xa3c1f80_0 .net "o_pc_plus_4", 31 0, v0xa3c2be0_0;  alias, 1 drivers
v0xa3c2020_0 .net "o_reg_rd_addr", 4 0, v0xa3c2ca0_0;  alias, 1 drivers
v0xa3c20e0_0 .net "o_reg_rs1_addr", 4 0, L_0xa4945c0;  alias, 1 drivers
v0xa3c2180_0 .net "o_reg_rs1_data", 31 0, v0xa3c2e60_0;  alias, 1 drivers
v0xa3c2680_0 .net "o_reg_rs2_addr", 4 0, L_0xa494630;  alias, 1 drivers
v0xa3c2740_0 .net "o_reg_rs2_data", 31 0, v0xa3c3020_0;  alias, 1 drivers
v0xa3c2830_0 .net "o_reg_wr_en", 0 0, v0xa3c3100_0;  alias, 1 drivers
v0xa3c28d0_0 .net "o_reg_wr_sel", 2 0, L_0xa495120;  alias, 1 drivers
v0xa3c29a0_0 .net "o_stall", 0 0, L_0xa495370;  alias, 1 drivers
v0xa3c2a70_0 .net "o_trap_signal", 0 0, L_0xa495190;  alias, 1 drivers
v0xa3c2b40_0 .var "pc", 31 0;
v0xa3c2be0_0 .var "pc_plus_4", 31 0;
v0xa3c2ca0_0 .var "reg_rd_addr", 4 0;
v0xa3c2d80_0 .var "reg_rs1_addr", 4 0;
v0xa3c2e60_0 .var "reg_rs1_data", 31 0;
v0xa3c2f40_0 .var "reg_rs2_addr", 4 0;
v0xa3c3020_0 .var "reg_rs2_data", 31 0;
v0xa3c3100_0 .var "reg_wr_en", 0 0;
v0xa3c31c0_0 .var "reg_wr_sel", 2 0;
v0xa3c32a0_0 .var "stall", 0 0;
v0xa3c3360_0 .var "trap_signal", 0 0;
S_0xa3c3b00 .scope module, "if_id_register" "if_id_reg" 3 73, 14 4 0, S_0x9ef1840;
 .timescale -9 -12;
    .port_info 0 /INPUT 1 "i_clk";
    .port_info 1 /INPUT 32 "i_instr";
    .port_info 2 /INPUT 32 "i_imem_raddr";
    .port_info 3 /INPUT 32 "i_pc";
    .port_info 4 /INPUT 32 "i_pc_plus_4";
    .port_info 5 /OUTPUT 32 "o_instr";
    .port_info 6 /OUTPUT 32 "o_imem_raddr";
    .port_info 7 /OUTPUT 32 "o_pc";
    .port_info 8 /OUTPUT 32 "o_pc_plus_4";
L_0xa48a540 .functor BUFZ 32, v0xa3c41d0_0, C4<00000000000000000000000000000000>, C4<00000000000000000000000000000000>, C4<00000000000000000000000000000000>;
L_0xa48a5b0 .functor BUFZ 32, v0xa3c46c0_0, C4<00000000000000000000000000000000>, C4<00000000000000000000000000000000>, C4<00000000000000000000000000000000>;
L_0xa48a620 .functor BUFZ 32, v0xa3c4780_0, C4<00000000000000000000000000000000>, C4<00000000000000000000000000000000>, C4<00000000000000000000000000000000>;
v0xa3c3d30_0 .net "i_clk", 0 0, v0xa43dc90_0;  alias, 1 drivers
v0xa3c3df0_0 .net "i_imem_raddr", 31 0, L_0xa4745a0;  alias, 1 drivers
v0xa3c3ed0_0 .net "i_instr", 31 0, L_0xa48a3f0;  alias, 1 drivers
v0xa3c3fc0_0 .net "i_pc", 31 0, L_0xa48a460;  alias, 1 drivers
v0xa3c40a0_0 .net "i_pc_plus_4", 31 0, L_0xa479450;  alias, 1 drivers
v0xa3c41d0_0 .var "imem_raddr", 31 0;
v0xa3c42b0_0 .var "instr", 31 0;
v0xa3c4390_0 .net "o_imem_raddr", 31 0, L_0xa48a540;  alias, 1 drivers
v0xa3c4450_0 .net "o_instr", 31 0, v0xa3c42b0_0;  alias, 1 drivers
v0xa3c4520_0 .net "o_pc", 31 0, L_0xa48a5b0;  alias, 1 drivers
v0xa3c45f0_0 .net "o_pc_plus_4", 31 0, L_0xa48a620;  alias, 1 drivers
v0xa3c46c0_0 .var "pc", 31 0;
v0xa3c4780_0 .var "pc_plus_4", 31 0;
S_0xa3c4980 .scope module, "instructionDecode" "instrDecode" 3 105, 15 3 0, S_0x9ef1840;
 .timescale -9 -12;
    .port_info 0 /INPUT 1 "i_clk";
    .port_info 1 /INPUT 1 "i_rst";
    .port_info 2 /INPUT 32 "i_instr";
    .port_info 3 /INPUT 32 "i_reg_wr_data";
    .port_info 4 /INPUT 1 "i_reg_wr_en";
    .port_info 5 /INPUT 1 "i_exe_wr_en";
    .port_info 6 /INPUT 5 "i_exe_wr_addr";
    .port_info 7 /INPUT 1 "i_mem_wr_en";
    .port_info 8 /INPUT 5 "i_mem_wr_addr";
    .port_info 9 /OUTPUT 5 "o_reg_addr_wr";
    .port_info 10 /OUTPUT 5 "o_reg_addr_1";
    .port_info 11 /OUTPUT 5 "o_reg_addr_2";
    .port_info 12 /OUTPUT 32 "o_reg_data_1";
    .port_info 13 /OUTPUT 32 "o_reg_data_2";
    .port_info 14 /OUTPUT 32 "o_immed";
    .port_info 15 /OUTPUT 1 "o_alu_input_sel";
    .port_info 16 /OUTPUT 3 "o_alu_op_sel";
    .port_info 17 /OUTPUT 1 "o_alu_sub_sel";
    .port_info 18 /OUTPUT 1 "o_alu_sign_sel";
    .port_info 19 /OUTPUT 1 "o_alu_arith_sel";
    .port_info 20 /OUTPUT 1 "o_jump_type_sel";
    .port_info 21 /OUTPUT 1 "o_jump_sel";
    .port_info 22 /OUTPUT 1 "o_dmem_wr_en";
    .port_info 23 /OUTPUT 1 "o_dmem_rd_en";
    .port_info 24 /OUTPUT 3 "o_reg_wr_sel";
    .port_info 25 /OUTPUT 1 "o_reg_wr_en";
    .port_info 26 /OUTPUT 1 "o_halt";
    .port_info 27 /OUTPUT 1 "o_trap";
    .port_info 28 /OUTPUT 1 "o_stall";
    .port_info 29 /OUTPUT 3 "o_funct3";
    .port_info 30 /OUTPUT 7 "o_funct7";
    .port_info 31 /OUTPUT 6 "o_format";
L_0xa48ac80 .functor BUFZ 5, L_0xa48aaa0, C4<00000>, C4<00000>, C4<00000>;
L_0xa48acf0 .functor BUFZ 5, L_0xa48ab40, C4<00000>, C4<00000>, C4<00000>;
L_0xa48adf0 .functor BUFZ 5, L_0xa48abe0, C4<00000>, C4<00000>, C4<00000>;
L_0xa494320 .functor BUFZ 6, L_0xa48daf0, C4<000000>, C4<000000>, C4<000000>;
v0xa3d0d00_0 .net "i_clk", 0 0, v0xa43dc90_0;  alias, 1 drivers
v0xa3d0dc0_0 .net "i_exe_wr_addr", 4 0, v0xa3c2ca0_0;  alias, 1 drivers
v0xa3d0e80_0 .net "i_exe_wr_en", 0 0, v0xa3c3100_0;  alias, 1 drivers
v0xa3d0f50_0 .net "i_instr", 31 0, v0xa3c42b0_0;  alias, 1 drivers
v0xa3d0ff0_0 .net "i_mem_wr_addr", 4 0, v0x9d75d80_0;  alias, 1 drivers
v0xa3d1100_0 .net "i_mem_wr_en", 0 0, v0x9d05fb0_0;  alias, 1 drivers
v0xa3d11f0_0 .net "i_reg_wr_data", 31 0, L_0xa547a20;  alias, 1 drivers
v0xa3d12b0_0 .net "i_reg_wr_en", 0 0, v0xa4211f0_0;  alias, 1 drivers
v0xa3d1350_0 .net "i_rst", 0 0, v0xa453440_0;  alias, 1 drivers
v0xa3d13f0_0 .net "instr_format", 5 0, L_0xa48daf0;  1 drivers
v0xa3d1490_0 .net "o_alu_arith_sel", 0 0, L_0xa48fa80;  alias, 1 drivers
v0xa3d1580_0 .net "o_alu_input_sel", 0 0, L_0xa48dfa0;  alias, 1 drivers
v0xa3d1670_0 .net "o_alu_op_sel", 2 0, L_0xa48e940;  alias, 1 drivers
v0xa3d1760_0 .net "o_alu_sign_sel", 0 0, L_0xa48f9e0;  alias, 1 drivers
v0xa3d1850_0 .net "o_alu_sub_sel", 0 0, L_0xa48f3b0;  alias, 1 drivers
v0xa3d1940_0 .net "o_dmem_rd_en", 0 0, L_0xa490560;  alias, 1 drivers
v0xa3d1a30_0 .net "o_dmem_wr_en", 0 0, L_0xa4903d0;  alias, 1 drivers
v0xa3d1b20_0 .net "o_format", 5 0, L_0xa494320;  alias, 1 drivers
v0xa3d1be0_0 .net "o_funct3", 2 0, L_0xa48a730;  alias, 1 drivers
v0xa3d1cd0_0 .net "o_funct7", 6 0, L_0xa48a860;  alias, 1 drivers
v0xa3d1de0_0 .net "o_halt", 0 0, L_0xa48dc80;  alias, 1 drivers
v0xa3d1ed0_0 .net "o_immed", 31 0, L_0xa4941e0;  alias, 1 drivers
v0xa3d1fe0_0 .net "o_jump_sel", 0 0, L_0xa490240;  alias, 1 drivers
v0xa3d20d0_0 .net "o_jump_type_sel", 0 0, L_0xa48f760;  alias, 1 drivers
v0xa3d21c0_0 .net "o_reg_addr_1", 4 0, L_0xa48ac80;  alias, 1 drivers
v0xa3d2280_0 .net "o_reg_addr_2", 4 0, L_0xa48acf0;  alias, 1 drivers
v0xa3d2320_0 .net "o_reg_addr_wr", 4 0, L_0xa48adf0;  alias, 1 drivers
v0xa3d23c0_0 .net "o_reg_data_1", 31 0, L_0xa48b530;  alias, 1 drivers
v0xa3d24b0_0 .net "o_reg_data_2", 31 0, L_0xa48bf20;  alias, 1 drivers
v0xa3d25c0_0 .net "o_reg_wr_en", 0 0, L_0xa490d60;  alias, 1 drivers
v0xa3d26b0_0 .net "o_reg_wr_sel", 2 0, L_0xa4906f0;  alias, 1 drivers
v0xa3d27c0_0 .net "o_stall", 0 0, L_0xa491960;  alias, 1 drivers
v0xa3d28b0_0 .net "o_trap", 0 0, L_0xa48dbe0;  alias, 1 drivers
v0xa3d2bb0_0 .net "opcode", 6 0, L_0xa48a690;  1 drivers
v0xa3d2c70_0 .net "rd_addr", 4 0, L_0xa48abe0;  1 drivers
v0xa3d2d10_0 .net "rs1_addr", 4 0, L_0xa48aaa0;  1 drivers
v0xa3d2e00_0 .net "rs2_addr", 4 0, L_0xa48ab40;  1 drivers
L_0xa48a690 .part v0xa3c42b0_0, 0, 7;
L_0xa48a730 .part v0xa3c42b0_0, 12, 3;
L_0xa48a860 .part v0xa3c42b0_0, 25, 7;
L_0xa48aaa0 .part v0xa3c42b0_0, 15, 5;
L_0xa48ab40 .part v0xa3c42b0_0, 20, 5;
L_0xa48abe0 .part v0xa3c42b0_0, 7, 5;
S_0xa3c4f70 .scope module, "controlUnit" "cntrUnit" 15 88, 16 3 0, S_0xa3c4980;
 .timescale -9 -12;
    .port_info 0 /INPUT 1 "i_clk";
    .port_info 1 /INPUT 1 "i_rst";
    .port_info 2 /INPUT 7 "i_opcode";
    .port_info 3 /INPUT 3 "i_funct3";
    .port_info 4 /INPUT 7 "i_funct7";
    .port_info 5 /INPUT 5 "i_rs1_addr";
    .port_info 6 /INPUT 5 "i_rs2_addr";
    .port_info 7 /INPUT 1 "i_exe_wr_en";
    .port_info 8 /INPUT 5 "i_exe_wr_addr";
    .port_info 9 /INPUT 1 "i_mem_wr_en";
    .port_info 10 /INPUT 5 "i_mem_wr_addr";
    .port_info 11 /OUTPUT 6 "o_format";
    .port_info 12 /OUTPUT 1 "o_alu_input_sel";
    .port_info 13 /OUTPUT 3 "o_alu_op_sel";
    .port_info 14 /OUTPUT 1 "o_alu_sub_sel";
    .port_info 15 /OUTPUT 1 "o_alu_sign_sel";
    .port_info 16 /OUTPUT 1 "o_alu_arith_sel";
    .port_info 17 /OUTPUT 1 "o_jump_type_sel";
    .port_info 18 /OUTPUT 1 "o_jump_sel";
    .port_info 19 /OUTPUT 1 "o_dmem_wr_en";
    .port_info 20 /OUTPUT 1 "o_dmem_rd_en";
    .port_info 21 /OUTPUT 3 "o_reg_wr_sel";
    .port_info 22 /OUTPUT 1 "o_reg_wr_en";
    .port_info 23 /OUTPUT 1 "o_halt";
    .port_info 24 /OUTPUT 1 "o_trap";
    .port_info 25 /OUTPUT 1 "o_stall";
L_0xa48c510 .functor OR 1, L_0xa48c330, L_0xa48c420, C4<0>, C4<0>;
L_0xa48d0b0 .functor OR 1, L_0xa48dc80, L_0xa48dd20, C4<0>, C4<0>;
L_0xa48de70 .functor OR 1, L_0xa48c200, L_0xa48c620, C4<0>, C4<0>;
L_0xa48dee0 .functor OR 1, L_0xa48de70, L_0xa48c710, C4<0>, C4<0>;
L_0xa48dfa0 .functor OR 1, L_0xa48dee0, L_0xa48cc50, C4<0>, C4<0>;
L_0xa48e0a0 .functor OR 1, L_0xa48c110, L_0xa48c200, C4<0>, C4<0>;
L_0xa48e300 .functor OR 1, L_0xa48e1a0, L_0xa48ddc0, C4<0>, C4<0>;
L_0xa48e5d0 .functor OR 1, L_0xa48c110, L_0xa48c200, C4<0>, C4<0>;
L_0xa48eac0 .functor OR 1, L_0xa48c110, L_0xa48c200, C4<0>, C4<0>;
L_0xa48ece0 .functor AND 1, L_0xa48c110, L_0xa48f120, C4<1>, C4<1>;
L_0xa48f260 .functor OR 1, L_0xa48c110, L_0xa48c200, C4<0>, C4<0>;
L_0xa48f650 .functor AND 1, L_0xa48f260, L_0xa48f560, C4<1>, C4<1>;
L_0xa48fc00 .functor OR 1, L_0xa48c110, L_0xa48c200, C4<0>, C4<0>;
L_0xa48fe70 .functor AND 1, L_0xa48fc00, L_0xa48fd80, C4<1>, C4<1>;
L_0xa48f760 .functor BUFZ 1, L_0xa48cc50, C4<0>, C4<0>, C4<0>;
L_0xa490240 .functor OR 1, L_0xa48cc50, L_0xa48cb10, C4<0>, C4<0>;
L_0xa4903d0 .functor BUFZ 1, L_0xa48c710, C4<0>, C4<0>, C4<0>;
L_0xa490560 .functor BUFZ 1, L_0xa48c620, C4<0>, C4<0>, C4<0>;
L_0xa490340 .functor OR 1, L_0xa490790, L_0xa48c620, C4<0>, C4<0>;
L_0xa490020 .functor BUFZ 1, L_0xa48c510, C4<0>, C4<0>, C4<0>;
L_0xa490a10 .functor OR 1, L_0xa48cb10, L_0xa48cc50, C4<0>, C4<0>;
L_0xa490b10 .functor OR 1, L_0xa48c110, L_0xa48c200, C4<0>, C4<0>;
L_0xa490b80 .functor OR 1, L_0xa490b10, L_0xa48c510, C4<0>, C4<0>;
L_0xa490c80 .functor OR 1, L_0xa490b80, L_0xa48c620, C4<0>, C4<0>;
L_0xa490cf0 .functor OR 1, L_0xa490c80, L_0xa48cb10, C4<0>, C4<0>;
L_0xa490d60 .functor OR 1, L_0xa490cf0, L_0xa48cc50, C4<0>, C4<0>;
L_0xa490090 .functor OR 1, L_0xa48ca20, L_0xa48cb10, C4<0>, C4<0>;
L_0xa490fd0 .functor OR 1, L_0xa490090, L_0xa48cc50, C4<0>, C4<0>;
L_0xa4908d0 .functor OR 1, L_0xa490e60, L_0xa490830, C4<0>, C4<0>;
L_0xa4915c0 .functor AND 1, v0xa3c3100_0, L_0xa4908d0, C4<1>, C4<1>;
L_0xa4913f0 .functor OR 1, L_0xa491150, L_0xa491350, C4<0>, C4<0>;
L_0xa4918a0 .functor AND 1, v0x9d05fb0_0, L_0xa4913f0, C4<1>, C4<1>;
L_0xa491730 .functor OR 1, L_0xa4915c0, L_0xa4918a0, C4<0>, C4<0>;
L_0xa491bf0 .functor AND 1, L_0xa491630, L_0xa491730, C4<1>, C4<1>;
L_0xa491960 .functor OR 1, L_0xa490fd0, L_0xa491bf0, C4<0>, C4<0>;
L_0x7f41eb9c42e8 .functor BUFT 1, C4<0110011>, C4<0>, C4<0>, C4<0>;
v0xa3c54c0_0 .net/2u *"_ivl_0", 6 0, L_0x7f41eb9c42e8;  1 drivers
v0xa3c55c0_0 .net *"_ivl_10", 0 0, L_0xa48c330;  1 drivers
v0xa3c5680_0 .net *"_ivl_100", 0 0, L_0xa48e300;  1 drivers
L_0x7f41eb9c4888 .functor BUFT 1, C4<0>, C4<0>, C4<0>, C4<0>;
v0xa3c5740_0 .net/2u *"_ivl_102", 0 0, L_0x7f41eb9c4888;  1 drivers
v0xa3c5820_0 .net *"_ivl_104", 0 0, L_0xa48e410;  1 drivers
v0xa3c5950_0 .net *"_ivl_108", 0 0, L_0xa48e5d0;  1 drivers
v0xa3c5a30_0 .net *"_ivl_111", 0 0, L_0xa48e720;  1 drivers
L_0x7f41eb9c48d0 .functor BUFT 1, C4<0>, C4<0>, C4<0>, C4<0>;
v0xa3c5b10_0 .net/2u *"_ivl_112", 0 0, L_0x7f41eb9c48d0;  1 drivers
v0xa3c5bf0_0 .net *"_ivl_114", 0 0, L_0xa48e7c0;  1 drivers
v0xa3c5d60_0 .net *"_ivl_119", 0 0, L_0xa48eac0;  1 drivers
L_0x7f41eb9c43c0 .functor BUFT 1, C4<0010111>, C4<0>, C4<0>, C4<0>;
v0xa3c5e40_0 .net/2u *"_ivl_12", 6 0, L_0x7f41eb9c43c0;  1 drivers
v0xa3c5f20_0 .net *"_ivl_122", 0 0, L_0xa48eb30;  1 drivers
L_0x7f41eb9c4918 .functor BUFT 1, C4<0>, C4<0>, C4<0>, C4<0>;
v0xa3c6000_0 .net/2u *"_ivl_123", 0 0, L_0x7f41eb9c4918;  1 drivers
v0xa3c60e0_0 .net *"_ivl_125", 0 0, L_0xa48e860;  1 drivers
L_0x7f41eb9c4960 .functor BUFT 1, C4<000>, C4<0>, C4<0>, C4<0>;
v0xa3c61c0_0 .net/2u *"_ivl_127", 2 0, L_0x7f41eb9c4960;  1 drivers
v0xa3c62a0_0 .net *"_ivl_129", 0 0, L_0xa48f120;  1 drivers
v0xa3c6360_0 .net *"_ivl_131", 0 0, L_0xa48ece0;  1 drivers
v0xa3c6550_0 .net *"_ivl_134", 0 0, L_0xa48f310;  1 drivers
L_0x7f41eb9c49a8 .functor BUFT 1, C4<0>, C4<0>, C4<0>, C4<0>;
v0xa3c6630_0 .net/2u *"_ivl_135", 0 0, L_0x7f41eb9c49a8;  1 drivers
v0xa3c6710_0 .net *"_ivl_139", 0 0, L_0xa48f260;  1 drivers
v0xa3c67f0_0 .net *"_ivl_14", 0 0, L_0xa48c420;  1 drivers
L_0x7f41eb9c49f0 .functor BUFT 1, C4<011>, C4<0>, C4<0>, C4<0>;
v0xa3c68b0_0 .net/2u *"_ivl_141", 2 0, L_0x7f41eb9c49f0;  1 drivers
v0xa3c6990_0 .net *"_ivl_143", 0 0, L_0xa48f560;  1 drivers
v0xa3c6a50_0 .net *"_ivl_145", 0 0, L_0xa48f650;  1 drivers
L_0x7f41eb9c4a38 .functor BUFT 1, C4<1>, C4<0>, C4<0>, C4<0>;
v0xa3c6b30_0 .net/2u *"_ivl_147", 0 0, L_0x7f41eb9c4a38;  1 drivers
v0xa3c6c10_0 .net *"_ivl_150", 0 0, L_0xa48f7d0;  1 drivers
L_0x7f41eb9c4a80 .functor BUFT 1, C4<0>, C4<0>, C4<0>, C4<0>;
v0xa3c6cf0_0 .net/2u *"_ivl_151", 0 0, L_0x7f41eb9c4a80;  1 drivers
v0xa3c6dd0_0 .net *"_ivl_153", 0 0, L_0xa48f450;  1 drivers
v0xa3c6eb0_0 .net *"_ivl_157", 0 0, L_0xa48fc00;  1 drivers
L_0x7f41eb9c4ac8 .functor BUFT 1, C4<101>, C4<0>, C4<0>, C4<0>;
v0xa3c6f90_0 .net/2u *"_ivl_159", 2 0, L_0x7f41eb9c4ac8;  1 drivers
v0xa3c7070_0 .net *"_ivl_161", 0 0, L_0xa48fd80;  1 drivers
v0xa3c7130_0 .net *"_ivl_163", 0 0, L_0xa48fe70;  1 drivers
v0xa3c7210_0 .net *"_ivl_166", 0 0, L_0xa48ff80;  1 drivers
L_0x7f41eb9c4b10 .functor BUFT 1, C4<0>, C4<0>, C4<0>, C4<0>;
v0xa3c72f0_0 .net/2u *"_ivl_167", 0 0, L_0x7f41eb9c4b10;  1 drivers
L_0x7f41eb9c4b58 .functor BUFT 1, C4<0010111>, C4<0>, C4<0>, C4<0>;
v0xa3c73d0_0 .net/2u *"_ivl_179", 6 0, L_0x7f41eb9c4b58;  1 drivers
L_0x7f41eb9c4408 .functor BUFT 1, C4<0000011>, C4<0>, C4<0>, C4<0>;
v0xa3c74b0_0 .net/2u *"_ivl_18", 6 0, L_0x7f41eb9c4408;  1 drivers
v0xa3c7590_0 .net *"_ivl_185", 0 0, L_0xa490340;  1 drivers
v0xa3c7670_0 .net *"_ivl_190", 0 0, L_0xa490020;  1 drivers
v0xa3c7750_0 .net *"_ivl_194", 0 0, L_0xa490a10;  1 drivers
v0xa3c7830_0 .net *"_ivl_196", 0 0, L_0xa490b10;  1 drivers
v0xa3c7910_0 .net *"_ivl_198", 0 0, L_0xa490b80;  1 drivers
v0xa3c79f0_0 .net *"_ivl_200", 0 0, L_0xa490c80;  1 drivers
v0xa3c7ad0_0 .net *"_ivl_202", 0 0, L_0xa490cf0;  1 drivers
v0xa3c7bb0_0 .net *"_ivl_206", 0 0, L_0xa490090;  1 drivers
v0xa3c7c90_0 .net *"_ivl_210", 0 0, L_0xa490e60;  1 drivers
v0xa3c7d50_0 .net *"_ivl_212", 0 0, L_0xa490830;  1 drivers
v0xa3c7e10_0 .net *"_ivl_214", 0 0, L_0xa4908d0;  1 drivers
v0xa3c7ef0_0 .net *"_ivl_218", 0 0, L_0xa491150;  1 drivers
L_0x7f41eb9c4450 .functor BUFT 1, C4<0100011>, C4<0>, C4<0>, C4<0>;
v0xa3c7fb0_0 .net/2u *"_ivl_22", 6 0, L_0x7f41eb9c4450;  1 drivers
v0xa3c8090_0 .net *"_ivl_220", 0 0, L_0xa491350;  1 drivers
v0xa3c8150_0 .net *"_ivl_222", 0 0, L_0xa4913f0;  1 drivers
v0xa3c8230_0 .net *"_ivl_227", 0 0, L_0xa491630;  1 drivers
v0xa3c82f0_0 .net *"_ivl_228", 0 0, L_0xa491730;  1 drivers
v0xa3c83d0_0 .net *"_ivl_230", 0 0, L_0xa491bf0;  1 drivers
L_0x7f41eb9c4498 .functor BUFT 1, C4<1100011>, C4<0>, C4<0>, C4<0>;
v0xa3c84b0_0 .net/2u *"_ivl_26", 6 0, L_0x7f41eb9c4498;  1 drivers
L_0x7f41eb9c44e0 .functor BUFT 1, C4<1101111>, C4<0>, C4<0>, C4<0>;
v0xa3c8590_0 .net/2u *"_ivl_30", 6 0, L_0x7f41eb9c44e0;  1 drivers
L_0x7f41eb9c4528 .functor BUFT 1, C4<1100111>, C4<0>, C4<0>, C4<0>;
v0xa3c8670_0 .net/2u *"_ivl_34", 6 0, L_0x7f41eb9c4528;  1 drivers
L_0x7f41eb9c4570 .functor BUFT 1, C4<0000001>, C4<0>, C4<0>, C4<0>;
v0xa3c8750_0 .net/2u *"_ivl_38", 6 0, L_0x7f41eb9c4570;  1 drivers
L_0x7f41eb9c4330 .functor BUFT 1, C4<0010011>, C4<0>, C4<0>, C4<0>;
v0xa3c8830_0 .net/2u *"_ivl_4", 6 0, L_0x7f41eb9c4330;  1 drivers
L_0x7f41eb9c45b8 .functor BUFT 1, C4<0000010>, C4<0>, C4<0>, C4<0>;
v0xa3c8910_0 .net/2u *"_ivl_40", 6 0, L_0x7f41eb9c45b8;  1 drivers
L_0x7f41eb9c4600 .functor BUFT 1, C4<0010000>, C4<0>, C4<0>, C4<0>;
v0xa3c89f0_0 .net/2u *"_ivl_42", 6 0, L_0x7f41eb9c4600;  1 drivers
L_0x7f41eb9c4648 .functor BUFT 1, C4<0000010>, C4<0>, C4<0>, C4<0>;
v0xa3c8ad0_0 .net/2u *"_ivl_44", 6 0, L_0x7f41eb9c4648;  1 drivers
L_0x7f41eb9c4690 .functor BUFT 1, C4<0000100>, C4<0>, C4<0>, C4<0>;
v0xa3c8bb0_0 .net/2u *"_ivl_46", 6 0, L_0x7f41eb9c4690;  1 drivers
L_0x7f41eb9c46d8 .functor BUFT 1, C4<0001000>, C4<0>, C4<0>, C4<0>;
v0xa3c8c90_0 .net/2u *"_ivl_48", 6 0, L_0x7f41eb9c46d8;  1 drivers
L_0x7f41eb9c4720 .functor BUFT 1, C4<0100000>, C4<0>, C4<0>, C4<0>;
v0xa3c8d70_0 .net/2u *"_ivl_50", 6 0, L_0x7f41eb9c4720;  1 drivers
L_0x7f41eb9c4768 .functor BUFT 1, C4<0000010>, C4<0>, C4<0>, C4<0>;
v0xa3c9260_0 .net/2u *"_ivl_52", 6 0, L_0x7f41eb9c4768;  1 drivers
L_0x7f41eb9c47b0 .functor BUFT 1, C4<0000000>, C4<0>, C4<0>, C4<0>;
v0xa3c9340_0 .net/2u *"_ivl_54", 6 0, L_0x7f41eb9c47b0;  1 drivers
v0xa3c9420_0 .net *"_ivl_56", 6 0, L_0xa48cd40;  1 drivers
v0xa3c9500_0 .net *"_ivl_58", 6 0, L_0xa48ce80;  1 drivers
v0xa3c95e0_0 .net *"_ivl_60", 6 0, L_0xa48d010;  1 drivers
v0xa3c96c0_0 .net *"_ivl_62", 6 0, L_0xa48d210;  1 drivers
v0xa3c97a0_0 .net *"_ivl_64", 6 0, L_0xa48d3a0;  1 drivers
v0xa3c9880_0 .net *"_ivl_66", 6 0, L_0xa48d5b0;  1 drivers
v0xa3c9960_0 .net *"_ivl_68", 6 0, L_0xa48d740;  1 drivers
v0xa3c9a40_0 .net *"_ivl_70", 6 0, L_0xa48d960;  1 drivers
L_0x7f41eb9c47f8 .functor BUFT 1, C4<1110011>, C4<0>, C4<0>, C4<0>;
v0xa3c9b20_0 .net/2u *"_ivl_74", 6 0, L_0x7f41eb9c47f8;  1 drivers
v0xa3c9c00_0 .net *"_ivl_79", 0 0, L_0xa48dd20;  1 drivers
L_0x7f41eb9c4378 .functor BUFT 1, C4<0110111>, C4<0>, C4<0>, C4<0>;
v0xa3c9cc0_0 .net/2u *"_ivl_8", 6 0, L_0x7f41eb9c4378;  1 drivers
v0xa3c9da0_0 .net *"_ivl_80", 0 0, L_0xa48d0b0;  1 drivers
v0xa3c9e80_0 .net *"_ivl_84", 0 0, L_0xa48de70;  1 drivers
v0xa3c9f60_0 .net *"_ivl_86", 0 0, L_0xa48dee0;  1 drivers
v0xa3ca040_0 .net *"_ivl_92", 0 0, L_0xa48e0a0;  1 drivers
v0xa3ca120_0 .net *"_ivl_95", 0 0, L_0xa48e1a0;  1 drivers
L_0x7f41eb9c4840 .functor BUFT 1, C4<010>, C4<0>, C4<0>, C4<0>;
v0xa3ca200_0 .net/2u *"_ivl_96", 2 0, L_0x7f41eb9c4840;  1 drivers
v0xa3ca2e0_0 .net *"_ivl_98", 0 0, L_0xa48ddc0;  1 drivers
v0xa3ca3a0_0 .net "exe_wr_to_rd", 0 0, L_0xa4915c0;  1 drivers
v0xa3ca460_0 .net "i_clk", 0 0, v0xa43dc90_0;  alias, 1 drivers
v0xa3ca500_0 .net "i_exe_wr_addr", 4 0, v0xa3c2ca0_0;  alias, 1 drivers
v0xa3ca5c0_0 .net "i_exe_wr_en", 0 0, v0xa3c3100_0;  alias, 1 drivers
v0xa3ca660_0 .net "i_funct3", 2 0, L_0xa48a730;  alias, 1 drivers
v0xa3ca720_0 .net "i_funct7", 6 0, L_0xa48a860;  alias, 1 drivers
v0xa3ca7c0_0 .net "i_mem_wr_addr", 4 0, v0x9d75d80_0;  alias, 1 drivers
v0xa3ca860_0 .net "i_mem_wr_en", 0 0, v0x9d05fb0_0;  alias, 1 drivers
v0xa3ca930_0 .net "i_opcode", 6 0, L_0xa48a690;  alias, 1 drivers
v0xa3ca9d0_0 .net "i_rs1_addr", 4 0, L_0xa48aaa0;  alias, 1 drivers
v0xa3caab0_0 .net "i_rs2_addr", 4 0, L_0xa48ab40;  alias, 1 drivers
v0xa3cab90_0 .net "i_rst", 0 0, v0xa453440_0;  alias, 1 drivers
v0xa3cac60_0 .net "is_auipc_instr", 0 0, L_0xa490790;  1 drivers
v0xa3cad00_0 .net "is_branch_instr", 0 0, L_0xa48ca20;  1 drivers
v0xa3cadc0_0 .net "is_immed_arith_instr", 0 0, L_0xa48c200;  1 drivers
v0xa3cae80_0 .net "is_jump_instr", 0 0, L_0xa48cb10;  1 drivers
v0xa3caf40_0 .net "is_jump_link_instr", 0 0, L_0xa48cc50;  1 drivers
v0xa3cb000_0 .net "is_mem_load_instr", 0 0, L_0xa48c620;  1 drivers
v0xa3cb0c0_0 .net "is_mem_store_instr", 0 0, L_0xa48c710;  1 drivers
v0xa3cb180_0 .net "is_reg_arith_instr", 0 0, L_0xa48c110;  1 drivers
v0xa3cb240_0 .net "is_upper_immed_instr", 0 0, L_0xa48c510;  1 drivers
v0xa3cb300_0 .net "mem_wr_to_rd", 0 0, L_0xa4918a0;  1 drivers
v0xa3cb3c0_0 .net "o_alu_arith_sel", 0 0, L_0xa48fa80;  alias, 1 drivers
v0xa3cb490_0 .net "o_alu_input_sel", 0 0, L_0xa48dfa0;  alias, 1 drivers
v0xa3cb560_0 .net "o_alu_op_sel", 2 0, L_0xa48e940;  alias, 1 drivers
v0xa3cb630_0 .net "o_alu_sign_sel", 0 0, L_0xa48f9e0;  alias, 1 drivers
v0xa3cb700_0 .net "o_alu_sub_sel", 0 0, L_0xa48f3b0;  alias, 1 drivers
v0xa3cb7d0_0 .net "o_dmem_rd_en", 0 0, L_0xa490560;  alias, 1 drivers
v0xa3cb8a0_0 .net "o_dmem_wr_en", 0 0, L_0xa4903d0;  alias, 1 drivers
v0xa3cb970_0 .net "o_format", 5 0, L_0xa48daf0;  alias, 1 drivers
v0xa3cba10_0 .net "o_halt", 0 0, L_0xa48dc80;  alias, 1 drivers
v0xa3cbae0_0 .net "o_jump_sel", 0 0, L_0xa490240;  alias, 1 drivers
v0xa3cbbb0_0 .net "o_jump_type_sel", 0 0, L_0xa48f760;  alias, 1 drivers
v0xa3cbc80_0 .net "o_reg_wr_en", 0 0, L_0xa490d60;  alias, 1 drivers
v0xa3cbd50_0 .net "o_reg_wr_sel", 2 0, L_0xa4906f0;  alias, 1 drivers
v0xa3cbe20_0 .net "o_stall", 0 0, L_0xa491960;  alias, 1 drivers
v0xa3cbef0_0 .net "o_trap", 0 0, L_0xa48dbe0;  alias, 1 drivers
v0xa3cbfc0_0 .net "pc_change_instr", 0 0, L_0xa490fd0;  1 drivers
L_0xa48c110 .cmp/eq 7, L_0xa48a690, L_0x7f41eb9c42e8;
L_0xa48c200 .cmp/eq 7, L_0xa48a690, L_0x7f41eb9c4330;
L_0xa48c330 .cmp/eq 7, L_0xa48a690, L_0x7f41eb9c4378;
L_0xa48c420 .cmp/eq 7, L_0xa48a690, L_0x7f41eb9c43c0;
L_0xa48c620 .cmp/eq 7, L_0xa48a690, L_0x7f41eb9c4408;
L_0xa48c710 .cmp/eq 7, L_0xa48a690, L_0x7f41eb9c4450;
L_0xa48ca20 .cmp/eq 7, L_0xa48a690, L_0x7f41eb9c4498;
L_0xa48cb10 .cmp/eq 7, L_0xa48a690, L_0x7f41eb9c44e0;
L_0xa48cc50 .cmp/eq 7, L_0xa48a690, L_0x7f41eb9c4528;
L_0xa48cd40 .functor MUXZ 7, L_0x7f41eb9c47b0, L_0x7f41eb9c4768, L_0xa48cc50, C4<>;
L_0xa48ce80 .functor MUXZ 7, L_0xa48cd40, L_0x7f41eb9c4720, L_0xa48cb10, C4<>;
L_0xa48d010 .functor MUXZ 7, L_0xa48ce80, L_0x7f41eb9c46d8, L_0xa48ca20, C4<>;
L_0xa48d210 .functor MUXZ 7, L_0xa48d010, L_0x7f41eb9c4690, L_0xa48c710, C4<>;
L_0xa48d3a0 .functor MUXZ 7, L_0xa48d210, L_0x7f41eb9c4648, L_0xa48c620, C4<>;
L_0xa48d5b0 .functor MUXZ 7, L_0xa48d3a0, L_0x7f41eb9c4600, L_0xa48c510, C4<>;
L_0xa48d740 .functor MUXZ 7, L_0xa48d5b0, L_0x7f41eb9c45b8, L_0xa48c200, C4<>;
L_0xa48d960 .functor MUXZ 7, L_0xa48d740, L_0x7f41eb9c4570, L_0xa48c110, C4<>;
L_0xa48daf0 .part L_0xa48d960, 0, 6;
L_0xa48dc80 .cmp/eq 7, L_0xa48a690, L_0x7f41eb9c47f8;
L_0xa48dd20 .reduce/or L_0xa48a690;
L_0xa48dbe0 .reduce/nor L_0xa48d0b0;
L_0xa48e1a0 .part L_0xa48a730, 0, 1;
L_0xa48ddc0 .cmp/eq 3, L_0xa48a730, L_0x7f41eb9c4840;
L_0xa48e410 .functor MUXZ 1, L_0x7f41eb9c4888, L_0xa48e300, L_0xa48e0a0, C4<>;
L_0xa48e720 .part L_0xa48a730, 1, 1;
L_0xa48e7c0 .functor MUXZ 1, L_0x7f41eb9c48d0, L_0xa48e720, L_0xa48e5d0, C4<>;
L_0xa48e940 .concat8 [ 1 1 1 0], L_0xa48e410, L_0xa48e7c0, L_0xa48e860;
L_0xa48eb30 .part L_0xa48a730, 2, 1;
L_0xa48e860 .functor MUXZ 1, L_0x7f41eb9c4918, L_0xa48eb30, L_0xa48eac0, C4<>;
L_0xa48f120 .cmp/eq 3, L_0xa48a730, L_0x7f41eb9c4960;
L_0xa48f310 .part L_0xa48a860, 5, 1;
L_0xa48f3b0 .functor MUXZ 1, L_0x7f41eb9c49a8, L_0xa48f310, L_0xa48ece0, C4<>;
L_0xa48f560 .cmp/eq 3, L_0xa48a730, L_0x7f41eb9c49f0;
L_0xa48f7d0 .part L_0xa48a730, 1, 1;
L_0xa48f450 .functor MUXZ 1, L_0x7f41eb9c4a80, L_0xa48f7d0, L_0xa48ca20, C4<>;
L_0xa48f9e0 .functor MUXZ 1, L_0xa48f450, L_0x7f41eb9c4a38, L_0xa48f650, C4<>;
L_0xa48fd80 .cmp/eq 3, L_0xa48a730, L_0x7f41eb9c4ac8;
L_0xa48ff80 .part L_0xa48a860, 5, 1;
L_0xa48fa80 .functor MUXZ 1, L_0x7f41eb9c4b10, L_0xa48ff80, L_0xa48fe70, C4<>;
L_0xa490790 .cmp/eq 7, L_0xa48a690, L_0x7f41eb9c4b58;
L_0xa4906f0 .concat8 [ 1 1 1 0], L_0xa490340, L_0xa490020, L_0xa490a10;
L_0xa490e60 .cmp/eq 5, v0xa3c2ca0_0, L_0xa48aaa0;
L_0xa490830 .cmp/eq 5, v0xa3c2ca0_0, L_0xa48ab40;
L_0xa491150 .cmp/eq 5, v0x9d75d80_0, L_0xa48aaa0;
L_0xa491350 .cmp/eq 5, v0x9d75d80_0, L_0xa48ab40;
L_0xa491630 .reduce/nor L_0xa490fd0;
S_0xa3cc280 .scope module, "immediateGenerator" "imm" 15 128, 17 6 0, S_0xa3c4980;
 .timescale -9 -12;
    .port_info 0 /INPUT 32 "i_inst";
    .port_info 1 /INPUT 6 "i_format";
    .port_info 2 /OUTPUT 32 "o_immediate";
L_0xa491dd0 .functor BUFZ 32, v0xa3c42b0_0, C4<00000000000000000000000000000000>, C4<00000000000000000000000000000000>, C4<00000000000000000000000000000000>;
v0xa3cc480_0 .net *"_ivl_11", 0 0, L_0xa492160;  1 drivers
v0xa3cc580_0 .net *"_ivl_13", 20 0, L_0xa492200;  1 drivers
v0xa3cc660_0 .net *"_ivl_15", 5 0, L_0xa4922f0;  1 drivers
v0xa3cc750_0 .net *"_ivl_17", 4 0, L_0xa4925a0;  1 drivers
v0xa3cc830_0 .net *"_ivl_21", 0 0, L_0xa492820;  1 drivers
v0xa3cc960_0 .net *"_ivl_23", 19 0, L_0xa4928c0;  1 drivers
v0xa3cca40_0 .net *"_ivl_25", 0 0, L_0xa492960;  1 drivers
v0xa3ccb20_0 .net *"_ivl_27", 5 0, L_0xa492a70;  1 drivers
v0xa3ccc00_0 .net *"_ivl_29", 3 0, L_0xa492b10;  1 drivers
v0xa3ccd70_0 .net *"_ivl_3", 0 0, L_0xa491e40;  1 drivers
L_0x7f41eb9c4ba0 .functor BUFT 1, C4<0>, C4<0>, C4<0>, C4<0>;
v0xa3cce50_0 .net/2u *"_ivl_30", 0 0, L_0x7f41eb9c4ba0;  1 drivers
v0xa3ccf30_0 .net *"_ivl_35", 19 0, L_0xa492de0;  1 drivers
L_0x7f41eb9c4be8 .functor BUFT 1, C4<000000000000>, C4<0>, C4<0>, C4<0>;
v0xa3cd010_0 .net/2u *"_ivl_36", 11 0, L_0x7f41eb9c4be8;  1 drivers
v0xa3cd0f0_0 .net *"_ivl_41", 0 0, L_0xa493050;  1 drivers
v0xa3cd1d0_0 .net *"_ivl_43", 11 0, L_0xa493190;  1 drivers
v0xa3cd2b0_0 .net *"_ivl_45", 7 0, L_0xa493230;  1 drivers
v0xa3cd390_0 .net *"_ivl_47", 0 0, L_0xa4930f0;  1 drivers
v0xa3cd470_0 .net *"_ivl_49", 9 0, L_0xa493380;  1 drivers
v0xa3cd550_0 .net *"_ivl_5", 20 0, L_0xa491ee0;  1 drivers
L_0x7f41eb9c4c30 .functor BUFT 1, C4<0>, C4<0>, C4<0>, C4<0>;
v0xa3cd630_0 .net/2u *"_ivl_50", 0 0, L_0x7f41eb9c4c30;  1 drivers
v0xa3cd710_0 .net *"_ivl_57", 0 0, L_0xa493670;  1 drivers
v0xa3cd7f0_0 .net *"_ivl_59", 0 0, L_0xa493420;  1 drivers
v0xa3cd8d0_0 .net *"_ivl_61", 0 0, L_0xa4937e0;  1 drivers
v0xa3cd9b0_0 .net *"_ivl_63", 0 0, L_0xa493710;  1 drivers
v0xa3cda90_0 .net *"_ivl_65", 0 0, L_0xa493960;  1 drivers
v0xa3cdb70_0 .net *"_ivl_67", 0 0, L_0xa493880;  1 drivers
v0xa3cdc50_0 .net *"_ivl_68", 31 0, L_0xa493af0;  1 drivers
v0xa3cdd30_0 .net *"_ivl_7", 10 0, L_0xa491f80;  1 drivers
v0xa3cde10_0 .net *"_ivl_70", 31 0, L_0xa493c90;  1 drivers
v0xa3cdef0_0 .net *"_ivl_72", 31 0, L_0xa493dd0;  1 drivers
v0xa3cdfd0_0 .net *"_ivl_74", 31 0, L_0xa493f80;  1 drivers
v0xa3ce0b0_0 .net *"_ivl_76", 31 0, L_0xa494020;  1 drivers
v0xa3ce190_0 .net "i_format", 5 0, L_0xa48daf0;  alias, 1 drivers
v0xa3ce250_0 .net "i_inst", 31 0, v0xa3c42b0_0;  alias, 1 drivers
v0xa3ce2f0_0 .net "imm_b", 31 0, L_0xa492bb0;  1 drivers
v0xa3ce3d0_0 .net "imm_i", 31 0, L_0xa492020;  1 drivers
v0xa3ce4b0_0 .net "imm_j", 31 0, L_0xa4932d0;  1 drivers
v0xa3ce590_0 .net "imm_r", 31 0, L_0xa491dd0;  1 drivers
v0xa3ce670_0 .net "imm_s", 31 0, L_0xa492690;  1 drivers
v0xa3ce750_0 .net "imm_u", 31 0, L_0xa492f10;  1 drivers
v0xa3ce830_0 .net "o_immediate", 31 0, L_0xa4941e0;  alias, 1 drivers
L_0x7f41eb9c4c78 .functor BUFT 1, C4<00000000000000000000000000000000>, C4<0>, C4<0>, C4<0>;
v0xa3ce8f0_0 .net "zero", 31 0, L_0x7f41eb9c4c78;  1 drivers
L_0xa491e40 .part v0xa3c42b0_0, 31, 1;
L_0xa491ee0 .repeat 21, 21, L_0xa491e40;
L_0xa491f80 .part v0xa3c42b0_0, 20, 11;
L_0xa492020 .concat [ 11 21 0 0], L_0xa491f80, L_0xa491ee0;
L_0xa492160 .part v0xa3c42b0_0, 31, 1;
L_0xa492200 .repeat 21, 21, L_0xa492160;
L_0xa4922f0 .part v0xa3c42b0_0, 25, 6;
L_0xa4925a0 .part v0xa3c42b0_0, 7, 5;
L_0xa492690 .concat [ 5 6 21 0], L_0xa4925a0, L_0xa4922f0, L_0xa492200;
L_0xa492820 .part v0xa3c42b0_0, 31, 1;
L_0xa4928c0 .repeat 20, 20, L_0xa492820;
L_0xa492960 .part v0xa3c42b0_0, 7, 1;
L_0xa492a70 .part v0xa3c42b0_0, 25, 6;
L_0xa492b10 .part v0xa3c42b0_0, 8, 4;
LS_0xa492bb0_0_0 .concat [ 1 4 6 1], L_0x7f41eb9c4ba0, L_0xa492b10, L_0xa492a70, L_0xa492960;
LS_0xa492bb0_0_4 .concat [ 20 0 0 0], L_0xa4928c0;
L_0xa492bb0 .concat [ 12 20 0 0], LS_0xa492bb0_0_0, LS_0xa492bb0_0_4;
L_0xa492de0 .part v0xa3c42b0_0, 12, 20;
L_0xa492f10 .concat [ 12 20 0 0], L_0x7f41eb9c4be8, L_0xa492de0;
L_0xa493050 .part v0xa3c42b0_0, 31, 1;
L_0xa493190 .repeat 12, 12, L_0xa493050;
L_0xa493230 .part v0xa3c42b0_0, 12, 8;
L_0xa4930f0 .part v0xa3c42b0_0, 20, 1;
L_0xa493380 .part v0xa3c42b0_0, 21, 10;
LS_0xa4932d0_0_0 .concat [ 1 10 1 8], L_0x7f41eb9c4c30, L_0xa493380, L_0xa4930f0, L_0xa493230;
LS_0xa4932d0_0_4 .concat [ 12 0 0 0], L_0xa493190;
L_0xa4932d0 .concat [ 20 12 0 0], LS_0xa4932d0_0_0, LS_0xa4932d0_0_4;
L_0xa493670 .part L_0xa48daf0, 0, 1;
L_0xa493420 .part L_0xa48daf0, 1, 1;
L_0xa4937e0 .part L_0xa48daf0, 2, 1;
L_0xa493710 .part L_0xa48daf0, 3, 1;
L_0xa493960 .part L_0xa48daf0, 4, 1;
L_0xa493880 .part L_0xa48daf0, 5, 1;
L_0xa493af0 .functor MUXZ 32, L_0x7f41eb9c4c78, L_0xa4932d0, L_0xa493880, C4<>;
L_0xa493c90 .functor MUXZ 32, L_0xa493af0, L_0xa492f10, L_0xa493960, C4<>;
L_0xa493dd0 .functor MUXZ 32, L_0xa493c90, L_0xa492bb0, L_0xa493710, C4<>;
L_0xa493f80 .functor MUXZ 32, L_0xa493dd0, L_0xa492690, L_0xa4937e0, C4<>;
L_0xa494020 .functor MUXZ 32, L_0xa493f80, L_0xa492020, L_0xa493420, C4<>;
L_0xa4941e0 .functor MUXZ 32, L_0xa494020, L_0xa491dd0, L_0xa493670, C4<>;
S_0xa3cea30 .scope module, "registerFile" "rf" 15 71, 18 8 0, S_0xa3c4980;
 .timescale -9 -12;
    .port_info 0 /INPUT 1 "i_clk";
    .port_info 1 /INPUT 1 "i_rst";
    .port_info 2 /INPUT 5 "i_rs1_raddr";
    .port_info 3 /OUTPUT 32 "o_rs1_rdata";
    .port_info 4 /INPUT 5 "i_rs2_raddr";
    .port_info 5 /OUTPUT 32 "o_rs2_rdata";
    .port_info 6 /INPUT 1 "i_rd_wen";
    .port_info 7 /INPUT 5 "i_rd_waddr";
    .port_info 8 /INPUT 32 "i_rd_wdata";
P_0xa3cec40 .param/l "BYPASS_EN" 0 18 17, +C4<00000000000000000000000000000001>;
L_0x7f41eb9c40a8 .functor BUFT 1, C4<1>, C4<0>, C4<0>, C4<0>;
L_0xa48ae60 .functor AND 1, L_0x7f41eb9c40a8, v0xa4211f0_0, C4<1>, C4<1>;
L_0xa48b090 .functor AND 1, L_0xa48ae60, L_0xa48af60, C4<1>, C4<1>;
L_0xa48b240 .functor AND 1, L_0xa48b090, L_0xa48b1a0, C4<1>, C4<1>;
L_0x7f41eb9c41c8 .functor BUFT 1, C4<1>, C4<0>, C4<0>, C4<0>;
L_0xa48b740 .functor AND 1, L_0x7f41eb9c41c8, v0xa4211f0_0, C4<1>, C4<1>;
L_0xa48b850 .functor AND 1, L_0xa48b740, L_0xa48b7b0, C4<1>, C4<1>;
L_0xa48bc20 .functor AND 1, L_0xa48b850, L_0xa48bb30, C4<1>, C4<1>;
v0xa3ced60_0 .net/2u *"_ivl_0", 0 0, L_0x7f41eb9c40a8;  1 drivers
L_0x7f41eb9c40f0 .functor BUFT 1, C4<000000000000000000000000000>, C4<0>, C4<0>, C4<0>;
v0xa3cee20_0 .net *"_ivl_11", 26 0, L_0x7f41eb9c40f0;  1 drivers
L_0x7f41eb9c4138 .functor BUFT 1, C4<00000000000000000000000000000000>, C4<0>, C4<0>, C4<0>;
v0xa3cef00_0 .net/2u *"_ivl_12", 31 0, L_0x7f41eb9c4138;  1 drivers
v0xa3ceff0_0 .net *"_ivl_14", 0 0, L_0xa48b1a0;  1 drivers
v0xa3cf0b0_0 .net *"_ivl_16", 0 0, L_0xa48b240;  1 drivers
v0xa3cf1e0_0 .net *"_ivl_18", 31 0, L_0xa48b350;  1 drivers
v0xa3cf2c0_0 .net *"_ivl_2", 0 0, L_0xa48ae60;  1 drivers
v0xa3cf3a0_0 .net *"_ivl_20", 6 0, L_0xa48b3f0;  1 drivers
L_0x7f41eb9c4180 .functor BUFT 1, C4<00>, C4<0>, C4<0>, C4<0>;
v0xa3cf480_0 .net *"_ivl_23", 1 0, L_0x7f41eb9c4180;  1 drivers
v0xa3cf560_0 .net/2u *"_ivl_26", 0 0, L_0x7f41eb9c41c8;  1 drivers
v0xa3cf640_0 .net *"_ivl_28", 0 0, L_0xa48b740;  1 drivers
v0xa3cf720_0 .net *"_ivl_30", 0 0, L_0xa48b7b0;  1 drivers
v0xa3cf7e0_0 .net *"_ivl_32", 0 0, L_0xa48b850;  1 drivers
v0xa3cf8c0_0 .net *"_ivl_34", 31 0, L_0xa48b960;  1 drivers
L_0x7f41eb9c4210 .functor BUFT 1, C4<000000000000000000000000000>, C4<0>, C4<0>, C4<0>;
v0xa3cf9a0_0 .net *"_ivl_37", 26 0, L_0x7f41eb9c4210;  1 drivers
L_0x7f41eb9c4258 .functor BUFT 1, C4<00000000000000000000000000000000>, C4<0>, C4<0>, C4<0>;
v0xa3cfa80_0 .net/2u *"_ivl_38", 31 0, L_0x7f41eb9c4258;  1 drivers
v0xa3cfb60_0 .net *"_ivl_4", 0 0, L_0xa48af60;  1 drivers
v0xa3cfc20_0 .net *"_ivl_40", 0 0, L_0xa48bb30;  1 drivers
v0xa3cfce0_0 .net *"_ivl_42", 0 0, L_0xa48bc20;  1 drivers
v0xa3cfdc0_0 .net *"_ivl_44", 31 0, L_0xa48bd30;  1 drivers
v0xa3cfea0_0 .net *"_ivl_46", 6 0, L_0xa48be30;  1 drivers
L_0x7f41eb9c42a0 .functor BUFT 1, C4<00>, C4<0>, C4<0>, C4<0>;
v0xa3cff80_0 .net *"_ivl_49", 1 0, L_0x7f41eb9c42a0;  1 drivers
v0xa3d0060_0 .net *"_ivl_6", 0 0, L_0xa48b090;  1 drivers
v0xa3d0140_0 .net *"_ivl_8", 31 0, L_0xa48b100;  1 drivers
v0xa3d0220_0 .net "i_clk", 0 0, v0xa43dc90_0;  alias, 1 drivers
v0xa3d02c0_0 .net "i_rd_waddr", 4 0, L_0xa48abe0;  alias, 1 drivers
v0xa3d03a0_0 .net "i_rd_wdata", 31 0, L_0xa547a20;  alias, 1 drivers
v0xa3d0480_0 .net "i_rd_wen", 0 0, v0xa4211f0_0;  alias, 1 drivers
v0xa3d0540_0 .net "i_rs1_raddr", 4 0, L_0xa48aaa0;  alias, 1 drivers
v0xa3d0600_0 .net "i_rs2_raddr", 4 0, L_0xa48ab40;  alias, 1 drivers
v0xa3d06d0_0 .net "i_rst", 0 0, v0xa453440_0;  alias, 1 drivers
v0xa3d0770_0 .net "o_rs1_rdata", 31 0, L_0xa48b530;  alias, 1 drivers
v0xa3d0810_0 .net "o_rs2_rdata", 31 0, L_0xa48bf20;  alias, 1 drivers
v0xa3d0af0 .array "registers", 0 31, 31 0;
L_0xa48af60 .cmp/eq 5, L_0xa48abe0, L_0xa48aaa0;
L_0xa48b100 .concat [ 5 27 0 0], L_0xa48aaa0, L_0x7f41eb9c40f0;
L_0xa48b1a0 .cmp/ne 32, L_0xa48b100, L_0x7f41eb9c4138;
L_0xa48b350 .array/port v0xa3d0af0, L_0xa48b3f0;
L_0xa48b3f0 .concat [ 5 2 0 0], L_0xa48aaa0, L_0x7f41eb9c4180;
L_0xa48b530 .functor MUXZ 32, L_0xa48b350, L_0xa547a20, L_0xa48b240, C4<>;
L_0xa48b7b0 .cmp/eq 5, L_0xa48abe0, L_0xa48ab40;
L_0xa48b960 .concat [ 5 27 0 0], L_0xa48ab40, L_0x7f41eb9c4210;
L_0xa48bb30 .cmp/ne 32, L_0xa48b960, L_0x7f41eb9c4258;
L_0xa48bd30 .array/port v0xa3d0af0, L_0xa48be30;
L_0xa48be30 .concat [ 5 2 0 0], L_0xa48ab40, L_0x7f41eb9c42a0;
L_0xa48bf20 .functor MUXZ 32, L_0xa48bd30, L_0xa547a20, L_0xa48bc20, C4<>;
S_0xa3d3310 .scope module, "instructionFetch" "instrFetch" 3 51, 19 3 0, S_0x9ef1840;
 .timescale -9 -12;
    .port_info 0 /INPUT 1 "i_clk";
    .port_info 1 /INPUT 1 "i_rst";
    .port_info 2 /INPUT 1 "i_stall";
    .port_info 3 /OUTPUT 32 "o_imem_raddr";
    .port_info 4 /INPUT 32 "i_imem_rdata";
    .port_info 5 /INPUT 32 "i_next_instr_addr";
    .port_info 6 /INPUT 32 "i_jump_instr_addr";
    .port_info 7 /INPUT 1 "i_jump_sel";
    .port_info 8 /OUTPUT 32 "o_instr";
    .port_info 9 /OUTPUT 32 "o_instr_addr";
    .port_info 10 /OUTPUT 32 "o_incr_instr_addr";
L_0xa4745a0 .functor BUFZ 32, v0xa41b810_0, C4<00000000000000000000000000000000>, C4<00000000000000000000000000000000>, C4<00000000000000000000000000000000>;
L_0xa48a3f0 .functor BUFZ 32, v0xa452730_0, C4<00000000000000000000000000000000>, C4<00000000000000000000000000000000>, C4<00000000000000000000000000000000>;
L_0xa48a460 .functor BUFZ 32, v0xa41b810_0, C4<00000000000000000000000000000000>, C4<00000000000000000000000000000000>, C4<00000000000000000000000000000000>;
v0xa41b9a0_0 .net "i_clk", 0 0, v0xa43dc90_0;  alias, 1 drivers
v0xa41bb70_0 .net "i_imem_rdata", 31 0, v0xa452730_0;  alias, 1 drivers
v0xa41bc50_0 .net "i_jump_instr_addr", 31 0, L_0xa535a90;  alias, 1 drivers
v0xa41bd40_0 .net8 "i_jump_sel", 0 0, RS_0x7f41ebece698;  alias, 2 drivers
v0xa41bde0_0 .net "i_next_instr_addr", 31 0, L_0xa479450;  alias, 1 drivers
v0xa41bf40_0 .net "i_rst", 0 0, v0xa453440_0;  alias, 1 drivers
v0xa41bfe0_0 .net "i_stall", 0 0, L_0xa491960;  alias, 1 drivers
v0xa41c080_0 .net "instr_addr", 31 0, v0xa41b810_0;  1 drivers
v0xa41c140_0 .net "next_instr", 31 0, L_0xa4537e0;  1 drivers
v0xa41c290_0 .net "o_imem_raddr", 31 0, L_0xa4745a0;  alias, 1 drivers
v0xa41c330_0 .net "o_incr_instr_addr", 31 0, L_0xa479450;  alias, 1 drivers
v0xa41c3d0_0 .net "o_instr", 31 0, L_0xa48a3f0;  alias, 1 drivers
v0xa41c490_0 .net "o_instr_addr", 31 0, L_0xa48a460;  alias, 1 drivers
L_0xa4537e0 .functor MUXZ 32, L_0xa479450, L_0xa535a90, RS_0x7f41ebece698, C4<>;
S_0xa3d34f0 .scope module, "pc_incr" "add_pg_32" 19 34, 7 3 0, S_0xa3d3310;
 .timescale -9 -12;
    .port_info 0 /INPUT 32 "val1";
    .port_info 1 /INPUT 32 "val2";
    .port_info 2 /INPUT 1 "carry_in";
    .port_info 3 /OUTPUT 32 "val_out";
    .port_info 4 /OUTPUT 1 "carry_out";
    .port_info 5 /OUTPUT 1 "prop_out";
    .port_info 6 /OUTPUT 1 "gen_out";
L_0x7f41eb9c4060 .functor BUFT 1, C4<0>, C4<0>, C4<0>, C4<0>;
L_0xa466650 .functor AND 1, L_0x7f41eb9c4060, L_0xa4665b0, C4<1>, C4<1>;
L_0xa4666c0 .functor OR 1, L_0xa466510, L_0xa466650, C4<0>, C4<0>;
L_0xa479a90 .functor AND 1, L_0xa479b00, L_0xa479ba0, C4<1>, C4<1>;
L_0xa479ce0 .functor OR 1, L_0xa4799f0, L_0xa479a90, C4<0>, C4<0>;
L_0xa479f80 .functor AND 1, L_0xa47a0b0, L_0xa47a1f0, C4<1>, C4<1>;
L_0xa47a290 .functor OR 1, L_0xa47a010, L_0xa479f80, C4<0>, C4<0>;
v0xa419d90_0 .net *"_ivl_13", 0 0, L_0xa466510;  1 drivers
v0xa419e90_0 .net *"_ivl_15", 0 0, L_0xa4665b0;  1 drivers
v0xa419f70_0 .net *"_ivl_16", 0 0, L_0xa466650;  1 drivers
v0xa41a030_0 .net *"_ivl_18", 0 0, L_0xa4666c0;  1 drivers
v0xa41a110_0 .net *"_ivl_39", 0 0, L_0xa4799f0;  1 drivers
v0xa41a1f0_0 .net *"_ivl_41", 0 0, L_0xa479b00;  1 drivers
v0xa41a2d0_0 .net *"_ivl_43", 0 0, L_0xa479ba0;  1 drivers
v0xa41a3b0_0 .net *"_ivl_44", 0 0, L_0xa479a90;  1 drivers
v0xa41a490_0 .net *"_ivl_46", 0 0, L_0xa479ce0;  1 drivers
v0xa41a570_0 .net *"_ivl_53", 0 0, L_0xa47a010;  1 drivers
v0xa41a650_0 .net *"_ivl_55", 0 0, L_0xa47a0b0;  1 drivers
v0xa41a730_0 .net *"_ivl_57", 0 0, L_0xa47a1f0;  1 drivers
v0xa41a810_0 .net *"_ivl_58", 0 0, L_0xa479f80;  1 drivers
v0xa41a8f0_0 .net "carry", 1 0, L_0xa479900;  1 drivers
v0xa41a9d0_0 .net "carry_in", 0 0, L_0x7f41eb9c4060;  1 drivers
v0xa41aa70_0 .net "carry_out", 0 0, L_0xa479e40;  1 drivers
v0xa41ab30_0 .net "gen", 1 0, L_0xa479770;  1 drivers
v0xa41ac10_0 .net "gen_out", 0 0, L_0xa47a290;  1 drivers
v0xa41acd0_0 .net "prop", 1 0, L_0xa4795e0;  1 drivers
v0xa41adb0_0 .net "prop_out", 0 0, L_0xa479ee0;  1 drivers
v0xa41ae70_0 .net "val1", 31 0, v0xa41b810_0;  alias, 1 drivers
L_0x7f41eb9c4018 .functor BUFT 1, C4<00000000000000000000000000000100>, C4<0>, C4<0>, C4<0>;
v0xa41af50_0 .net "val2", 31 0, L_0x7f41eb9c4018;  1 drivers
v0xa41b030_0 .net "val_out", 31 0, L_0xa479450;  alias, 1 drivers
L_0xa4663d0 .part v0xa41b810_0, 0, 16;
L_0xa466470 .part L_0x7f41eb9c4018, 0, 16;
L_0xa466510 .part L_0xa479770, 0, 1;
L_0xa4665b0 .part L_0xa4795e0, 0, 1;
L_0xa479220 .part v0xa41b810_0, 16, 16;
L_0xa4792c0 .part L_0x7f41eb9c4018, 16, 16;
L_0xa4793b0 .part L_0xa479900, 0, 1;
L_0xa479450 .concat8 [ 16 16 0 0], L_0xa464320, L_0xa477170;
L_0xa4795e0 .concat8 [ 1 1 0 0], L_0xa465020, L_0xa477e70;
L_0xa479770 .concat8 [ 1 1 0 0], L_0xa4662c0, L_0xa479110;
L_0xa479900 .concat8 [ 1 1 0 0], L_0xa4666c0, L_0xa479ce0;
L_0xa4799f0 .part L_0xa479770, 1, 1;
L_0xa479b00 .part L_0xa479900, 0, 1;
L_0xa479ba0 .part L_0xa4795e0, 1, 1;
L_0xa479e40 .part L_0xa479900, 1, 1;
L_0xa479ee0 .reduce/and L_0xa4795e0;
L_0xa47a010 .part L_0xa479770, 1, 1;
L_0xa47a0b0 .part L_0xa4795e0, 1, 1;
L_0xa47a1f0 .part L_0xa479770, 0, 1;
S_0xa3d37e0 .scope module, "adder0" "add_pg_16" 7 18, 8 3 0, S_0xa3d34f0;
 .timescale -9 -12;
    .port_info 0 /INPUT 16 "val1";
    .port_info 1 /INPUT 16 "val2";
    .port_info 2 /INPUT 1 "carry_in";
    .port_info 3 /OUTPUT 16 "val_out";
    .port_info 4 /OUTPUT 1 "carry_out";
    .port_info 5 /OUTPUT 1 "prop_out";
    .port_info 6 /OUTPUT 1 "gen_out";
L_0xa457840 .functor AND 1, L_0x7f41eb9c4060, L_0xa4577a0, C4<1>, C4<1>;
L_0xa457900 .functor OR 1, L_0xa457700, L_0xa457840, C4<0>, C4<0>;
L_0xa45bdc0 .functor AND 1, L_0xa45bbe0, L_0xa45bcd0, C4<1>, C4<1>;
L_0xa45be80 .functor OR 1, L_0xa45baa0, L_0xa45bdc0, C4<0>, C4<0>;
L_0xa45fdb0 .functor AND 1, L_0xa45ff60, L_0xa460000, C4<1>, C4<1>;
L_0xa460180 .functor OR 1, L_0xa45fec0, L_0xa45fdb0, C4<0>, C4<0>;
L_0xa464a20 .functor AND 1, L_0xa4647d0, L_0xa464af0, C4<1>, C4<1>;
L_0xa464cc0 .functor OR 1, L_0xa464980, L_0xa464a20, C4<0>, C4<0>;
L_0xa465350 .functor AND 1, L_0xa4651b0, L_0xa4650c0, C4<1>, C4<1>;
L_0xa465410 .functor OR 1, L_0xa464b90, L_0xa465350, C4<0>, C4<0>;
L_0xa4657e0 .functor AND 1, L_0xa465520, L_0xa465250, C4<1>, C4<1>;
L_0xa4656d0 .functor AND 1, L_0xa4657e0, L_0xa465850, C4<1>, C4<1>;
L_0xa465b90 .functor OR 1, L_0xa465410, L_0xa4656d0, C4<0>, C4<0>;
L_0xa465a00 .functor AND 1, L_0xa465ca0, L_0xa465d40, C4<1>, C4<1>;
L_0xa465b20 .functor AND 1, L_0xa465a00, L_0xa465f10, C4<1>, C4<1>;
L_0xa465de0 .functor AND 1, L_0xa465b20, L_0xa466050, C4<1>, C4<1>;
L_0xa4662c0 .functor OR 1, L_0xa465b90, L_0xa465de0, C4<0>, C4<0>;
v0xa3e4170_0 .net *"_ivl_101", 0 0, L_0xa464b90;  1 drivers
v0xa3e4270_0 .net *"_ivl_103", 0 0, L_0xa4651b0;  1 drivers
v0xa3e4350_0 .net *"_ivl_105", 0 0, L_0xa4650c0;  1 drivers
v0xa3e4410_0 .net *"_ivl_106", 0 0, L_0xa465350;  1 drivers
v0xa3e44f0_0 .net *"_ivl_108", 0 0, L_0xa465410;  1 drivers
v0xa3e45d0_0 .net *"_ivl_111", 0 0, L_0xa465520;  1 drivers
v0xa3e46b0_0 .net *"_ivl_113", 0 0, L_0xa465250;  1 drivers
v0xa3e4790_0 .net *"_ivl_114", 0 0, L_0xa4657e0;  1 drivers
v0xa3e4870_0 .net *"_ivl_117", 0 0, L_0xa465850;  1 drivers
v0xa3e4950_0 .net *"_ivl_118", 0 0, L_0xa4656d0;  1 drivers
v0xa3e4a30_0 .net *"_ivl_120", 0 0, L_0xa465b90;  1 drivers
v0xa3e4b10_0 .net *"_ivl_123", 0 0, L_0xa465ca0;  1 drivers
v0xa3e4bf0_0 .net *"_ivl_125", 0 0, L_0xa465d40;  1 drivers
v0xa3e4cd0_0 .net *"_ivl_126", 0 0, L_0xa465a00;  1 drivers
v0xa3e4db0_0 .net *"_ivl_129", 0 0, L_0xa465f10;  1 drivers
v0xa3e4e90_0 .net *"_ivl_13", 0 0, L_0xa457700;  1 drivers
v0xa3e4f70_0 .net *"_ivl_130", 0 0, L_0xa465b20;  1 drivers
v0xa3e5050_0 .net *"_ivl_133", 0 0, L_0xa466050;  1 drivers
v0xa3e5130_0 .net *"_ivl_134", 0 0, L_0xa465de0;  1 drivers
v0xa3e5210_0 .net *"_ivl_15", 0 0, L_0xa4577a0;  1 drivers
v0xa3e52f0_0 .net *"_ivl_16", 0 0, L_0xa457840;  1 drivers
v0xa3e53d0_0 .net *"_ivl_18", 0 0, L_0xa457900;  1 drivers
v0xa3e54b0_0 .net *"_ivl_35", 0 0, L_0xa45baa0;  1 drivers
v0xa3e5590_0 .net *"_ivl_37", 0 0, L_0xa45bbe0;  1 drivers
v0xa3e5670_0 .net *"_ivl_39", 0 0, L_0xa45bcd0;  1 drivers
v0xa3e5750_0 .net *"_ivl_40", 0 0, L_0xa45bdc0;  1 drivers
v0xa3e5830_0 .net *"_ivl_42", 0 0, L_0xa45be80;  1 drivers
v0xa3e5910_0 .net *"_ivl_59", 0 0, L_0xa45fec0;  1 drivers
v0xa3e59f0_0 .net *"_ivl_61", 0 0, L_0xa45ff60;  1 drivers
v0xa3e5ad0_0 .net *"_ivl_63", 0 0, L_0xa460000;  1 drivers
v0xa3e5bb0_0 .net *"_ivl_64", 0 0, L_0xa45fdb0;  1 drivers
v0xa3e5c90_0 .net *"_ivl_66", 0 0, L_0xa460180;  1 drivers
v0xa3e5d70_0 .net *"_ivl_87", 0 0, L_0xa464980;  1 drivers
v0xa3e5e50_0 .net *"_ivl_89", 0 0, L_0xa4647d0;  1 drivers
v0xa3e5f30_0 .net *"_ivl_91", 0 0, L_0xa464af0;  1 drivers
v0xa3e6010_0 .net *"_ivl_92", 0 0, L_0xa464a20;  1 drivers
v0xa3e60f0_0 .net *"_ivl_94", 0 0, L_0xa464cc0;  1 drivers
v0xa3e61d0_0 .net "carry", 3 0, L_0xa464410;  1 drivers
v0xa3e62b0_0 .net "carry_in", 0 0, L_0x7f41eb9c4060;  alias, 1 drivers
RS_0x7f41ebedebc8 .resolv tri, L_0xa462a90, L_0xa464e70;
v0xa3e6350_0 .net8 "carry_out", 0 0, RS_0x7f41ebedebc8;  2 drivers
v0xa3e63f0_0 .net "gen", 3 0, L_0xa4645b0;  1 drivers
v0xa3e6490_0 .net "gen_out", 0 0, L_0xa4662c0;  1 drivers
v0xa3e6550_0 .net "prop", 3 0, L_0xa4641e0;  1 drivers
v0xa3e6630_0 .net "prop_out", 0 0, L_0xa465020;  1 drivers
v0xa3e66f0_0 .net "val1", 15 0, L_0xa4663d0;  1 drivers
v0xa3e67d0_0 .net "val2", 15 0, L_0xa466470;  1 drivers
v0xa3e68b0_0 .net "val_out", 15 0, L_0xa464320;  1 drivers
L_0xa4575c0 .part L_0xa4663d0, 0, 4;
L_0xa457660 .part L_0xa466470, 0, 4;
L_0xa457700 .part L_0xa4645b0, 0, 1;
L_0xa4577a0 .part L_0xa4641e0, 0, 1;
L_0xa45b820 .part L_0xa4663d0, 4, 4;
L_0xa45b910 .part L_0xa466470, 4, 4;
L_0xa45ba00 .part L_0xa464410, 0, 1;
L_0xa45baa0 .part L_0xa4645b0, 1, 1;
L_0xa45bbe0 .part L_0xa464410, 0, 1;
L_0xa45bcd0 .part L_0xa4641e0, 1, 1;
L_0xa45fc70 .part L_0xa4663d0, 8, 4;
L_0xa45fd10 .part L_0xa466470, 8, 4;
L_0xa45fe20 .part L_0xa464410, 1, 1;
L_0xa45fec0 .part L_0xa4645b0, 2, 1;
L_0xa45ff60 .part L_0xa464410, 1, 1;
L_0xa460000 .part L_0xa4641e0, 2, 1;
L_0xa4640a0 .part L_0xa4663d0, 12, 4;
L_0xa464140 .part L_0xa466470, 12, 4;
L_0xa464280 .part L_0xa464410, 2, 1;
L_0xa464320 .concat8 [ 4 4 4 4], L_0xa455a80, L_0xa459bd0, L_0xa45e020, L_0xa4623e0;
L_0xa4641e0 .concat8 [ 1 1 1 1], L_0xa4561d0, L_0xa45a430, L_0xa45e880, L_0xa462c40;
L_0xa4645b0 .concat8 [ 1 1 1 1], L_0xa4570e0, L_0xa45b340, L_0xa45f790, L_0xa463bc0;
L_0xa464410 .concat8 [ 1 1 1 1], L_0xa457900, L_0xa45be80, L_0xa460180, L_0xa464cc0;
L_0xa464980 .part L_0xa4645b0, 3, 1;
L_0xa4647d0 .part L_0xa464410, 2, 1;
L_0xa464af0 .part L_0xa4641e0, 3, 1;
L_0xa464e70 .part L_0xa464410, 3, 1;
L_0xa465020 .reduce/and L_0xa4641e0;
L_0xa464b90 .part L_0xa4645b0, 3, 1;
L_0xa4651b0 .part L_0xa4641e0, 3, 1;
L_0xa4650c0 .part L_0xa4645b0, 2, 1;
L_0xa465520 .part L_0xa4641e0, 3, 1;
L_0xa465250 .part L_0xa4641e0, 2, 1;
L_0xa465850 .part L_0xa4645b0, 1, 1;
L_0xa465ca0 .part L_0xa4641e0, 3, 1;
L_0xa465d40 .part L_0xa4641e0, 2, 1;
L_0xa465f10 .part L_0xa4641e0, 1, 1;
L_0xa466050 .part L_0xa4645b0, 0, 1;
S_0xa3d3b10 .scope module, "adder0" "add_pg_4" 8 18, 9 3 0, S_0xa3d37e0;
 .timescale -9 -12;
    .port_info 0 /INPUT 4 "val1";
    .port_info 1 /INPUT 4 "val2";
    .port_info 2 /INPUT 1 "carry_in";
    .port_info 3 /OUTPUT 4 "val_out";
    .port_info 4 /OUTPUT 1 "carry_out";
    .port_info 5 /OUTPUT 1 "prop_out";
    .port_info 6 /OUTPUT 1 "gen_out";
L_0xa300c20 .functor AND 4, L_0xa4575c0, L_0xa457660, C4<1111>, C4<1111>;
L_0x9ecb4f0 .functor XOR 4, L_0xa4575c0, L_0xa457660, C4<0000>, C4<0000>;
L_0x9f8df70 .functor AND 1, L_0x7f41eb9c4060, L_0xa453a80, C4<1>, C4<1>;
L_0x9f7f410 .functor OR 1, L_0xa453990, L_0x9f8df70, C4<0>, C4<0>;
L_0x9fbe590 .functor AND 1, L_0xa453d30, L_0xa453e00, C4<1>, C4<1>;
L_0xa453fa0 .functor OR 1, L_0xa453c90, L_0x9fbe590, C4<0>, C4<0>;
L_0xa454480 .functor AND 1, L_0xa454260, L_0xa454300, C4<1>, C4<1>;
L_0xa454540 .functor OR 1, L_0xa4540f0, L_0xa454480, C4<0>, C4<0>;
L_0xa454b70 .functor AND 1, L_0xa454930, L_0xa454a60, C4<1>, C4<1>;
L_0xa454be0 .functor OR 1, L_0xa454830, L_0xa454b70, C4<0>, C4<0>;
L_0xa454b00 .functor XOR 1, L_0xa454d40, L_0xa454de0, C4<0>, C4<0>;
L_0xa454f50 .functor XOR 1, L_0xa454b00, L_0x7f41eb9c4060, C4<0>, C4<0>;
L_0xa455400 .functor XOR 1, L_0xa455110, L_0xa455240, C4<0>, C4<0>;
L_0xa455510 .functor XOR 1, L_0xa455400, L_0xa455470, C4<0>, C4<0>;
L_0xa4550a0 .functor XOR 1, L_0xa4555d0, L_0xa455710, C4<0>, C4<0>;
L_0xa455670 .functor XOR 1, L_0xa4550a0, L_0xa455800, C4<0>, C4<0>;
L_0xa455d70 .functor XOR 1, L_0xa455c10, L_0xa4558a0, C4<0>, C4<0>;
L_0xa455cb0 .functor XOR 1, L_0xa455d70, L_0xa455e80, C4<0>, C4<0>;
L_0xa4559f0 .functor AND 1, L_0xa456350, L_0xa456270, C4<1>, C4<1>;
L_0xa456580 .functor OR 1, L_0xa455f20, L_0xa4559f0, C4<0>, C4<0>;
L_0xa456950 .functor AND 1, L_0xa456090, L_0xa4563f0, C4<1>, C4<1>;
L_0xa456850 .functor AND 1, L_0xa456950, L_0xa456a10, C4<1>, C4<1>;
L_0xa456690 .functor OR 1, L_0xa456580, L_0xa456850, C4<0>, C4<0>;
L_0xa456bc0 .functor AND 1, L_0xa456e80, L_0xa456f20, C4<1>, C4<1>;
L_0xa4571b0 .functor AND 1, L_0xa456bc0, L_0xa456d20, C4<1>, C4<1>;
L_0xa456fc0 .functor AND 1, L_0xa4571b0, L_0xa4572c0, C4<1>, C4<1>;
L_0xa4570e0 .functor OR 1, L_0xa456690, L_0xa456fc0, C4<0>, C4<0>;
v0xa3d3e40_0 .net *"_ivl_10", 0 0, L_0x9f8df70;  1 drivers
v0xa3d3f40_0 .net *"_ivl_103", 0 0, L_0xa455f20;  1 drivers
v0xa3d4020_0 .net *"_ivl_105", 0 0, L_0xa456350;  1 drivers
v0xa3d40e0_0 .net *"_ivl_107", 0 0, L_0xa456270;  1 drivers
v0xa3d41c0_0 .net *"_ivl_108", 0 0, L_0xa4559f0;  1 drivers
v0xa3d42f0_0 .net *"_ivl_110", 0 0, L_0xa456580;  1 drivers
v0xa3d43d0_0 .net *"_ivl_113", 0 0, L_0xa456090;  1 drivers
v0xa3d44b0_0 .net *"_ivl_115", 0 0, L_0xa4563f0;  1 drivers
v0xa3d4590_0 .net *"_ivl_116", 0 0, L_0xa456950;  1 drivers
v0xa3d4670_0 .net *"_ivl_119", 0 0, L_0xa456a10;  1 drivers
v0xa3d4750_0 .net *"_ivl_12", 0 0, L_0x9f7f410;  1 drivers
v0xa3d4830_0 .net *"_ivl_120", 0 0, L_0xa456850;  1 drivers
v0xa3d4910_0 .net *"_ivl_122", 0 0, L_0xa456690;  1 drivers
v0xa3d49f0_0 .net *"_ivl_125", 0 0, L_0xa456e80;  1 drivers
v0xa3d4ad0_0 .net *"_ivl_127", 0 0, L_0xa456f20;  1 drivers
v0xa3d4bb0_0 .net *"_ivl_128", 0 0, L_0xa456bc0;  1 drivers
v0xa3d4c90_0 .net *"_ivl_131", 0 0, L_0xa456d20;  1 drivers
v0xa3d4d70_0 .net *"_ivl_132", 0 0, L_0xa4571b0;  1 drivers
v0xa3d4e50_0 .net *"_ivl_135", 0 0, L_0xa4572c0;  1 drivers
v0xa3d4f30_0 .net *"_ivl_136", 0 0, L_0xa456fc0;  1 drivers
v0xa3d5010_0 .net *"_ivl_17", 0 0, L_0xa453c90;  1 drivers
v0xa3d50f0_0 .net *"_ivl_19", 0 0, L_0xa453d30;  1 drivers
v0xa3d51d0_0 .net *"_ivl_21", 0 0, L_0xa453e00;  1 drivers
v0xa3d52b0_0 .net *"_ivl_22", 0 0, L_0x9fbe590;  1 drivers
v0xa3d5390_0 .net *"_ivl_24", 0 0, L_0xa453fa0;  1 drivers
v0xa3d5470_0 .net *"_ivl_29", 0 0, L_0xa4540f0;  1 drivers
v0xa3d5550_0 .net *"_ivl_31", 0 0, L_0xa454260;  1 drivers
v0xa3d5630_0 .net *"_ivl_33", 0 0, L_0xa454300;  1 drivers
v0xa3d5710_0 .net *"_ivl_34", 0 0, L_0xa454480;  1 drivers
v0xa3d57f0_0 .net *"_ivl_36", 0 0, L_0xa454540;  1 drivers
v0xa3d58d0_0 .net *"_ivl_42", 0 0, L_0xa454830;  1 drivers
v0xa3d59b0_0 .net *"_ivl_44", 0 0, L_0xa454930;  1 drivers
v0xa3d5a90_0 .net *"_ivl_46", 0 0, L_0xa454a60;  1 drivers
v0xa3d5d80_0 .net *"_ivl_47", 0 0, L_0xa454b70;  1 drivers
v0xa3d5e60_0 .net *"_ivl_49", 0 0, L_0xa454be0;  1 drivers
v0xa3d5f40_0 .net *"_ivl_54", 0 0, L_0xa454d40;  1 drivers
v0xa3d6020_0 .net *"_ivl_56", 0 0, L_0xa454de0;  1 drivers
v0xa3d6100_0 .net *"_ivl_57", 0 0, L_0xa454b00;  1 drivers
v0xa3d61e0_0 .net *"_ivl_59", 0 0, L_0xa454f50;  1 drivers
v0xa3d62c0_0 .net *"_ivl_64", 0 0, L_0xa455110;  1 drivers
v0xa3d63a0_0 .net *"_ivl_66", 0 0, L_0xa455240;  1 drivers
v0xa3d6480_0 .net *"_ivl_67", 0 0, L_0xa455400;  1 drivers
v0xa3d6560_0 .net *"_ivl_7", 0 0, L_0xa453990;  1 drivers
v0xa3d6640_0 .net *"_ivl_70", 0 0, L_0xa455470;  1 drivers
v0xa3d6720_0 .net *"_ivl_71", 0 0, L_0xa455510;  1 drivers
v0xa3d6800_0 .net *"_ivl_76", 0 0, L_0xa4555d0;  1 drivers
v0xa3d68e0_0 .net *"_ivl_78", 0 0, L_0xa455710;  1 drivers
v0xa3d69c0_0 .net *"_ivl_79", 0 0, L_0xa4550a0;  1 drivers
v0xa3d6aa0_0 .net *"_ivl_82", 0 0, L_0xa455800;  1 drivers
v0xa3d6b80_0 .net *"_ivl_83", 0 0, L_0xa455670;  1 drivers
v0xa3d6c60_0 .net *"_ivl_89", 0 0, L_0xa455c10;  1 drivers
v0xa3d6d40_0 .net *"_ivl_9", 0 0, L_0xa453a80;  1 drivers
v0xa3d6e20_0 .net *"_ivl_91", 0 0, L_0xa4558a0;  1 drivers
v0xa3d6f00_0 .net *"_ivl_92", 0 0, L_0xa455d70;  1 drivers
v0xa3d6fe0_0 .net *"_ivl_95", 0 0, L_0xa455e80;  1 drivers
v0xa3d70c0_0 .net *"_ivl_96", 0 0, L_0xa455cb0;  1 drivers
v0xa3d71a0_0 .net "carry", 3 0, L_0xa4546a0;  1 drivers
v0xa3d7280_0 .net "carry_in", 0 0, L_0x7f41eb9c4060;  alias, 1 drivers
v0xa3d7340_0 .net "carry_out", 0 0, L_0xa456130;  1 drivers
v0xa3d7400_0 .net "gen", 3 0, L_0xa300c20;  1 drivers
v0xa3d74e0_0 .net "gen_out", 0 0, L_0xa4570e0;  1 drivers
v0xa3d75a0_0 .net "prop", 3 0, L_0x9ecb4f0;  1 drivers
v0xa3d7680_0 .net "prop_out", 0 0, L_0xa4561d0;  1 drivers
v0xa3d7740_0 .net "val1", 3 0, L_0xa4575c0;  1 drivers
v0xa3d7820_0 .net "val2", 3 0, L_0xa457660;  1 drivers
v0xa3d7cd0_0 .net "val_out", 3 0, L_0xa455a80;  1 drivers
L_0xa453990 .part L_0xa300c20, 0, 1;
L_0xa453a80 .part L_0x9ecb4f0, 0, 1;
L_0xa453c90 .part L_0xa300c20, 1, 1;
L_0xa453d30 .part L_0xa4546a0, 0, 1;
L_0xa453e00 .part L_0x9ecb4f0, 1, 1;
L_0xa4540f0 .part L_0xa300c20, 2, 1;
L_0xa454260 .part L_0xa4546a0, 1, 1;
L_0xa454300 .part L_0x9ecb4f0, 2, 1;
L_0xa4546a0 .concat8 [ 1 1 1 1], L_0x9f7f410, L_0xa453fa0, L_0xa454540, L_0xa454be0;
L_0xa454830 .part L_0xa300c20, 3, 1;
L_0xa454930 .part L_0xa4546a0, 2, 1;
L_0xa454a60 .part L_0x9ecb4f0, 3, 1;
L_0xa454d40 .part L_0xa4575c0, 0, 1;
L_0xa454de0 .part L_0xa457660, 0, 1;
L_0xa455110 .part L_0xa4575c0, 1, 1;
L_0xa455240 .part L_0xa457660, 1, 1;
L_0xa455470 .part L_0xa4546a0, 0, 1;
L_0xa4555d0 .part L_0xa4575c0, 2, 1;
L_0xa455710 .part L_0xa457660, 2, 1;
L_0xa455800 .part L_0xa4546a0, 1, 1;
L_0xa455a80 .concat8 [ 1 1 1 1], L_0xa454f50, L_0xa455510, L_0xa455670, L_0xa455cb0;
L_0xa455c10 .part L_0xa4575c0, 3, 1;
L_0xa4558a0 .part L_0xa457660, 3, 1;
L_0xa455e80 .part L_0xa4546a0, 2, 1;
L_0xa456130 .part L_0xa4546a0, 3, 1;
L_0xa4561d0 .reduce/and L_0x9ecb4f0;
L_0xa455f20 .part L_0xa300c20, 3, 1;
L_0xa456350 .part L_0x9ecb4f0, 3, 1;
L_0xa456270 .part L_0xa300c20, 2, 1;
L_0xa456090 .part L_0x9ecb4f0, 3, 1;
L_0xa4563f0 .part L_0x9ecb4f0, 2, 1;
L_0xa456a10 .part L_0xa300c20, 1, 1;
L_0xa456e80 .part L_0x9ecb4f0, 3, 1;
L_0xa456f20 .part L_0x9ecb4f0, 2, 1;
L_0xa456d20 .part L_0x9ecb4f0, 1, 1;
L_0xa4572c0 .part L_0xa300c20, 0, 1;
S_0xa3d7dd0 .scope module, "adder1" "add_pg_4" 8 32, 9 3 0, S_0xa3d37e0;
 .timescale -9 -12;
    .port_info 0 /INPUT 4 "val1";
    .port_info 1 /INPUT 4 "val2";
    .port_info 2 /INPUT 1 "carry_in";
    .port_info 3 /OUTPUT 4 "val_out";
    .port_info 4 /OUTPUT 1 "carry_out";
    .port_info 5 /OUTPUT 1 "prop_out";
    .port_info 6 /OUTPUT 1 "gen_out";
L_0xa457a10 .functor AND 4, L_0xa45b820, L_0xa45b910, C4<1111>, C4<1111>;
L_0xa457ab0 .functor XOR 4, L_0xa45b820, L_0xa45b910, C4<0000>, C4<0000>;
L_0xa457dd0 .functor AND 1, L_0xa45ba00, L_0xa457ce0, C4<1>, C4<1>;
L_0xa457ec0 .functor OR 1, L_0xa457bf0, L_0xa457dd0, C4<0>, C4<0>;
L_0xa458270 .functor AND 1, L_0xa4580a0, L_0xa4581a0, C4<1>, C4<1>;
L_0xa4583b0 .functor OR 1, L_0xa458000, L_0xa458270, C4<0>, C4<0>;
L_0xa458730 .functor AND 1, L_0xa4585a0, L_0xa458640, C4<1>, C4<1>;
L_0xa4587f0 .functor OR 1, L_0xa4584c0, L_0xa458730, C4<0>, C4<0>;
L_0xa458d30 .functor AND 1, L_0xa458b80, L_0xa458c20, C4<1>, C4<1>;
L_0xa458da0 .functor OR 1, L_0xa458ae0, L_0xa458d30, C4<0>, C4<0>;
L_0xa458cc0 .functor XOR 1, L_0xa458f00, L_0xa458fa0, C4<0>, C4<0>;
L_0xa459090 .functor XOR 1, L_0xa458cc0, L_0xa45ba00, C4<0>, C4<0>;
L_0xa459500 .functor XOR 1, L_0xa459210, L_0xa459340, C4<0>, C4<0>;
L_0xa459610 .functor XOR 1, L_0xa459500, L_0xa459570, C4<0>, C4<0>;
L_0xa4591a0 .functor XOR 1, L_0xa459720, L_0xa459860, C4<0>, C4<0>;
L_0xa4597c0 .functor XOR 1, L_0xa4591a0, L_0xa459950, C4<0>, C4<0>;
L_0xa459ec0 .functor XOR 1, L_0xa459d60, L_0xa4599f0, C4<0>, C4<0>;
L_0xa459e00 .functor XOR 1, L_0xa459ec0, L_0xa459fd0, C4<0>, C4<0>;
L_0xa459b40 .functor AND 1, L_0xa45a5b0, L_0xa45a4d0, C4<1>, C4<1>;
L_0xa45a7e0 .functor OR 1, L_0xa45a070, L_0xa459b40, C4<0>, C4<0>;
L_0xa45abb0 .functor AND 1, L_0xa45a1e0, L_0xa45a650, C4<1>, C4<1>;
L_0xa45aab0 .functor AND 1, L_0xa45abb0, L_0xa45ac70, C4<1>, C4<1>;
L_0xa45a8f0 .functor OR 1, L_0xa45a7e0, L_0xa45aab0, C4<0>, C4<0>;
L_0xa45ae20 .functor AND 1, L_0xa45b0e0, L_0xa45b180, C4<1>, C4<1>;
L_0xa45b410 .functor AND 1, L_0xa45ae20, L_0xa45af80, C4<1>, C4<1>;
L_0xa45b220 .functor AND 1, L_0xa45b410, L_0xa45b520, C4<1>, C4<1>;
L_0xa45b340 .functor OR 1, L_0xa45a8f0, L_0xa45b220, C4<0>, C4<0>;
v0xa3d8070_0 .net *"_ivl_10", 0 0, L_0xa457dd0;  1 drivers
v0xa3d8150_0 .net *"_ivl_103", 0 0, L_0xa45a070;  1 drivers
v0xa3d8230_0 .net *"_ivl_105", 0 0, L_0xa45a5b0;  1 drivers
v0xa3d82f0_0 .net *"_ivl_107", 0 0, L_0xa45a4d0;  1 drivers
v0xa3d83d0_0 .net *"_ivl_108", 0 0, L_0xa459b40;  1 drivers
v0xa3d8500_0 .net *"_ivl_110", 0 0, L_0xa45a7e0;  1 drivers
v0xa3d85e0_0 .net *"_ivl_113", 0 0, L_0xa45a1e0;  1 drivers
v0xa3d86c0_0 .net *"_ivl_115", 0 0, L_0xa45a650;  1 drivers
v0xa3d87a0_0 .net *"_ivl_116", 0 0, L_0xa45abb0;  1 drivers
v0xa3d8880_0 .net *"_ivl_119", 0 0, L_0xa45ac70;  1 drivers
v0xa3d8960_0 .net *"_ivl_12", 0 0, L_0xa457ec0;  1 drivers
v0xa3d8a40_0 .net *"_ivl_120", 0 0, L_0xa45aab0;  1 drivers
v0xa3d8b20_0 .net *"_ivl_122", 0 0, L_0xa45a8f0;  1 drivers
v0xa3d8c00_0 .net *"_ivl_125", 0 0, L_0xa45b0e0;  1 drivers
v0xa3d8ce0_0 .net *"_ivl_127", 0 0, L_0xa45b180;  1 drivers
v0xa3d8dc0_0 .net *"_ivl_128", 0 0, L_0xa45ae20;  1 drivers
v0xa3d8ea0_0 .net *"_ivl_131", 0 0, L_0xa45af80;  1 drivers
v0xa3d8f80_0 .net *"_ivl_132", 0 0, L_0xa45b410;  1 drivers
v0xa3d9060_0 .net *"_ivl_135", 0 0, L_0xa45b520;  1 drivers
v0xa3d9140_0 .net *"_ivl_136", 0 0, L_0xa45b220;  1 drivers
v0xa3d9220_0 .net *"_ivl_17", 0 0, L_0xa458000;  1 drivers
v0xa3d9300_0 .net *"_ivl_19", 0 0, L_0xa4580a0;  1 drivers
v0xa3d93e0_0 .net *"_ivl_21", 0 0, L_0xa4581a0;  1 drivers
v0xa3d94c0_0 .net *"_ivl_22", 0 0, L_0xa458270;  1 drivers
v0xa3d95a0_0 .net *"_ivl_24", 0 0, L_0xa4583b0;  1 drivers
v0xa3d9680_0 .net *"_ivl_29", 0 0, L_0xa4584c0;  1 drivers
v0xa3d9760_0 .net *"_ivl_31", 0 0, L_0xa4585a0;  1 drivers
v0xa3d9840_0 .net *"_ivl_33", 0 0, L_0xa458640;  1 drivers
v0xa3d9920_0 .net *"_ivl_34", 0 0, L_0xa458730;  1 drivers
v0xa3d9a00_0 .net *"_ivl_36", 0 0, L_0xa4587f0;  1 drivers
v0xa3d9ae0_0 .net *"_ivl_42", 0 0, L_0xa458ae0;  1 drivers
v0xa3d9bc0_0 .net *"_ivl_44", 0 0, L_0xa458b80;  1 drivers
v0xa3d9ca0_0 .net *"_ivl_46", 0 0, L_0xa458c20;  1 drivers
v0xa3d9d80_0 .net *"_ivl_47", 0 0, L_0xa458d30;  1 drivers
v0xa3d9e60_0 .net *"_ivl_49", 0 0, L_0xa458da0;  1 drivers
v0xa3d9f40_0 .net *"_ivl_54", 0 0, L_0xa458f00;  1 drivers
v0xa3da020_0 .net *"_ivl_56", 0 0, L_0xa458fa0;  1 drivers
v0xa3da100_0 .net *"_ivl_57", 0 0, L_0xa458cc0;  1 drivers
v0xa3da1e0_0 .net *"_ivl_59", 0 0, L_0xa459090;  1 drivers
v0xa3da2c0_0 .net *"_ivl_64", 0 0, L_0xa459210;  1 drivers
v0xa3da3a0_0 .net *"_ivl_66", 0 0, L_0xa459340;  1 drivers
v0xa3da480_0 .net *"_ivl_67", 0 0, L_0xa459500;  1 drivers
v0xa3da560_0 .net *"_ivl_7", 0 0, L_0xa457bf0;  1 drivers
v0xa3da640_0 .net *"_ivl_70", 0 0, L_0xa459570;  1 drivers
v0xa3da720_0 .net *"_ivl_71", 0 0, L_0xa459610;  1 drivers
v0xa3da800_0 .net *"_ivl_76", 0 0, L_0xa459720;  1 drivers
v0xa3da8e0_0 .net *"_ivl_78", 0 0, L_0xa459860;  1 drivers
v0xa3da9c0_0 .net *"_ivl_79", 0 0, L_0xa4591a0;  1 drivers
v0xa3daaa0_0 .net *"_ivl_82", 0 0, L_0xa459950;  1 drivers
v0xa3dab80_0 .net *"_ivl_83", 0 0, L_0xa4597c0;  1 drivers
v0xa3dac60_0 .net *"_ivl_89", 0 0, L_0xa459d60;  1 drivers
v0xa3dad40_0 .net *"_ivl_9", 0 0, L_0xa457ce0;  1 drivers
v0xa3dae20_0 .net *"_ivl_91", 0 0, L_0xa4599f0;  1 drivers
v0xa3daf00_0 .net *"_ivl_92", 0 0, L_0xa459ec0;  1 drivers
v0xa3dafe0_0 .net *"_ivl_95", 0 0, L_0xa459fd0;  1 drivers
v0xa3db0c0_0 .net *"_ivl_96", 0 0, L_0xa459e00;  1 drivers
v0xa3db1a0_0 .net "carry", 3 0, L_0xa458950;  1 drivers
v0xa3db280_0 .net "carry_in", 0 0, L_0xa45ba00;  1 drivers
v0xa3db340_0 .net "carry_out", 0 0, L_0xa45a280;  1 drivers
v0xa3db400_0 .net "gen", 3 0, L_0xa457a10;  1 drivers
v0xa3db4e0_0 .net "gen_out", 0 0, L_0xa45b340;  1 drivers
v0xa3db5a0_0 .net "prop", 3 0, L_0xa457ab0;  1 drivers
v0xa3db680_0 .net "prop_out", 0 0, L_0xa45a430;  1 drivers
v0xa3db740_0 .net "val1", 3 0, L_0xa45b820;  1 drivers
v0xa3db820_0 .net "val2", 3 0, L_0xa45b910;  1 drivers
v0xa3dbd10_0 .net "val_out", 3 0, L_0xa459bd0;  1 drivers
L_0xa457bf0 .part L_0xa457a10, 0, 1;
L_0xa457ce0 .part L_0xa457ab0, 0, 1;
L_0xa458000 .part L_0xa457a10, 1, 1;
L_0xa4580a0 .part L_0xa458950, 0, 1;
L_0xa4581a0 .part L_0xa457ab0, 1, 1;
L_0xa4584c0 .part L_0xa457a10, 2, 1;
L_0xa4585a0 .part L_0xa458950, 1, 1;
L_0xa458640 .part L_0xa457ab0, 2, 1;
L_0xa458950 .concat8 [ 1 1 1 1], L_0xa457ec0, L_0xa4583b0, L_0xa4587f0, L_0xa458da0;
L_0xa458ae0 .part L_0xa457a10, 3, 1;
L_0xa458b80 .part L_0xa458950, 2, 1;
L_0xa458c20 .part L_0xa457ab0, 3, 1;
L_0xa458f00 .part L_0xa45b820, 0, 1;
L_0xa458fa0 .part L_0xa45b910, 0, 1;
L_0xa459210 .part L_0xa45b820, 1, 1;
L_0xa459340 .part L_0xa45b910, 1, 1;
L_0xa459570 .part L_0xa458950, 0, 1;
L_0xa459720 .part L_0xa45b820, 2, 1;
L_0xa459860 .part L_0xa45b910, 2, 1;
L_0xa459950 .part L_0xa458950, 1, 1;
L_0xa459bd0 .concat8 [ 1 1 1 1], L_0xa459090, L_0xa459610, L_0xa4597c0, L_0xa459e00;
L_0xa459d60 .part L_0xa45b820, 3, 1;
L_0xa4599f0 .part L_0xa45b910, 3, 1;
L_0xa459fd0 .part L_0xa458950, 2, 1;
L_0xa45a280 .part L_0xa458950, 3, 1;
L_0xa45a430 .reduce/and L_0xa457ab0;
L_0xa45a070 .part L_0xa457a10, 3, 1;
L_0xa45a5b0 .part L_0xa457ab0, 3, 1;
L_0xa45a4d0 .part L_0xa457a10, 2, 1;
L_0xa45a1e0 .part L_0xa457ab0, 3, 1;
L_0xa45a650 .part L_0xa457ab0, 2, 1;
L_0xa45ac70 .part L_0xa457a10, 1, 1;
L_0xa45b0e0 .part L_0xa457ab0, 3, 1;
L_0xa45b180 .part L_0xa457ab0, 2, 1;
L_0xa45af80 .part L_0xa457ab0, 1, 1;
L_0xa45b520 .part L_0xa457a10, 0, 1;
S_0xa3dbf10 .scope module, "adder2" "add_pg_4" 8 46, 9 3 0, S_0xa3d37e0;
 .timescale -9 -12;
    .port_info 0 /INPUT 4 "val1";
    .port_info 1 /INPUT 4 "val2";
    .port_info 2 /INPUT 1 "carry_in";
    .port_info 3 /OUTPUT 4 "val_out";
    .port_info 4 /OUTPUT 1 "carry_out";
    .port_info 5 /OUTPUT 1 "prop_out";
    .port_info 6 /OUTPUT 1 "gen_out";
L_0xa45bf90 .functor AND 4, L_0xa45fc70, L_0xa45fd10, C4<1111>, C4<1111>;
L_0xa45c000 .functor XOR 4, L_0xa45fc70, L_0xa45fd10, C4<0000>, C4<0000>;
L_0xa45c2f0 .functor AND 1, L_0xa45fe20, L_0xa45c200, C4<1>, C4<1>;
L_0xa45c3b0 .functor OR 1, L_0xa45c110, L_0xa45c2f0, C4<0>, C4<0>;
L_0xa45c6a0 .functor AND 1, L_0xa45c560, L_0xa45c600, C4<1>, C4<1>;
L_0xa45c7b0 .functor OR 1, L_0xa45c4c0, L_0xa45c6a0, C4<0>, C4<0>;
L_0xa45caf0 .functor AND 1, L_0xa45c960, L_0xa45ca00, C4<1>, C4<1>;
L_0xa45cbb0 .functor OR 1, L_0xa45c8c0, L_0xa45caf0, C4<0>, C4<0>;
L_0xa45d150 .functor AND 1, L_0xa45cfa0, L_0xa45d040, C4<1>, C4<1>;
L_0xa45d1f0 .functor OR 1, L_0xa45cea0, L_0xa45d150, C4<0>, C4<0>;
L_0xa45d0e0 .functor XOR 1, L_0xa45d350, L_0xa45d3f0, C4<0>, C4<0>;
L_0xa45d4e0 .functor XOR 1, L_0xa45d0e0, L_0xa45fe20, C4<0>, C4<0>;
L_0xa45d950 .functor XOR 1, L_0xa45d660, L_0xa45d790, C4<0>, C4<0>;
L_0xa45da60 .functor XOR 1, L_0xa45d950, L_0xa45d9c0, C4<0>, C4<0>;
L_0xa45d5f0 .functor XOR 1, L_0xa45db70, L_0xa45dcb0, C4<0>, C4<0>;
L_0xa45dc10 .functor XOR 1, L_0xa45d5f0, L_0xa45dda0, C4<0>, C4<0>;
L_0xa45e310 .functor XOR 1, L_0xa45e1b0, L_0xa45de40, C4<0>, C4<0>;
L_0xa45e250 .functor XOR 1, L_0xa45e310, L_0xa45e420, C4<0>, C4<0>;
L_0xa45df90 .functor AND 1, L_0xa45ea00, L_0xa45e920, C4<1>, C4<1>;
L_0xa45ec30 .functor OR 1, L_0xa45e4c0, L_0xa45df90, C4<0>, C4<0>;
L_0xa45f000 .functor AND 1, L_0xa45e630, L_0xa45eaa0, C4<1>, C4<1>;
L_0xa45ef00 .functor AND 1, L_0xa45f000, L_0xa45f0c0, C4<1>, C4<1>;
L_0xa45ed40 .functor OR 1, L_0xa45ec30, L_0xa45ef00, C4<0>, C4<0>;
L_0xa45f270 .functor AND 1, L_0xa45f530, L_0xa45f5d0, C4<1>, C4<1>;
L_0xa45f860 .functor AND 1, L_0xa45f270, L_0xa45f3d0, C4<1>, C4<1>;
L_0xa45f670 .functor AND 1, L_0xa45f860, L_0xa45f970, C4<1>, C4<1>;
L_0xa45f790 .functor OR 1, L_0xa45ed40, L_0xa45f670, C4<0>, C4<0>;
v0xa3dc190_0 .net *"_ivl_10", 0 0, L_0xa45c2f0;  1 drivers
v0xa3dc270_0 .net *"_ivl_103", 0 0, L_0xa45e4c0;  1 drivers
v0xa3dc350_0 .net *"_ivl_105", 0 0, L_0xa45ea00;  1 drivers
v0xa3dc410_0 .net *"_ivl_107", 0 0, L_0xa45e920;  1 drivers
v0xa3dc4f0_0 .net *"_ivl_108", 0 0, L_0xa45df90;  1 drivers
v0xa3dc620_0 .net *"_ivl_110", 0 0, L_0xa45ec30;  1 drivers
v0xa3dc700_0 .net *"_ivl_113", 0 0, L_0xa45e630;  1 drivers
v0xa3dc7e0_0 .net *"_ivl_115", 0 0, L_0xa45eaa0;  1 drivers
v0xa3dc8c0_0 .net *"_ivl_116", 0 0, L_0xa45f000;  1 drivers
v0xa3dc9a0_0 .net *"_ivl_119", 0 0, L_0xa45f0c0;  1 drivers
v0xa3dca80_0 .net *"_ivl_12", 0 0, L_0xa45c3b0;  1 drivers
v0xa3dcb60_0 .net *"_ivl_120", 0 0, L_0xa45ef00;  1 drivers
v0xa3dcc40_0 .net *"_ivl_122", 0 0, L_0xa45ed40;  1 drivers
v0xa3dcd20_0 .net *"_ivl_125", 0 0, L_0xa45f530;  1 drivers
v0xa3dce00_0 .net *"_ivl_127", 0 0, L_0xa45f5d0;  1 drivers
v0xa3dcee0_0 .net *"_ivl_128", 0 0, L_0xa45f270;  1 drivers
v0xa3dcfc0_0 .net *"_ivl_131", 0 0, L_0xa45f3d0;  1 drivers
v0xa3dd0a0_0 .net *"_ivl_132", 0 0, L_0xa45f860;  1 drivers
v0xa3dd180_0 .net *"_ivl_135", 0 0, L_0xa45f970;  1 drivers
v0xa3dd260_0 .net *"_ivl_136", 0 0, L_0xa45f670;  1 drivers
v0xa3dd340_0 .net *"_ivl_17", 0 0, L_0xa45c4c0;  1 drivers
v0xa3dd420_0 .net *"_ivl_19", 0 0, L_0xa45c560;  1 drivers
v0xa3dd500_0 .net *"_ivl_21", 0 0, L_0xa45c600;  1 drivers
v0xa3dd5e0_0 .net *"_ivl_22", 0 0, L_0xa45c6a0;  1 drivers
v0xa3dd6c0_0 .net *"_ivl_24", 0 0, L_0xa45c7b0;  1 drivers
v0xa3dd7a0_0 .net *"_ivl_29", 0 0, L_0xa45c8c0;  1 drivers
v0xa3dd880_0 .net *"_ivl_31", 0 0, L_0xa45c960;  1 drivers
v0xa3dd960_0 .net *"_ivl_33", 0 0, L_0xa45ca00;  1 drivers
v0xa3dda40_0 .net *"_ivl_34", 0 0, L_0xa45caf0;  1 drivers
v0xa3ddb20_0 .net *"_ivl_36", 0 0, L_0xa45cbb0;  1 drivers
v0xa3ddc00_0 .net *"_ivl_42", 0 0, L_0xa45cea0;  1 drivers
v0xa3ddce0_0 .net *"_ivl_44", 0 0, L_0xa45cfa0;  1 drivers
v0xa3dddc0_0 .net *"_ivl_46", 0 0, L_0xa45d040;  1 drivers
v0xa3ddea0_0 .net *"_ivl_47", 0 0, L_0xa45d150;  1 drivers
v0xa3ddf80_0 .net *"_ivl_49", 0 0, L_0xa45d1f0;  1 drivers
v0xa3de060_0 .net *"_ivl_54", 0 0, L_0xa45d350;  1 drivers
v0xa3de140_0 .net *"_ivl_56", 0 0, L_0xa45d3f0;  1 drivers
v0xa3de220_0 .net *"_ivl_57", 0 0, L_0xa45d0e0;  1 drivers
v0xa3de300_0 .net *"_ivl_59", 0 0, L_0xa45d4e0;  1 drivers
v0xa3de3e0_0 .net *"_ivl_64", 0 0, L_0xa45d660;  1 drivers
v0xa3de4c0_0 .net *"_ivl_66", 0 0, L_0xa45d790;  1 drivers
v0xa3de5a0_0 .net *"_ivl_67", 0 0, L_0xa45d950;  1 drivers
v0xa3de680_0 .net *"_ivl_7", 0 0, L_0xa45c110;  1 drivers
v0xa3de760_0 .net *"_ivl_70", 0 0, L_0xa45d9c0;  1 drivers
v0xa3de840_0 .net *"_ivl_71", 0 0, L_0xa45da60;  1 drivers
v0xa3de920_0 .net *"_ivl_76", 0 0, L_0xa45db70;  1 drivers
v0xa3dea00_0 .net *"_ivl_78", 0 0, L_0xa45dcb0;  1 drivers
v0xa3deae0_0 .net *"_ivl_79", 0 0, L_0xa45d5f0;  1 drivers
v0xa3debc0_0 .net *"_ivl_82", 0 0, L_0xa45dda0;  1 drivers
v0xa3deca0_0 .net *"_ivl_83", 0 0, L_0xa45dc10;  1 drivers
v0xa3ded80_0 .net *"_ivl_89", 0 0, L_0xa45e1b0;  1 drivers
v0xa3dee60_0 .net *"_ivl_9", 0 0, L_0xa45c200;  1 drivers
v0xa3def40_0 .net *"_ivl_91", 0 0, L_0xa45de40;  1 drivers
v0xa3df020_0 .net *"_ivl_92", 0 0, L_0xa45e310;  1 drivers
v0xa3df100_0 .net *"_ivl_95", 0 0, L_0xa45e420;  1 drivers
v0xa3df1e0_0 .net *"_ivl_96", 0 0, L_0xa45e250;  1 drivers
v0xa3df2c0_0 .net "carry", 3 0, L_0xa45cd10;  1 drivers
v0xa3df3a0_0 .net "carry_in", 0 0, L_0xa45fe20;  1 drivers
v0xa3df460_0 .net "carry_out", 0 0, L_0xa45e6d0;  1 drivers
v0xa3df520_0 .net "gen", 3 0, L_0xa45bf90;  1 drivers
v0xa3df600_0 .net "gen_out", 0 0, L_0xa45f790;  1 drivers
v0xa3df6c0_0 .net "prop", 3 0, L_0xa45c000;  1 drivers
v0xa3df7a0_0 .net "prop_out", 0 0, L_0xa45e880;  1 drivers
v0xa3df860_0 .net "val1", 3 0, L_0xa45fc70;  1 drivers
v0xa3df940_0 .net "val2", 3 0, L_0xa45fd10;  1 drivers
v0xa3dfe30_0 .net "val_out", 3 0, L_0xa45e020;  1 drivers
L_0xa45c110 .part L_0xa45bf90, 0, 1;
L_0xa45c200 .part L_0xa45c000, 0, 1;
L_0xa45c4c0 .part L_0xa45bf90, 1, 1;
L_0xa45c560 .part L_0xa45cd10, 0, 1;
L_0xa45c600 .part L_0xa45c000, 1, 1;
L_0xa45c8c0 .part L_0xa45bf90, 2, 1;
L_0xa45c960 .part L_0xa45cd10, 1, 1;
L_0xa45ca00 .part L_0xa45c000, 2, 1;
L_0xa45cd10 .concat8 [ 1 1 1 1], L_0xa45c3b0, L_0xa45c7b0, L_0xa45cbb0, L_0xa45d1f0;
L_0xa45cea0 .part L_0xa45bf90, 3, 1;
L_0xa45cfa0 .part L_0xa45cd10, 2, 1;
L_0xa45d040 .part L_0xa45c000, 3, 1;
L_0xa45d350 .part L_0xa45fc70, 0, 1;
L_0xa45d3f0 .part L_0xa45fd10, 0, 1;
L_0xa45d660 .part L_0xa45fc70, 1, 1;
L_0xa45d790 .part L_0xa45fd10, 1, 1;
L_0xa45d9c0 .part L_0xa45cd10, 0, 1;
L_0xa45db70 .part L_0xa45fc70, 2, 1;
L_0xa45dcb0 .part L_0xa45fd10, 2, 1;
L_0xa45dda0 .part L_0xa45cd10, 1, 1;
L_0xa45e020 .concat8 [ 1 1 1 1], L_0xa45d4e0, L_0xa45da60, L_0xa45dc10, L_0xa45e250;
L_0xa45e1b0 .part L_0xa45fc70, 3, 1;
L_0xa45de40 .part L_0xa45fd10, 3, 1;
L_0xa45e420 .part L_0xa45cd10, 2, 1;
L_0xa45e6d0 .part L_0xa45cd10, 3, 1;
L_0xa45e880 .reduce/and L_0xa45c000;
L_0xa45e4c0 .part L_0xa45bf90, 3, 1;
L_0xa45ea00 .part L_0xa45c000, 3, 1;
L_0xa45e920 .part L_0xa45bf90, 2, 1;
L_0xa45e630 .part L_0xa45c000, 3, 1;
L_0xa45eaa0 .part L_0xa45c000, 2, 1;
L_0xa45f0c0 .part L_0xa45bf90, 1, 1;
L_0xa45f530 .part L_0xa45c000, 3, 1;
L_0xa45f5d0 .part L_0xa45c000, 2, 1;
L_0xa45f3d0 .part L_0xa45c000, 1, 1;
L_0xa45f970 .part L_0xa45bf90, 0, 1;
S_0xa3e0030 .scope module, "adder3" "add_pg_4" 8 60, 9 3 0, S_0xa3d37e0;
 .timescale -9 -12;
    .port_info 0 /INPUT 4 "val1";
    .port_info 1 /INPUT 4 "val2";
    .port_info 2 /INPUT 1 "carry_in";
    .port_info 3 /OUTPUT 4 "val_out";
    .port_info 4 /OUTPUT 1 "carry_out";
    .port_info 5 /OUTPUT 1 "prop_out";
    .port_info 6 /OUTPUT 1 "gen_out";
L_0xa460290 .functor AND 4, L_0xa4640a0, L_0xa464140, C4<1111>, C4<1111>;
L_0xa460300 .functor XOR 4, L_0xa4640a0, L_0xa464140, C4<0000>, C4<0000>;
L_0xa4605f0 .functor AND 1, L_0xa464280, L_0xa460500, C4<1>, C4<1>;
L_0xa4606b0 .functor OR 1, L_0xa460410, L_0xa4605f0, C4<0>, C4<0>;
L_0xa460a30 .functor AND 1, L_0xa460860, L_0xa460960, C4<1>, C4<1>;
L_0xa460b70 .functor OR 1, L_0xa4607c0, L_0xa460a30, C4<0>, C4<0>;
L_0xa460eb0 .functor AND 1, L_0xa460d20, L_0xa460dc0, C4<1>, C4<1>;
L_0xa460f70 .functor OR 1, L_0xa460c80, L_0xa460eb0, C4<0>, C4<0>;
L_0xa461540 .functor AND 1, L_0xa461300, L_0xa461430, C4<1>, C4<1>;
L_0xa4615b0 .functor OR 1, L_0xa461260, L_0xa461540, C4<0>, C4<0>;
L_0xa4614d0 .functor XOR 1, L_0xa461710, L_0xa4617b0, C4<0>, C4<0>;
L_0xa4618a0 .functor XOR 1, L_0xa4614d0, L_0xa464280, C4<0>, C4<0>;
L_0xa461d10 .functor XOR 1, L_0xa461a20, L_0xa461b50, C4<0>, C4<0>;
L_0xa461e20 .functor XOR 1, L_0xa461d10, L_0xa461d80, C4<0>, C4<0>;
L_0xa4619b0 .functor XOR 1, L_0xa461f30, L_0xa462070, C4<0>, C4<0>;
L_0xa461fd0 .functor XOR 1, L_0xa4619b0, L_0xa462160, C4<0>, C4<0>;
L_0xa4626d0 .functor XOR 1, L_0xa462570, L_0xa462200, C4<0>, C4<0>;
L_0xa462610 .functor XOR 1, L_0xa4626d0, L_0xa4627e0, C4<0>, C4<0>;
L_0xa462f50 .functor AND 1, L_0xa462dc0, L_0xa462ce0, C4<1>, C4<1>;
L_0xa463060 .functor OR 1, L_0xa462880, L_0xa462f50, C4<0>, C4<0>;
L_0xa463430 .functor AND 1, L_0xa4629f0, L_0xa462e60, C4<1>, C4<1>;
L_0xa463330 .functor AND 1, L_0xa463430, L_0xa4634f0, C4<1>, C4<1>;
L_0xa463170 .functor OR 1, L_0xa463060, L_0xa463330, C4<0>, C4<0>;
L_0xa4636a0 .functor AND 1, L_0xa463960, L_0xa463a00, C4<1>, C4<1>;
L_0xa463c90 .functor AND 1, L_0xa4636a0, L_0xa463800, C4<1>, C4<1>;
L_0xa463aa0 .functor AND 1, L_0xa463c90, L_0xa463da0, C4<1>, C4<1>;
L_0xa463bc0 .functor OR 1, L_0xa463170, L_0xa463aa0, C4<0>, C4<0>;
v0xa3e02b0_0 .net *"_ivl_10", 0 0, L_0xa4605f0;  1 drivers
v0xa3e03b0_0 .net *"_ivl_103", 0 0, L_0xa462880;  1 drivers
v0xa3e0490_0 .net *"_ivl_105", 0 0, L_0xa462dc0;  1 drivers
v0xa3e0550_0 .net *"_ivl_107", 0 0, L_0xa462ce0;  1 drivers
v0xa3e0630_0 .net *"_ivl_108", 0 0, L_0xa462f50;  1 drivers
v0xa3e0760_0 .net *"_ivl_110", 0 0, L_0xa463060;  1 drivers
v0xa3e0840_0 .net *"_ivl_113", 0 0, L_0xa4629f0;  1 drivers
v0xa3e0920_0 .net *"_ivl_115", 0 0, L_0xa462e60;  1 drivers
v0xa3e0a00_0 .net *"_ivl_116", 0 0, L_0xa463430;  1 drivers
v0xa3e0ae0_0 .net *"_ivl_119", 0 0, L_0xa4634f0;  1 drivers
v0xa3e0bc0_0 .net *"_ivl_12", 0 0, L_0xa4606b0;  1 drivers
v0xa3e0ca0_0 .net *"_ivl_120", 0 0, L_0xa463330;  1 drivers
v0xa3e0d80_0 .net *"_ivl_122", 0 0, L_0xa463170;  1 drivers
v0xa3e0e60_0 .net *"_ivl_125", 0 0, L_0xa463960;  1 drivers
v0xa3e0f40_0 .net *"_ivl_127", 0 0, L_0xa463a00;  1 drivers
v0xa3e1020_0 .net *"_ivl_128", 0 0, L_0xa4636a0;  1 drivers
v0xa3e1100_0 .net *"_ivl_131", 0 0, L_0xa463800;  1 drivers
v0xa3e11e0_0 .net *"_ivl_132", 0 0, L_0xa463c90;  1 drivers
v0xa3e12c0_0 .net *"_ivl_135", 0 0, L_0xa463da0;  1 drivers
v0xa3e13a0_0 .net *"_ivl_136", 0 0, L_0xa463aa0;  1 drivers
v0xa3e1480_0 .net *"_ivl_17", 0 0, L_0xa4607c0;  1 drivers
v0xa3e1560_0 .net *"_ivl_19", 0 0, L_0xa460860;  1 drivers
v0xa3e1640_0 .net *"_ivl_21", 0 0, L_0xa460960;  1 drivers
v0xa3e1720_0 .net *"_ivl_22", 0 0, L_0xa460a30;  1 drivers
v0xa3e1800_0 .net *"_ivl_24", 0 0, L_0xa460b70;  1 drivers
v0xa3e18e0_0 .net *"_ivl_29", 0 0, L_0xa460c80;  1 drivers
v0xa3e19c0_0 .net *"_ivl_31", 0 0, L_0xa460d20;  1 drivers
v0xa3e1aa0_0 .net *"_ivl_33", 0 0, L_0xa460dc0;  1 drivers
v0xa3e1b80_0 .net *"_ivl_34", 0 0, L_0xa460eb0;  1 drivers
v0xa3e1c60_0 .net *"_ivl_36", 0 0, L_0xa460f70;  1 drivers
v0xa3e1d40_0 .net *"_ivl_42", 0 0, L_0xa461260;  1 drivers
v0xa3e1e20_0 .net *"_ivl_44", 0 0, L_0xa461300;  1 drivers
v0xa3e1f00_0 .net *"_ivl_46", 0 0, L_0xa461430;  1 drivers
v0xa3e1fe0_0 .net *"_ivl_47", 0 0, L_0xa461540;  1 drivers
v0xa3e20c0_0 .net *"_ivl_49", 0 0, L_0xa4615b0;  1 drivers
v0xa3e21a0_0 .net *"_ivl_54", 0 0, L_0xa461710;  1 drivers
v0xa3e2280_0 .net *"_ivl_56", 0 0, L_0xa4617b0;  1 drivers
v0xa3e2360_0 .net *"_ivl_57", 0 0, L_0xa4614d0;  1 drivers
v0xa3e2440_0 .net *"_ivl_59", 0 0, L_0xa4618a0;  1 drivers
v0xa3e2520_0 .net *"_ivl_64", 0 0, L_0xa461a20;  1 drivers
v0xa3e2600_0 .net *"_ivl_66", 0 0, L_0xa461b50;  1 drivers
v0xa3e26e0_0 .net *"_ivl_67", 0 0, L_0xa461d10;  1 drivers
v0xa3e27c0_0 .net *"_ivl_7", 0 0, L_0xa460410;  1 drivers
v0xa3e28a0_0 .net *"_ivl_70", 0 0, L_0xa461d80;  1 drivers
v0xa3e2980_0 .net *"_ivl_71", 0 0, L_0xa461e20;  1 drivers
v0xa3e2a60_0 .net *"_ivl_76", 0 0, L_0xa461f30;  1 drivers
v0xa3e2b40_0 .net *"_ivl_78", 0 0, L_0xa462070;  1 drivers
v0xa3e2c20_0 .net *"_ivl_79", 0 0, L_0xa4619b0;  1 drivers
v0xa3e2d00_0 .net *"_ivl_82", 0 0, L_0xa462160;  1 drivers
v0xa3e2de0_0 .net *"_ivl_83", 0 0, L_0xa461fd0;  1 drivers
v0xa3e2ec0_0 .net *"_ivl_89", 0 0, L_0xa462570;  1 drivers
v0xa3e2fa0_0 .net *"_ivl_9", 0 0, L_0xa460500;  1 drivers
v0xa3e3080_0 .net *"_ivl_91", 0 0, L_0xa462200;  1 drivers
v0xa3e3160_0 .net *"_ivl_92", 0 0, L_0xa4626d0;  1 drivers
v0xa3e3240_0 .net *"_ivl_95", 0 0, L_0xa4627e0;  1 drivers
v0xa3e3320_0 .net *"_ivl_96", 0 0, L_0xa462610;  1 drivers
v0xa3e3400_0 .net "carry", 3 0, L_0xa4610d0;  1 drivers
v0xa3e34e0_0 .net "carry_in", 0 0, L_0xa464280;  1 drivers
v0xa3e35a0_0 .net8 "carry_out", 0 0, RS_0x7f41ebedebc8;  alias, 2 drivers
v0xa3e3660_0 .net "gen", 3 0, L_0xa460290;  1 drivers
v0xa3e3740_0 .net "gen_out", 0 0, L_0xa463bc0;  1 drivers
v0xa3e3800_0 .net "prop", 3 0, L_0xa460300;  1 drivers
v0xa3e38e0_0 .net "prop_out", 0 0, L_0xa462c40;  1 drivers
v0xa3e39a0_0 .net "val1", 3 0, L_0xa4640a0;  1 drivers
v0xa3e3a80_0 .net "val2", 3 0, L_0xa464140;  1 drivers
v0xa3e3f70_0 .net "val_out", 3 0, L_0xa4623e0;  1 drivers
L_0xa460410 .part L_0xa460290, 0, 1;
L_0xa460500 .part L_0xa460300, 0, 1;
L_0xa4607c0 .part L_0xa460290, 1, 1;
L_0xa460860 .part L_0xa4610d0, 0, 1;
L_0xa460960 .part L_0xa460300, 1, 1;
L_0xa460c80 .part L_0xa460290, 2, 1;
L_0xa460d20 .part L_0xa4610d0, 1, 1;
L_0xa460dc0 .part L_0xa460300, 2, 1;
L_0xa4610d0 .concat8 [ 1 1 1 1], L_0xa4606b0, L_0xa460b70, L_0xa460f70, L_0xa4615b0;
L_0xa461260 .part L_0xa460290, 3, 1;
L_0xa461300 .part L_0xa4610d0, 2, 1;
L_0xa461430 .part L_0xa460300, 3, 1;
L_0xa461710 .part L_0xa4640a0, 0, 1;
L_0xa4617b0 .part L_0xa464140, 0, 1;
L_0xa461a20 .part L_0xa4640a0, 1, 1;
L_0xa461b50 .part L_0xa464140, 1, 1;
L_0xa461d80 .part L_0xa4610d0, 0, 1;
L_0xa461f30 .part L_0xa4640a0, 2, 1;
L_0xa462070 .part L_0xa464140, 2, 1;
L_0xa462160 .part L_0xa4610d0, 1, 1;
L_0xa4623e0 .concat8 [ 1 1 1 1], L_0xa4618a0, L_0xa461e20, L_0xa461fd0, L_0xa462610;
L_0xa462570 .part L_0xa4640a0, 3, 1;
L_0xa462200 .part L_0xa464140, 3, 1;
L_0xa4627e0 .part L_0xa4610d0, 2, 1;
L_0xa462a90 .part L_0xa4610d0, 3, 1;
L_0xa462c40 .reduce/and L_0xa460300;
L_0xa462880 .part L_0xa460290, 3, 1;
L_0xa462dc0 .part L_0xa460300, 3, 1;
L_0xa462ce0 .part L_0xa460290, 2, 1;
L_0xa4629f0 .part L_0xa460300, 3, 1;
L_0xa462e60 .part L_0xa460300, 2, 1;
L_0xa4634f0 .part L_0xa460290, 1, 1;
L_0xa463960 .part L_0xa460300, 3, 1;
L_0xa463a00 .part L_0xa460300, 2, 1;
L_0xa463800 .part L_0xa460300, 1, 1;
L_0xa463da0 .part L_0xa460290, 0, 1;
S_0xa3e6a70 .scope module, "adder1" "add_pg_16" 7 32, 8 3 0, S_0xa3d34f0;
 .timescale -9 -12;
    .port_info 0 /INPUT 16 "val1";
    .port_info 1 /INPUT 16 "val2";
    .port_info 2 /INPUT 1 "carry_in";
    .port_info 3 /OUTPUT 16 "val_out";
    .port_info 4 /OUTPUT 1 "carry_out";
    .port_info 5 /OUTPUT 1 "prop_out";
    .port_info 6 /OUTPUT 1 "gen_out";
L_0xa46a730 .functor AND 1, L_0xa4793b0, L_0xa46a690, C4<1>, C4<1>;
L_0xa46a7a0 .functor OR 1, L_0xa46a5f0, L_0xa46a730, C4<0>, C4<0>;
L_0xa46ec50 .functor AND 1, L_0xa46ea70, L_0xa46eb60, C4<1>, C4<1>;
L_0xa46ed10 .functor OR 1, L_0xa46e930, L_0xa46ec50, C4<0>, C4<0>;
L_0xa472c70 .functor AND 1, L_0xa472e20, L_0xa472ec0, C4<1>, C4<1>;
L_0xa454e80 .functor OR 1, L_0xa472d80, L_0xa472c70, C4<0>, C4<0>;
L_0xa477870 .functor AND 1, L_0xa477620, L_0xa477940, C4<1>, C4<1>;
L_0xa477b10 .functor OR 1, L_0xa4777d0, L_0xa477870, C4<0>, C4<0>;
L_0xa4781a0 .functor AND 1, L_0xa478000, L_0xa477f10, C4<1>, C4<1>;
L_0xa478260 .functor OR 1, L_0xa4779e0, L_0xa4781a0, C4<0>, C4<0>;
L_0xa478630 .functor AND 1, L_0xa478370, L_0xa4780a0, C4<1>, C4<1>;
L_0xa478520 .functor AND 1, L_0xa478630, L_0xa4786a0, C4<1>, C4<1>;
L_0xa4789e0 .functor OR 1, L_0xa478260, L_0xa478520, C4<0>, C4<0>;
L_0xa478850 .functor AND 1, L_0xa478af0, L_0xa478b90, C4<1>, C4<1>;
L_0xa478970 .functor AND 1, L_0xa478850, L_0xa478d60, C4<1>, C4<1>;
L_0xa478c30 .functor AND 1, L_0xa478970, L_0xa478ea0, C4<1>, C4<1>;
L_0xa479110 .functor OR 1, L_0xa4789e0, L_0xa478c30, C4<0>, C4<0>;
v0xa417490_0 .net *"_ivl_101", 0 0, L_0xa4779e0;  1 drivers
v0xa417590_0 .net *"_ivl_103", 0 0, L_0xa478000;  1 drivers
v0xa417670_0 .net *"_ivl_105", 0 0, L_0xa477f10;  1 drivers
v0xa417730_0 .net *"_ivl_106", 0 0, L_0xa4781a0;  1 drivers
v0xa417810_0 .net *"_ivl_108", 0 0, L_0xa478260;  1 drivers
v0xa4178f0_0 .net *"_ivl_111", 0 0, L_0xa478370;  1 drivers
v0xa4179d0_0 .net *"_ivl_113", 0 0, L_0xa4780a0;  1 drivers
v0xa417ab0_0 .net *"_ivl_114", 0 0, L_0xa478630;  1 drivers
v0xa417b90_0 .net *"_ivl_117", 0 0, L_0xa4786a0;  1 drivers
v0xa417c70_0 .net *"_ivl_118", 0 0, L_0xa478520;  1 drivers
v0xa417d50_0 .net *"_ivl_120", 0 0, L_0xa4789e0;  1 drivers
v0xa417e30_0 .net *"_ivl_123", 0 0, L_0xa478af0;  1 drivers
v0xa417f10_0 .net *"_ivl_125", 0 0, L_0xa478b90;  1 drivers
v0xa417ff0_0 .net *"_ivl_126", 0 0, L_0xa478850;  1 drivers
v0xa4180d0_0 .net *"_ivl_129", 0 0, L_0xa478d60;  1 drivers
v0xa4181b0_0 .net *"_ivl_13", 0 0, L_0xa46a5f0;  1 drivers
v0xa418290_0 .net *"_ivl_130", 0 0, L_0xa478970;  1 drivers
v0xa418370_0 .net *"_ivl_133", 0 0, L_0xa478ea0;  1 drivers
v0xa418450_0 .net *"_ivl_134", 0 0, L_0xa478c30;  1 drivers
v0xa418530_0 .net *"_ivl_15", 0 0, L_0xa46a690;  1 drivers
v0xa418610_0 .net *"_ivl_16", 0 0, L_0xa46a730;  1 drivers
v0xa4186f0_0 .net *"_ivl_18", 0 0, L_0xa46a7a0;  1 drivers
v0xa4187d0_0 .net *"_ivl_35", 0 0, L_0xa46e930;  1 drivers
v0xa4188b0_0 .net *"_ivl_37", 0 0, L_0xa46ea70;  1 drivers
v0xa418990_0 .net *"_ivl_39", 0 0, L_0xa46eb60;  1 drivers
v0xa418a70_0 .net *"_ivl_40", 0 0, L_0xa46ec50;  1 drivers
v0xa418b50_0 .net *"_ivl_42", 0 0, L_0xa46ed10;  1 drivers
v0xa418c30_0 .net *"_ivl_59", 0 0, L_0xa472d80;  1 drivers
v0xa418d10_0 .net *"_ivl_61", 0 0, L_0xa472e20;  1 drivers
v0xa418df0_0 .net *"_ivl_63", 0 0, L_0xa472ec0;  1 drivers
v0xa418ed0_0 .net *"_ivl_64", 0 0, L_0xa472c70;  1 drivers
v0xa418fb0_0 .net *"_ivl_66", 0 0, L_0xa454e80;  1 drivers
v0xa419090_0 .net *"_ivl_87", 0 0, L_0xa4777d0;  1 drivers
v0xa419170_0 .net *"_ivl_89", 0 0, L_0xa477620;  1 drivers
v0xa419250_0 .net *"_ivl_91", 0 0, L_0xa477940;  1 drivers
v0xa419330_0 .net *"_ivl_92", 0 0, L_0xa477870;  1 drivers
v0xa419410_0 .net *"_ivl_94", 0 0, L_0xa477b10;  1 drivers
v0xa4194f0_0 .net "carry", 3 0, L_0xa477260;  1 drivers
v0xa4195d0_0 .net "carry_in", 0 0, L_0xa4793b0;  1 drivers
RS_0x7f41ebe81c48 .resolv tri, L_0xa4758e0, L_0xa477cc0;
v0xa419670_0 .net8 "carry_out", 0 0, RS_0x7f41ebe81c48;  2 drivers
v0xa419710_0 .net "gen", 3 0, L_0xa477400;  1 drivers
v0xa4197b0_0 .net "gen_out", 0 0, L_0xa479110;  1 drivers
v0xa419870_0 .net "prop", 3 0, L_0xa477030;  1 drivers
v0xa419950_0 .net "prop_out", 0 0, L_0xa477e70;  1 drivers
v0xa419a10_0 .net "val1", 15 0, L_0xa479220;  1 drivers
v0xa419af0_0 .net "val2", 15 0, L_0xa4792c0;  1 drivers
v0xa419bd0_0 .net "val_out", 15 0, L_0xa477170;  1 drivers
L_0xa46a4b0 .part L_0xa479220, 0, 4;
L_0xa46a550 .part L_0xa4792c0, 0, 4;
L_0xa46a5f0 .part L_0xa477400, 0, 1;
L_0xa46a690 .part L_0xa477030, 0, 1;
L_0xa46e6b0 .part L_0xa479220, 4, 4;
L_0xa46e7a0 .part L_0xa4792c0, 4, 4;
L_0xa46e890 .part L_0xa477260, 0, 1;
L_0xa46e930 .part L_0xa477400, 1, 1;
L_0xa46ea70 .part L_0xa477260, 0, 1;
L_0xa46eb60 .part L_0xa477030, 1, 1;
L_0xa472b30 .part L_0xa479220, 8, 4;
L_0xa472bd0 .part L_0xa4792c0, 8, 4;
L_0xa472ce0 .part L_0xa477260, 1, 1;
L_0xa472d80 .part L_0xa477400, 2, 1;
L_0xa472e20 .part L_0xa477260, 1, 1;
L_0xa472ec0 .part L_0xa477030, 2, 1;
L_0xa476ef0 .part L_0xa479220, 12, 4;
L_0xa476f90 .part L_0xa4792c0, 12, 4;
L_0xa4770d0 .part L_0xa477260, 2, 1;
L_0xa477170 .concat8 [ 4 4 4 4], L_0xa468860, L_0xa46ca60, L_0xa470ee0, L_0xa475230;
L_0xa477030 .concat8 [ 1 1 1 1], L_0xa4690c0, L_0xa46d2c0, L_0xa471740, L_0xa475a90;
L_0xa477400 .concat8 [ 1 1 1 1], L_0xa469fd0, L_0xa46e1d0, L_0xa472650, L_0xa476a10;
L_0xa477260 .concat8 [ 1 1 1 1], L_0xa46a7a0, L_0xa46ed10, L_0xa454e80, L_0xa477b10;
L_0xa4777d0 .part L_0xa477400, 3, 1;
L_0xa477620 .part L_0xa477260, 2, 1;
L_0xa477940 .part L_0xa477030, 3, 1;
L_0xa477cc0 .part L_0xa477260, 3, 1;
L_0xa477e70 .reduce/and L_0xa477030;
L_0xa4779e0 .part L_0xa477400, 3, 1;
L_0xa478000 .part L_0xa477030, 3, 1;
L_0xa477f10 .part L_0xa477400, 2, 1;
L_0xa478370 .part L_0xa477030, 3, 1;
L_0xa4780a0 .part L_0xa477030, 2, 1;
L_0xa4786a0 .part L_0xa477400, 1, 1;
L_0xa478af0 .part L_0xa477030, 3, 1;
L_0xa478b90 .part L_0xa477030, 2, 1;
L_0xa478d60 .part L_0xa477030, 1, 1;
L_0xa478ea0 .part L_0xa477400, 0, 1;
S_0xa3e6d10 .scope module, "adder0" "add_pg_4" 8 18, 9 3 0, S_0xa3e6a70;
 .timescale -9 -12;
    .port_info 0 /INPUT 4 "val1";
    .port_info 1 /INPUT 4 "val2";
    .port_info 2 /INPUT 1 "carry_in";
    .port_info 3 /OUTPUT 4 "val_out";
    .port_info 4 /OUTPUT 1 "carry_out";
    .port_info 5 /OUTPUT 1 "prop_out";
    .port_info 6 /OUTPUT 1 "gen_out";
L_0xa4667d0 .functor AND 4, L_0xa46a4b0, L_0xa46a550, C4<1111>, C4<1111>;
L_0xa466840 .functor XOR 4, L_0xa46a4b0, L_0xa46a550, C4<0000>, C4<0000>;
L_0xa466b30 .functor AND 1, L_0xa4793b0, L_0xa466a40, C4<1>, C4<1>;
L_0xa466c40 .functor OR 1, L_0xa466950, L_0xa466b30, C4<0>, C4<0>;
L_0xa466f30 .functor AND 1, L_0xa466df0, L_0xa466e90, C4<1>, C4<1>;
L_0xa467040 .functor OR 1, L_0xa466d50, L_0xa466f30, C4<0>, C4<0>;
L_0xa467380 .functor AND 1, L_0xa4671f0, L_0xa467290, C4<1>, C4<1>;
L_0xa467440 .functor OR 1, L_0xa467150, L_0xa467380, C4<0>, C4<0>;
L_0xa467a10 .functor AND 1, L_0xa4677d0, L_0xa467900, C4<1>, C4<1>;
L_0xa467a80 .functor OR 1, L_0xa467730, L_0xa467a10, C4<0>, C4<0>;
L_0xa4679a0 .functor XOR 1, L_0xa467be0, L_0xa467c80, C4<0>, C4<0>;
L_0xa467d70 .functor XOR 1, L_0xa4679a0, L_0xa4793b0, C4<0>, C4<0>;
L_0xa468190 .functor XOR 1, L_0xa467ea0, L_0xa467fd0, C4<0>, C4<0>;
L_0xa4682a0 .functor XOR 1, L_0xa468190, L_0xa468200, C4<0>, C4<0>;
L_0xa467e30 .functor XOR 1, L_0xa4683b0, L_0xa4684f0, C4<0>, C4<0>;
L_0xa468450 .functor XOR 1, L_0xa467e30, L_0xa4685e0, C4<0>, C4<0>;
L_0xa468b50 .functor XOR 1, L_0xa4689f0, L_0xa468680, C4<0>, C4<0>;
L_0xa468a90 .functor XOR 1, L_0xa468b50, L_0xa468c60, C4<0>, C4<0>;
L_0xa4687d0 .functor AND 1, L_0xa469240, L_0xa469160, C4<1>, C4<1>;
L_0xa469470 .functor OR 1, L_0xa468d00, L_0xa4687d0, C4<0>, C4<0>;
L_0xa469840 .functor AND 1, L_0xa468e70, L_0xa4692e0, C4<1>, C4<1>;
L_0xa469740 .functor AND 1, L_0xa469840, L_0xa469900, C4<1>, C4<1>;
L_0xa469580 .functor OR 1, L_0xa469470, L_0xa469740, C4<0>, C4<0>;
L_0xa469ab0 .functor AND 1, L_0xa469d70, L_0xa469e10, C4<1>, C4<1>;
L_0xa46a0a0 .functor AND 1, L_0xa469ab0, L_0xa469c10, C4<1>, C4<1>;
L_0xa469eb0 .functor AND 1, L_0xa46a0a0, L_0xa46a1b0, C4<1>, C4<1>;
L_0xa469fd0 .functor OR 1, L_0xa469580, L_0xa469eb0, C4<0>, C4<0>;
v0xa3e7020_0 .net *"_ivl_10", 0 0, L_0xa466b30;  1 drivers
v0xa3e7120_0 .net *"_ivl_103", 0 0, L_0xa468d00;  1 drivers
v0xa3e7200_0 .net *"_ivl_105", 0 0, L_0xa469240;  1 drivers
v0xa3e72c0_0 .net *"_ivl_107", 0 0, L_0xa469160;  1 drivers
v0xa3e73a0_0 .net *"_ivl_108", 0 0, L_0xa4687d0;  1 drivers
v0xa3e74d0_0 .net *"_ivl_110", 0 0, L_0xa469470;  1 drivers
v0xa3e75b0_0 .net *"_ivl_113", 0 0, L_0xa468e70;  1 drivers
v0xa3e7690_0 .net *"_ivl_115", 0 0, L_0xa4692e0;  1 drivers
v0xa3e7770_0 .net *"_ivl_116", 0 0, L_0xa469840;  1 drivers
v0xa3e7850_0 .net *"_ivl_119", 0 0, L_0xa469900;  1 drivers
v0xa3e7930_0 .net *"_ivl_12", 0 0, L_0xa466c40;  1 drivers
v0xa3e7a10_0 .net *"_ivl_120", 0 0, L_0xa469740;  1 drivers
v0xa3e7af0_0 .net *"_ivl_122", 0 0, L_0xa469580;  1 drivers
v0xa3e7bd0_0 .net *"_ivl_125", 0 0, L_0xa469d70;  1 drivers
v0xa3e7cb0_0 .net *"_ivl_127", 0 0, L_0xa469e10;  1 drivers
v0xa3e7d90_0 .net *"_ivl_128", 0 0, L_0xa469ab0;  1 drivers
v0xa3e7e70_0 .net *"_ivl_131", 0 0, L_0xa469c10;  1 drivers
v0xa3e7f50_0 .net *"_ivl_132", 0 0, L_0xa46a0a0;  1 drivers
v0xa3e8030_0 .net *"_ivl_135", 0 0, L_0xa46a1b0;  1 drivers
v0xa3e8110_0 .net *"_ivl_136", 0 0, L_0xa469eb0;  1 drivers
v0xa3e81f0_0 .net *"_ivl_17", 0 0, L_0xa466d50;  1 drivers
v0xa3e82d0_0 .net *"_ivl_19", 0 0, L_0xa466df0;  1 drivers
v0xa3e83b0_0 .net *"_ivl_21", 0 0, L_0xa466e90;  1 drivers
v0xa3e8490_0 .net *"_ivl_22", 0 0, L_0xa466f30;  1 drivers
v0xa3e8570_0 .net *"_ivl_24", 0 0, L_0xa467040;  1 drivers
v0xa3e8650_0 .net *"_ivl_29", 0 0, L_0xa467150;  1 drivers
v0xa3e8730_0 .net *"_ivl_31", 0 0, L_0xa4671f0;  1 drivers
v0xa3e8810_0 .net *"_ivl_33", 0 0, L_0xa467290;  1 drivers
v0xa3e88f0_0 .net *"_ivl_34", 0 0, L_0xa467380;  1 drivers
v0xa3e89d0_0 .net *"_ivl_36", 0 0, L_0xa467440;  1 drivers
v0xa3e8ab0_0 .net *"_ivl_42", 0 0, L_0xa467730;  1 drivers
v0xa3e8b90_0 .net *"_ivl_44", 0 0, L_0xa4677d0;  1 drivers
v0xa3e8c70_0 .net *"_ivl_46", 0 0, L_0xa467900;  1 drivers
v0xa3e8f60_0 .net *"_ivl_47", 0 0, L_0xa467a10;  1 drivers
v0xa3e9040_0 .net *"_ivl_49", 0 0, L_0xa467a80;  1 drivers
v0xa3e9120_0 .net *"_ivl_54", 0 0, L_0xa467be0;  1 drivers
v0xa3e9200_0 .net *"_ivl_56", 0 0, L_0xa467c80;  1 drivers
v0xa3e92e0_0 .net *"_ivl_57", 0 0, L_0xa4679a0;  1 drivers
v0xa3e93c0_0 .net *"_ivl_59", 0 0, L_0xa467d70;  1 drivers
v0xa3e94a0_0 .net *"_ivl_64", 0 0, L_0xa467ea0;  1 drivers
v0xa3e9580_0 .net *"_ivl_66", 0 0, L_0xa467fd0;  1 drivers
v0xa3e9660_0 .net *"_ivl_67", 0 0, L_0xa468190;  1 drivers
v0xa3e9740_0 .net *"_ivl_7", 0 0, L_0xa466950;  1 drivers
v0xa3e9820_0 .net *"_ivl_70", 0 0, L_0xa468200;  1 drivers
v0xa3e9900_0 .net *"_ivl_71", 0 0, L_0xa4682a0;  1 drivers
v0xa3e99e0_0 .net *"_ivl_76", 0 0, L_0xa4683b0;  1 drivers
v0xa3e9ac0_0 .net *"_ivl_78", 0 0, L_0xa4684f0;  1 drivers
v0xa3e9ba0_0 .net *"_ivl_79", 0 0, L_0xa467e30;  1 drivers
v0xa3e9c80_0 .net *"_ivl_82", 0 0, L_0xa4685e0;  1 drivers
v0xa3e9d60_0 .net *"_ivl_83", 0 0, L_0xa468450;  1 drivers
v0xa3e9e40_0 .net *"_ivl_89", 0 0, L_0xa4689f0;  1 drivers
v0xa3e9f20_0 .net *"_ivl_9", 0 0, L_0xa466a40;  1 drivers
v0xa3ea000_0 .net *"_ivl_91", 0 0, L_0xa468680;  1 drivers
v0xa3ea0e0_0 .net *"_ivl_92", 0 0, L_0xa468b50;  1 drivers
v0xa3ea1c0_0 .net *"_ivl_95", 0 0, L_0xa468c60;  1 drivers
v0xa3ea2a0_0 .net *"_ivl_96", 0 0, L_0xa468a90;  1 drivers
v0xa3ea380_0 .net "carry", 3 0, L_0xa4675a0;  1 drivers
v0xa3ea460_0 .net "carry_in", 0 0, L_0xa4793b0;  alias, 1 drivers
v0xa3ea520_0 .net "carry_out", 0 0, L_0xa468f10;  1 drivers
v0xa3ea5e0_0 .net "gen", 3 0, L_0xa4667d0;  1 drivers
v0xa3ea6c0_0 .net "gen_out", 0 0, L_0xa469fd0;  1 drivers
v0xa3ea780_0 .net "prop", 3 0, L_0xa466840;  1 drivers
v0xa3ea860_0 .net "prop_out", 0 0, L_0xa4690c0;  1 drivers
v0xa3ea920_0 .net "val1", 3 0, L_0xa46a4b0;  1 drivers
v0xa3eaa00_0 .net "val2", 3 0, L_0xa46a550;  1 drivers
v0xa3eaef0_0 .net "val_out", 3 0, L_0xa468860;  1 drivers
L_0xa466950 .part L_0xa4667d0, 0, 1;
L_0xa466a40 .part L_0xa466840, 0, 1;
L_0xa466d50 .part L_0xa4667d0, 1, 1;
L_0xa466df0 .part L_0xa4675a0, 0, 1;
L_0xa466e90 .part L_0xa466840, 1, 1;
L_0xa467150 .part L_0xa4667d0, 2, 1;
L_0xa4671f0 .part L_0xa4675a0, 1, 1;
L_0xa467290 .part L_0xa466840, 2, 1;
L_0xa4675a0 .concat8 [ 1 1 1 1], L_0xa466c40, L_0xa467040, L_0xa467440, L_0xa467a80;
L_0xa467730 .part L_0xa4667d0, 3, 1;
L_0xa4677d0 .part L_0xa4675a0, 2, 1;
L_0xa467900 .part L_0xa466840, 3, 1;
L_0xa467be0 .part L_0xa46a4b0, 0, 1;
L_0xa467c80 .part L_0xa46a550, 0, 1;
L_0xa467ea0 .part L_0xa46a4b0, 1, 1;
L_0xa467fd0 .part L_0xa46a550, 1, 1;
L_0xa468200 .part L_0xa4675a0, 0, 1;
L_0xa4683b0 .part L_0xa46a4b0, 2, 1;
L_0xa4684f0 .part L_0xa46a550, 2, 1;
L_0xa4685e0 .part L_0xa4675a0, 1, 1;
L_0xa468860 .concat8 [ 1 1 1 1], L_0xa467d70, L_0xa4682a0, L_0xa468450, L_0xa468a90;
L_0xa4689f0 .part L_0xa46a4b0, 3, 1;
L_0xa468680 .part L_0xa46a550, 3, 1;
L_0xa468c60 .part L_0xa4675a0, 2, 1;
L_0xa468f10 .part L_0xa4675a0, 3, 1;
L_0xa4690c0 .reduce/and L_0xa466840;
L_0xa468d00 .part L_0xa4667d0, 3, 1;
L_0xa469240 .part L_0xa466840, 3, 1;
L_0xa469160 .part L_0xa4667d0, 2, 1;
L_0xa468e70 .part L_0xa466840, 3, 1;
L_0xa4692e0 .part L_0xa466840, 2, 1;
L_0xa469900 .part L_0xa4667d0, 1, 1;
L_0xa469d70 .part L_0xa466840, 3, 1;
L_0xa469e10 .part L_0xa466840, 2, 1;
L_0xa469c10 .part L_0xa466840, 1, 1;
L_0xa46a1b0 .part L_0xa4667d0, 0, 1;
S_0xa3eb0f0 .scope module, "adder1" "add_pg_4" 8 32, 9 3 0, S_0xa3e6a70;
 .timescale -9 -12;
    .port_info 0 /INPUT 4 "val1";
    .port_info 1 /INPUT 4 "val2";
    .port_info 2 /INPUT 1 "carry_in";
    .port_info 3 /OUTPUT 4 "val_out";
    .port_info 4 /OUTPUT 1 "carry_out";
    .port_info 5 /OUTPUT 1 "prop_out";
    .port_info 6 /OUTPUT 1 "gen_out";
L_0xa46a8b0 .functor AND 4, L_0xa46e6b0, L_0xa46e7a0, C4<1111>, C4<1111>;
L_0xa46a920 .functor XOR 4, L_0xa46e6b0, L_0xa46e7a0, C4<0000>, C4<0000>;
L_0xa46ac10 .functor AND 1, L_0xa46e890, L_0xa46ab20, C4<1>, C4<1>;
L_0xa46acd0 .functor OR 1, L_0xa46aa30, L_0xa46ac10, C4<0>, C4<0>;
L_0xa46b0b0 .functor AND 1, L_0xa46aeb0, L_0xa46afe0, C4<1>, C4<1>;
L_0xa46b1f0 .functor OR 1, L_0xa46ade0, L_0xa46b0b0, C4<0>, C4<0>;
L_0xa46b530 .functor AND 1, L_0xa46b3a0, L_0xa46b440, C4<1>, C4<1>;
L_0xa46b5f0 .functor OR 1, L_0xa46b300, L_0xa46b530, C4<0>, C4<0>;
L_0xa46bbc0 .functor AND 1, L_0xa46b980, L_0xa46bab0, C4<1>, C4<1>;
L_0xa46bc30 .functor OR 1, L_0xa46b8e0, L_0xa46bbc0, C4<0>, C4<0>;
L_0xa46bb50 .functor XOR 1, L_0xa46bd90, L_0xa46be30, C4<0>, C4<0>;
L_0xa46bf20 .functor XOR 1, L_0xa46bb50, L_0xa46e890, C4<0>, C4<0>;
L_0xa46c390 .functor XOR 1, L_0xa46c0a0, L_0xa46c1d0, C4<0>, C4<0>;
L_0xa46c4a0 .functor XOR 1, L_0xa46c390, L_0xa46c400, C4<0>, C4<0>;
L_0xa46c030 .functor XOR 1, L_0xa46c5b0, L_0xa46c6f0, C4<0>, C4<0>;
L_0xa46c650 .functor XOR 1, L_0xa46c030, L_0xa46c7e0, C4<0>, C4<0>;
L_0xa46cd50 .functor XOR 1, L_0xa46cbf0, L_0xa46c880, C4<0>, C4<0>;
L_0xa46cc90 .functor XOR 1, L_0xa46cd50, L_0xa46ce60, C4<0>, C4<0>;
L_0xa46c9d0 .functor AND 1, L_0xa46d440, L_0xa46d360, C4<1>, C4<1>;
L_0xa46d670 .functor OR 1, L_0xa46cf00, L_0xa46c9d0, C4<0>, C4<0>;
L_0xa46da40 .functor AND 1, L_0xa46d070, L_0xa46d4e0, C4<1>, C4<1>;
L_0xa46d940 .functor AND 1, L_0xa46da40, L_0xa46db00, C4<1>, C4<1>;
L_0xa46d780 .functor OR 1, L_0xa46d670, L_0xa46d940, C4<0>, C4<0>;
L_0xa46dcb0 .functor AND 1, L_0xa46df70, L_0xa46e010, C4<1>, C4<1>;
L_0xa46e2a0 .functor AND 1, L_0xa46dcb0, L_0xa46de10, C4<1>, C4<1>;
L_0xa46e0b0 .functor AND 1, L_0xa46e2a0, L_0xa46e3b0, C4<1>, C4<1>;
L_0xa46e1d0 .functor OR 1, L_0xa46d780, L_0xa46e0b0, C4<0>, C4<0>;
v0xa3eb390_0 .net *"_ivl_10", 0 0, L_0xa46ac10;  1 drivers
v0xa3eb470_0 .net *"_ivl_103", 0 0, L_0xa46cf00;  1 drivers
v0xa3eb550_0 .net *"_ivl_105", 0 0, L_0xa46d440;  1 drivers
v0xa3eb610_0 .net *"_ivl_107", 0 0, L_0xa46d360;  1 drivers
v0xa3eb6f0_0 .net *"_ivl_108", 0 0, L_0xa46c9d0;  1 drivers
v0xa3eb820_0 .net *"_ivl_110", 0 0, L_0xa46d670;  1 drivers
v0xa3eb900_0 .net *"_ivl_113", 0 0, L_0xa46d070;  1 drivers
v0xa3eb9e0_0 .net *"_ivl_115", 0 0, L_0xa46d4e0;  1 drivers
v0xa3ebac0_0 .net *"_ivl_116", 0 0, L_0xa46da40;  1 drivers
v0xa3ebba0_0 .net *"_ivl_119", 0 0, L_0xa46db00;  1 drivers
v0xa3ebc80_0 .net *"_ivl_12", 0 0, L_0xa46acd0;  1 drivers
v0xa3ebd60_0 .net *"_ivl_120", 0 0, L_0xa46d940;  1 drivers
v0xa3ebe40_0 .net *"_ivl_122", 0 0, L_0xa46d780;  1 drivers
v0xa3ebf20_0 .net *"_ivl_125", 0 0, L_0xa46df70;  1 drivers
v0xa3ec000_0 .net *"_ivl_127", 0 0, L_0xa46e010;  1 drivers
v0xa3ec0e0_0 .net *"_ivl_128", 0 0, L_0xa46dcb0;  1 drivers
v0xa3ec1c0_0 .net *"_ivl_131", 0 0, L_0xa46de10;  1 drivers
v0xa3ec2a0_0 .net *"_ivl_132", 0 0, L_0xa46e2a0;  1 drivers
v0xa3ec380_0 .net *"_ivl_135", 0 0, L_0xa46e3b0;  1 drivers
v0xa3ec460_0 .net *"_ivl_136", 0 0, L_0xa46e0b0;  1 drivers
v0xa3ec540_0 .net *"_ivl_17", 0 0, L_0xa46ade0;  1 drivers
v0xa3ec620_0 .net *"_ivl_19", 0 0, L_0xa46aeb0;  1 drivers
v0xa3ec700_0 .net *"_ivl_21", 0 0, L_0xa46afe0;  1 drivers
v0xa3ec7e0_0 .net *"_ivl_22", 0 0, L_0xa46b0b0;  1 drivers
v0xa3ec8c0_0 .net *"_ivl_24", 0 0, L_0xa46b1f0;  1 drivers
v0xa3ec9a0_0 .net *"_ivl_29", 0 0, L_0xa46b300;  1 drivers
v0xa3eca80_0 .net *"_ivl_31", 0 0, L_0xa46b3a0;  1 drivers
v0xa3ecb60_0 .net *"_ivl_33", 0 0, L_0xa46b440;  1 drivers
v0xa3ecc40_0 .net *"_ivl_34", 0 0, L_0xa46b530;  1 drivers
v0xa3ecd20_0 .net *"_ivl_36", 0 0, L_0xa46b5f0;  1 drivers
v0xa3ece00_0 .net *"_ivl_42", 0 0, L_0xa46b8e0;  1 drivers
v0xa3ecee0_0 .net *"_ivl_44", 0 0, L_0xa46b980;  1 drivers
v0xa3ecfc0_0 .net *"_ivl_46", 0 0, L_0xa46bab0;  1 drivers
v0xa3ed0a0_0 .net *"_ivl_47", 0 0, L_0xa46bbc0;  1 drivers
v0xa3ed180_0 .net *"_ivl_49", 0 0, L_0xa46bc30;  1 drivers
v0xa3ed260_0 .net *"_ivl_54", 0 0, L_0xa46bd90;  1 drivers
v0xa3ed340_0 .net *"_ivl_56", 0 0, L_0xa46be30;  1 drivers
v0xa3ed420_0 .net *"_ivl_57", 0 0, L_0xa46bb50;  1 drivers
v0xa3ed500_0 .net *"_ivl_59", 0 0, L_0xa46bf20;  1 drivers
v0xa3ed5e0_0 .net *"_ivl_64", 0 0, L_0xa46c0a0;  1 drivers
v0xa3ed6c0_0 .net *"_ivl_66", 0 0, L_0xa46c1d0;  1 drivers
v0xa3ed7a0_0 .net *"_ivl_67", 0 0, L_0xa46c390;  1 drivers
v0xa3ed880_0 .net *"_ivl_7", 0 0, L_0xa46aa30;  1 drivers
v0xa3ed960_0 .net *"_ivl_70", 0 0, L_0xa46c400;  1 drivers
v0xa3eda40_0 .net *"_ivl_71", 0 0, L_0xa46c4a0;  1 drivers
v0xa3edb20_0 .net *"_ivl_76", 0 0, L_0xa46c5b0;  1 drivers
v0xa3edc00_0 .net *"_ivl_78", 0 0, L_0xa46c6f0;  1 drivers
v0xa3edce0_0 .net *"_ivl_79", 0 0, L_0xa46c030;  1 drivers
v0xa3eddc0_0 .net *"_ivl_82", 0 0, L_0xa46c7e0;  1 drivers
v0xa3edea0_0 .net *"_ivl_83", 0 0, L_0xa46c650;  1 drivers
v0xa3edf80_0 .net *"_ivl_89", 0 0, L_0xa46cbf0;  1 drivers
v0xa3ee060_0 .net *"_ivl_9", 0 0, L_0xa46ab20;  1 drivers
v0xa3ee140_0 .net *"_ivl_91", 0 0, L_0xa46c880;  1 drivers
v0xa3ee220_0 .net *"_ivl_92", 0 0, L_0xa46cd50;  1 drivers
v0xa3ee300_0 .net *"_ivl_95", 0 0, L_0xa46ce60;  1 drivers
v0xa3ee3e0_0 .net *"_ivl_96", 0 0, L_0xa46cc90;  1 drivers
v0xa3ee4c0_0 .net "carry", 3 0, L_0xa46b750;  1 drivers
v0xa3ee5a0_0 .net "carry_in", 0 0, L_0xa46e890;  1 drivers
v0xa3ee660_0 .net "carry_out", 0 0, L_0xa46d110;  1 drivers
v0xa3ee720_0 .net "gen", 3 0, L_0xa46a8b0;  1 drivers
v0xa3ee800_0 .net "gen_out", 0 0, L_0xa46e1d0;  1 drivers
v0xa3ee8c0_0 .net "prop", 3 0, L_0xa46a920;  1 drivers
v0xa3ee9a0_0 .net "prop_out", 0 0, L_0xa46d2c0;  1 drivers
v0xa3eea60_0 .net "val1", 3 0, L_0xa46e6b0;  1 drivers
v0xa3eeb40_0 .net "val2", 3 0, L_0xa46e7a0;  1 drivers
v0xa3ef030_0 .net "val_out", 3 0, L_0xa46ca60;  1 drivers
L_0xa46aa30 .part L_0xa46a8b0, 0, 1;
L_0xa46ab20 .part L_0xa46a920, 0, 1;
L_0xa46ade0 .part L_0xa46a8b0, 1, 1;
L_0xa46aeb0 .part L_0xa46b750, 0, 1;
L_0xa46afe0 .part L_0xa46a920, 1, 1;
L_0xa46b300 .part L_0xa46a8b0, 2, 1;
L_0xa46b3a0 .part L_0xa46b750, 1, 1;
L_0xa46b440 .part L_0xa46a920, 2, 1;
L_0xa46b750 .concat8 [ 1 1 1 1], L_0xa46acd0, L_0xa46b1f0, L_0xa46b5f0, L_0xa46bc30;
L_0xa46b8e0 .part L_0xa46a8b0, 3, 1;
L_0xa46b980 .part L_0xa46b750, 2, 1;
L_0xa46bab0 .part L_0xa46a920, 3, 1;
L_0xa46bd90 .part L_0xa46e6b0, 0, 1;
L_0xa46be30 .part L_0xa46e7a0, 0, 1;
L_0xa46c0a0 .part L_0xa46e6b0, 1, 1;
L_0xa46c1d0 .part L_0xa46e7a0, 1, 1;
L_0xa46c400 .part L_0xa46b750, 0, 1;
L_0xa46c5b0 .part L_0xa46e6b0, 2, 1;
L_0xa46c6f0 .part L_0xa46e7a0, 2, 1;
L_0xa46c7e0 .part L_0xa46b750, 1, 1;
L_0xa46ca60 .concat8 [ 1 1 1 1], L_0xa46bf20, L_0xa46c4a0, L_0xa46c650, L_0xa46cc90;
L_0xa46cbf0 .part L_0xa46e6b0, 3, 1;
L_0xa46c880 .part L_0xa46e7a0, 3, 1;
L_0xa46ce60 .part L_0xa46b750, 2, 1;
L_0xa46d110 .part L_0xa46b750, 3, 1;
L_0xa46d2c0 .reduce/and L_0xa46a920;
L_0xa46cf00 .part L_0xa46a8b0, 3, 1;
L_0xa46d440 .part L_0xa46a920, 3, 1;
L_0xa46d360 .part L_0xa46a8b0, 2, 1;
L_0xa46d070 .part L_0xa46a920, 3, 1;
L_0xa46d4e0 .part L_0xa46a920, 2, 1;
L_0xa46db00 .part L_0xa46a8b0, 1, 1;
L_0xa46df70 .part L_0xa46a920, 3, 1;
L_0xa46e010 .part L_0xa46a920, 2, 1;
L_0xa46de10 .part L_0xa46a920, 1, 1;
L_0xa46e3b0 .part L_0xa46a8b0, 0, 1;
S_0xa3ef230 .scope module, "adder2" "add_pg_4" 8 46, 9 3 0, S_0xa3e6a70;
 .timescale -9 -12;
    .port_info 0 /INPUT 4 "val1";
    .port_info 1 /INPUT 4 "val2";
    .port_info 2 /INPUT 1 "carry_in";
    .port_info 3 /OUTPUT 4 "val_out";
    .port_info 4 /OUTPUT 1 "carry_out";
    .port_info 5 /OUTPUT 1 "prop_out";
    .port_info 6 /OUTPUT 1 "gen_out";
L_0xa46ee20 .functor AND 4, L_0xa472b30, L_0xa472bd0, C4<1111>, C4<1111>;
L_0xa46ee90 .functor XOR 4, L_0xa472b30, L_0xa472bd0, C4<0000>, C4<0000>;
L_0xa46f180 .functor AND 1, L_0xa472ce0, L_0xa46f090, C4<1>, C4<1>;
L_0xa46f240 .functor OR 1, L_0xa46efa0, L_0xa46f180, C4<0>, C4<0>;
L_0xa46f530 .functor AND 1, L_0xa46f3f0, L_0xa46f490, C4<1>, C4<1>;
L_0xa46f670 .functor OR 1, L_0xa46f350, L_0xa46f530, C4<0>, C4<0>;
L_0xa46f9b0 .functor AND 1, L_0xa46f820, L_0xa46f8c0, C4<1>, C4<1>;
L_0xa46faa0 .functor OR 1, L_0xa46f780, L_0xa46f9b0, C4<0>, C4<0>;
L_0xa470040 .functor AND 1, L_0xa46fe90, L_0xa46ff30, C4<1>, C4<1>;
L_0xa4700b0 .functor OR 1, L_0xa46fd90, L_0xa470040, C4<0>, C4<0>;
L_0xa46ffd0 .functor XOR 1, L_0xa470210, L_0xa4702b0, C4<0>, C4<0>;
L_0xa4703a0 .functor XOR 1, L_0xa46ffd0, L_0xa472ce0, C4<0>, C4<0>;
L_0xa470810 .functor XOR 1, L_0xa470520, L_0xa470650, C4<0>, C4<0>;
L_0xa470920 .functor XOR 1, L_0xa470810, L_0xa470880, C4<0>, C4<0>;
L_0xa4704b0 .functor XOR 1, L_0xa470a30, L_0xa470b70, C4<0>, C4<0>;
L_0xa470ad0 .functor XOR 1, L_0xa4704b0, L_0xa470c60, C4<0>, C4<0>;
L_0xa4711d0 .functor XOR 1, L_0xa471070, L_0xa470d00, C4<0>, C4<0>;
L_0xa471110 .functor XOR 1, L_0xa4711d0, L_0xa4712e0, C4<0>, C4<0>;
L_0xa470e50 .functor AND 1, L_0xa4718c0, L_0xa4717e0, C4<1>, C4<1>;
L_0xa471af0 .functor OR 1, L_0xa471380, L_0xa470e50, C4<0>, C4<0>;
L_0xa471ec0 .functor AND 1, L_0xa4714f0, L_0xa471960, C4<1>, C4<1>;
L_0xa471dc0 .functor AND 1, L_0xa471ec0, L_0xa471f80, C4<1>, C4<1>;
L_0xa471c00 .functor OR 1, L_0xa471af0, L_0xa471dc0, C4<0>, C4<0>;
L_0xa472130 .functor AND 1, L_0xa4723f0, L_0xa472490, C4<1>, C4<1>;
L_0xa472720 .functor AND 1, L_0xa472130, L_0xa472290, C4<1>, C4<1>;
L_0xa472530 .functor AND 1, L_0xa472720, L_0xa472830, C4<1>, C4<1>;
L_0xa472650 .functor OR 1, L_0xa471c00, L_0xa472530, C4<0>, C4<0>;
v0xa3ef4b0_0 .net *"_ivl_10", 0 0, L_0xa46f180;  1 drivers
v0xa3ef590_0 .net *"_ivl_103", 0 0, L_0xa471380;  1 drivers
v0xa3ef670_0 .net *"_ivl_105", 0 0, L_0xa4718c0;  1 drivers
v0xa3ef730_0 .net *"_ivl_107", 0 0, L_0xa4717e0;  1 drivers
v0xa3ef810_0 .net *"_ivl_108", 0 0, L_0xa470e50;  1 drivers
v0xa3ef940_0 .net *"_ivl_110", 0 0, L_0xa471af0;  1 drivers
v0xa3efa20_0 .net *"_ivl_113", 0 0, L_0xa4714f0;  1 drivers
v0xa3efb00_0 .net *"_ivl_115", 0 0, L_0xa471960;  1 drivers
v0xa3efbe0_0 .net *"_ivl_116", 0 0, L_0xa471ec0;  1 drivers
v0xa3efcc0_0 .net *"_ivl_119", 0 0, L_0xa471f80;  1 drivers
v0xa3efda0_0 .net *"_ivl_12", 0 0, L_0xa46f240;  1 drivers
v0xa3efe80_0 .net *"_ivl_120", 0 0, L_0xa471dc0;  1 drivers
v0xa3eff60_0 .net *"_ivl_122", 0 0, L_0xa471c00;  1 drivers
v0xa3f0040_0 .net *"_ivl_125", 0 0, L_0xa4723f0;  1 drivers
v0xa3f0120_0 .net *"_ivl_127", 0 0, L_0xa472490;  1 drivers
v0xa3f0200_0 .net *"_ivl_128", 0 0, L_0xa472130;  1 drivers
v0xa3f02e0_0 .net *"_ivl_131", 0 0, L_0xa472290;  1 drivers
v0xa3f03c0_0 .net *"_ivl_132", 0 0, L_0xa472720;  1 drivers
v0xa3f04a0_0 .net *"_ivl_135", 0 0, L_0xa472830;  1 drivers
v0xa3f0580_0 .net *"_ivl_136", 0 0, L_0xa472530;  1 drivers
v0xa3f0660_0 .net *"_ivl_17", 0 0, L_0xa46f350;  1 drivers
v0xa3f0740_0 .net *"_ivl_19", 0 0, L_0xa46f3f0;  1 drivers
v0xa3f0820_0 .net *"_ivl_21", 0 0, L_0xa46f490;  1 drivers
v0xa3f0900_0 .net *"_ivl_22", 0 0, L_0xa46f530;  1 drivers
v0xa3f09e0_0 .net *"_ivl_24", 0 0, L_0xa46f670;  1 drivers
v0xa3f0ac0_0 .net *"_ivl_29", 0 0, L_0xa46f780;  1 drivers
v0xa3f0ba0_0 .net *"_ivl_31", 0 0, L_0xa46f820;  1 drivers
v0xa3f0c80_0 .net *"_ivl_33", 0 0, L_0xa46f8c0;  1 drivers
v0xa3f0d60_0 .net *"_ivl_34", 0 0, L_0xa46f9b0;  1 drivers
v0xa3f0e40_0 .net *"_ivl_36", 0 0, L_0xa46faa0;  1 drivers
v0xa3f0f20_0 .net *"_ivl_42", 0 0, L_0xa46fd90;  1 drivers
v0xa3f1000_0 .net *"_ivl_44", 0 0, L_0xa46fe90;  1 drivers
v0xa3f10e0_0 .net *"_ivl_46", 0 0, L_0xa46ff30;  1 drivers
v0xa3f11c0_0 .net *"_ivl_47", 0 0, L_0xa470040;  1 drivers
v0xa3f12a0_0 .net *"_ivl_49", 0 0, L_0xa4700b0;  1 drivers
v0xa3f1380_0 .net *"_ivl_54", 0 0, L_0xa470210;  1 drivers
v0xa3f1460_0 .net *"_ivl_56", 0 0, L_0xa4702b0;  1 drivers
v0xa3f1540_0 .net *"_ivl_57", 0 0, L_0xa46ffd0;  1 drivers
v0xa3f1620_0 .net *"_ivl_59", 0 0, L_0xa4703a0;  1 drivers
v0xa3f1700_0 .net *"_ivl_64", 0 0, L_0xa470520;  1 drivers
v0xa3f17e0_0 .net *"_ivl_66", 0 0, L_0xa470650;  1 drivers
v0xa3f18c0_0 .net *"_ivl_67", 0 0, L_0xa470810;  1 drivers
v0xa3f19a0_0 .net *"_ivl_7", 0 0, L_0xa46efa0;  1 drivers
v0xa3f1a80_0 .net *"_ivl_70", 0 0, L_0xa470880;  1 drivers
v0xa3f1b60_0 .net *"_ivl_71", 0 0, L_0xa470920;  1 drivers
v0xa3f1c40_0 .net *"_ivl_76", 0 0, L_0xa470a30;  1 drivers
v0xa3f1d20_0 .net *"_ivl_78", 0 0, L_0xa470b70;  1 drivers
v0xa3f1e00_0 .net *"_ivl_79", 0 0, L_0xa4704b0;  1 drivers
v0xa3f1ee0_0 .net *"_ivl_82", 0 0, L_0xa470c60;  1 drivers
v0xa3f1fc0_0 .net *"_ivl_83", 0 0, L_0xa470ad0;  1 drivers
v0xa3f20a0_0 .net *"_ivl_89", 0 0, L_0xa471070;  1 drivers
v0xa3f2180_0 .net *"_ivl_9", 0 0, L_0xa46f090;  1 drivers
v0xa3f2260_0 .net *"_ivl_91", 0 0, L_0xa470d00;  1 drivers
v0xa3f2340_0 .net *"_ivl_92", 0 0, L_0xa4711d0;  1 drivers
v0xa3f2420_0 .net *"_ivl_95", 0 0, L_0xa4712e0;  1 drivers
v0xa3f2500_0 .net *"_ivl_96", 0 0, L_0xa471110;  1 drivers
v0xa3f25e0_0 .net "carry", 3 0, L_0xa46fc00;  1 drivers
v0xa3f26c0_0 .net "carry_in", 0 0, L_0xa472ce0;  1 drivers
v0xa3f2780_0 .net "carry_out", 0 0, L_0xa471590;  1 drivers
v0xa3f2840_0 .net "gen", 3 0, L_0xa46ee20;  1 drivers
v0xa3f2920_0 .net "gen_out", 0 0, L_0xa472650;  1 drivers
v0xa3f29e0_0 .net "prop", 3 0, L_0xa46ee90;  1 drivers
v0xa3f2ac0_0 .net "prop_out", 0 0, L_0xa471740;  1 drivers
v0xa3f2b80_0 .net "val1", 3 0, L_0xa472b30;  1 drivers
v0xa3f2c60_0 .net "val2", 3 0, L_0xa472bd0;  1 drivers
v0xa3f3150_0 .net "val_out", 3 0, L_0xa470ee0;  1 drivers
L_0xa46efa0 .part L_0xa46ee20, 0, 1;
L_0xa46f090 .part L_0xa46ee90, 0, 1;
L_0xa46f350 .part L_0xa46ee20, 1, 1;
L_0xa46f3f0 .part L_0xa46fc00, 0, 1;
L_0xa46f490 .part L_0xa46ee90, 1, 1;
L_0xa46f780 .part L_0xa46ee20, 2, 1;
L_0xa46f820 .part L_0xa46fc00, 1, 1;
L_0xa46f8c0 .part L_0xa46ee90, 2, 1;
L_0xa46fc00 .concat8 [ 1 1 1 1], L_0xa46f240, L_0xa46f670, L_0xa46faa0, L_0xa4700b0;
L_0xa46fd90 .part L_0xa46ee20, 3, 1;
L_0xa46fe90 .part L_0xa46fc00, 2, 1;
L_0xa46ff30 .part L_0xa46ee90, 3, 1;
L_0xa470210 .part L_0xa472b30, 0, 1;
L_0xa4702b0 .part L_0xa472bd0, 0, 1;
L_0xa470520 .part L_0xa472b30, 1, 1;
L_0xa470650 .part L_0xa472bd0, 1, 1;
L_0xa470880 .part L_0xa46fc00, 0, 1;
L_0xa470a30 .part L_0xa472b30, 2, 1;
L_0xa470b70 .part L_0xa472bd0, 2, 1;
L_0xa470c60 .part L_0xa46fc00, 1, 1;
L_0xa470ee0 .concat8 [ 1 1 1 1], L_0xa4703a0, L_0xa470920, L_0xa470ad0, L_0xa471110;
L_0xa471070 .part L_0xa472b30, 3, 1;
L_0xa470d00 .part L_0xa472bd0, 3, 1;
L_0xa4712e0 .part L_0xa46fc00, 2, 1;
L_0xa471590 .part L_0xa46fc00, 3, 1;
L_0xa471740 .reduce/and L_0xa46ee90;
L_0xa471380 .part L_0xa46ee20, 3, 1;
L_0xa4718c0 .part L_0xa46ee90, 3, 1;
L_0xa4717e0 .part L_0xa46ee20, 2, 1;
L_0xa4714f0 .part L_0xa46ee90, 3, 1;
L_0xa471960 .part L_0xa46ee90, 2, 1;
L_0xa471f80 .part L_0xa46ee20, 1, 1;
L_0xa4723f0 .part L_0xa46ee90, 3, 1;
L_0xa472490 .part L_0xa46ee90, 2, 1;
L_0xa472290 .part L_0xa46ee90, 1, 1;
L_0xa472830 .part L_0xa46ee20, 0, 1;
S_0xa413350 .scope module, "adder3" "add_pg_4" 8 60, 9 3 0, S_0xa3e6a70;
 .timescale -9 -12;
    .port_info 0 /INPUT 4 "val1";
    .port_info 1 /INPUT 4 "val2";
    .port_info 2 /INPUT 1 "carry_in";
    .port_info 3 /OUTPUT 4 "val_out";
    .port_info 4 /OUTPUT 1 "carry_out";
    .port_info 5 /OUTPUT 1 "prop_out";
    .port_info 6 /OUTPUT 1 "gen_out";
L_0xa473040 .functor AND 4, L_0xa476ef0, L_0xa476f90, C4<1111>, C4<1111>;
L_0xa4730b0 .functor XOR 4, L_0xa476ef0, L_0xa476f90, C4<0000>, C4<0000>;
L_0xa4733a0 .functor AND 1, L_0xa4770d0, L_0xa4732b0, C4<1>, C4<1>;
L_0xa473460 .functor OR 1, L_0xa4731c0, L_0xa4733a0, C4<0>, C4<0>;
L_0xa473750 .functor AND 1, L_0xa473610, L_0xa4736b0, C4<1>, C4<1>;
L_0xa473860 .functor OR 1, L_0xa473570, L_0xa473750, C4<0>, C4<0>;
L_0xa473ba0 .functor AND 1, L_0xa473a10, L_0xa473ab0, C4<1>, C4<1>;
L_0xa473c60 .functor OR 1, L_0xa473970, L_0xa473ba0, C4<0>, C4<0>;
L_0xa474290 .functor AND 1, L_0xa474050, L_0xa474180, C4<1>, C4<1>;
L_0xa474300 .functor OR 1, L_0xa473f50, L_0xa474290, C4<0>, C4<0>;
L_0xa474220 .functor XOR 1, L_0xa474460, L_0xa474500, C4<0>, C4<0>;
L_0xa474670 .functor XOR 1, L_0xa474220, L_0xa4770d0, C4<0>, C4<0>;
L_0xa474ae0 .functor XOR 1, L_0xa4747f0, L_0xa474920, C4<0>, C4<0>;
L_0xa474bf0 .functor XOR 1, L_0xa474ae0, L_0xa474b50, C4<0>, C4<0>;
L_0xa474780 .functor XOR 1, L_0xa474d00, L_0xa474e70, C4<0>, C4<0>;
L_0xa474dd0 .functor XOR 1, L_0xa474780, L_0xa474fb0, C4<0>, C4<0>;
L_0xa475520 .functor XOR 1, L_0xa4753c0, L_0xa475050, C4<0>, C4<0>;
L_0xa475460 .functor XOR 1, L_0xa475520, L_0xa475630, C4<0>, C4<0>;
L_0xa475da0 .functor AND 1, L_0xa475c10, L_0xa475b30, C4<1>, C4<1>;
L_0xa475eb0 .functor OR 1, L_0xa4756d0, L_0xa475da0, C4<0>, C4<0>;
L_0xa476280 .functor AND 1, L_0xa475840, L_0xa475cb0, C4<1>, C4<1>;
L_0xa476180 .functor AND 1, L_0xa476280, L_0xa476340, C4<1>, C4<1>;
L_0xa475fc0 .functor OR 1, L_0xa475eb0, L_0xa476180, C4<0>, C4<0>;
L_0xa4764f0 .functor AND 1, L_0xa4767b0, L_0xa476850, C4<1>, C4<1>;
L_0xa476ae0 .functor AND 1, L_0xa4764f0, L_0xa476650, C4<1>, C4<1>;
L_0xa4768f0 .functor AND 1, L_0xa476ae0, L_0xa476bf0, C4<1>, C4<1>;
L_0xa476a10 .functor OR 1, L_0xa475fc0, L_0xa4768f0, C4<0>, C4<0>;
v0xa4135d0_0 .net *"_ivl_10", 0 0, L_0xa4733a0;  1 drivers
v0xa4136d0_0 .net *"_ivl_103", 0 0, L_0xa4756d0;  1 drivers
v0xa4137b0_0 .net *"_ivl_105", 0 0, L_0xa475c10;  1 drivers
v0xa413870_0 .net *"_ivl_107", 0 0, L_0xa475b30;  1 drivers
v0xa413950_0 .net *"_ivl_108", 0 0, L_0xa475da0;  1 drivers
v0xa413a80_0 .net *"_ivl_110", 0 0, L_0xa475eb0;  1 drivers
v0xa413b60_0 .net *"_ivl_113", 0 0, L_0xa475840;  1 drivers
v0xa413c40_0 .net *"_ivl_115", 0 0, L_0xa475cb0;  1 drivers
v0xa413d20_0 .net *"_ivl_116", 0 0, L_0xa476280;  1 drivers
v0xa413e00_0 .net *"_ivl_119", 0 0, L_0xa476340;  1 drivers
v0xa413ee0_0 .net *"_ivl_12", 0 0, L_0xa473460;  1 drivers
v0xa413fc0_0 .net *"_ivl_120", 0 0, L_0xa476180;  1 drivers
v0xa4140a0_0 .net *"_ivl_122", 0 0, L_0xa475fc0;  1 drivers
v0xa414180_0 .net *"_ivl_125", 0 0, L_0xa4767b0;  1 drivers
v0xa414260_0 .net *"_ivl_127", 0 0, L_0xa476850;  1 drivers
v0xa414340_0 .net *"_ivl_128", 0 0, L_0xa4764f0;  1 drivers
v0xa414420_0 .net *"_ivl_131", 0 0, L_0xa476650;  1 drivers
v0xa414500_0 .net *"_ivl_132", 0 0, L_0xa476ae0;  1 drivers
v0xa4145e0_0 .net *"_ivl_135", 0 0, L_0xa476bf0;  1 drivers
v0xa4146c0_0 .net *"_ivl_136", 0 0, L_0xa4768f0;  1 drivers
v0xa4147a0_0 .net *"_ivl_17", 0 0, L_0xa473570;  1 drivers
v0xa414880_0 .net *"_ivl_19", 0 0, L_0xa473610;  1 drivers
v0xa414960_0 .net *"_ivl_21", 0 0, L_0xa4736b0;  1 drivers
v0xa414a40_0 .net *"_ivl_22", 0 0, L_0xa473750;  1 drivers
v0xa414b20_0 .net *"_ivl_24", 0 0, L_0xa473860;  1 drivers
v0xa414c00_0 .net *"_ivl_29", 0 0, L_0xa473970;  1 drivers
v0xa414ce0_0 .net *"_ivl_31", 0 0, L_0xa473a10;  1 drivers
v0xa414dc0_0 .net *"_ivl_33", 0 0, L_0xa473ab0;  1 drivers
v0xa414ea0_0 .net *"_ivl_34", 0 0, L_0xa473ba0;  1 drivers
v0xa414f80_0 .net *"_ivl_36", 0 0, L_0xa473c60;  1 drivers
v0xa415060_0 .net *"_ivl_42", 0 0, L_0xa473f50;  1 drivers
v0xa415140_0 .net *"_ivl_44", 0 0, L_0xa474050;  1 drivers
v0xa415220_0 .net *"_ivl_46", 0 0, L_0xa474180;  1 drivers
v0xa415300_0 .net *"_ivl_47", 0 0, L_0xa474290;  1 drivers
v0xa4153e0_0 .net *"_ivl_49", 0 0, L_0xa474300;  1 drivers
v0xa4154c0_0 .net *"_ivl_54", 0 0, L_0xa474460;  1 drivers
v0xa4155a0_0 .net *"_ivl_56", 0 0, L_0xa474500;  1 drivers
v0xa415680_0 .net *"_ivl_57", 0 0, L_0xa474220;  1 drivers
v0xa415760_0 .net *"_ivl_59", 0 0, L_0xa474670;  1 drivers
v0xa415840_0 .net *"_ivl_64", 0 0, L_0xa4747f0;  1 drivers
v0xa415920_0 .net *"_ivl_66", 0 0, L_0xa474920;  1 drivers
v0xa415a00_0 .net *"_ivl_67", 0 0, L_0xa474ae0;  1 drivers
v0xa415ae0_0 .net *"_ivl_7", 0 0, L_0xa4731c0;  1 drivers
v0xa415bc0_0 .net *"_ivl_70", 0 0, L_0xa474b50;  1 drivers
v0xa415ca0_0 .net *"_ivl_71", 0 0, L_0xa474bf0;  1 drivers
v0xa415d80_0 .net *"_ivl_76", 0 0, L_0xa474d00;  1 drivers
v0xa415e60_0 .net *"_ivl_78", 0 0, L_0xa474e70;  1 drivers
v0xa415f40_0 .net *"_ivl_79", 0 0, L_0xa474780;  1 drivers
v0xa416020_0 .net *"_ivl_82", 0 0, L_0xa474fb0;  1 drivers
v0xa416100_0 .net *"_ivl_83", 0 0, L_0xa474dd0;  1 drivers
v0xa4161e0_0 .net *"_ivl_89", 0 0, L_0xa4753c0;  1 drivers
v0xa4162c0_0 .net *"_ivl_9", 0 0, L_0xa4732b0;  1 drivers
v0xa4163a0_0 .net *"_ivl_91", 0 0, L_0xa475050;  1 drivers
v0xa416480_0 .net *"_ivl_92", 0 0, L_0xa475520;  1 drivers
v0xa416560_0 .net *"_ivl_95", 0 0, L_0xa475630;  1 drivers
v0xa416640_0 .net *"_ivl_96", 0 0, L_0xa475460;  1 drivers
v0xa416720_0 .net "carry", 3 0, L_0xa473dc0;  1 drivers
v0xa416800_0 .net "carry_in", 0 0, L_0xa4770d0;  1 drivers
v0xa4168c0_0 .net8 "carry_out", 0 0, RS_0x7f41ebe81c48;  alias, 2 drivers
v0xa416980_0 .net "gen", 3 0, L_0xa473040;  1 drivers
v0xa416a60_0 .net "gen_out", 0 0, L_0xa476a10;  1 drivers
v0xa416b20_0 .net "prop", 3 0, L_0xa4730b0;  1 drivers
v0xa416c00_0 .net "prop_out", 0 0, L_0xa475a90;  1 drivers
v0xa416cc0_0 .net "val1", 3 0, L_0xa476ef0;  1 drivers
v0xa416da0_0 .net "val2", 3 0, L_0xa476f90;  1 drivers
v0xa417290_0 .net "val_out", 3 0, L_0xa475230;  1 drivers
L_0xa4731c0 .part L_0xa473040, 0, 1;
L_0xa4732b0 .part L_0xa4730b0, 0, 1;
L_0xa473570 .part L_0xa473040, 1, 1;
L_0xa473610 .part L_0xa473dc0, 0, 1;
L_0xa4736b0 .part L_0xa4730b0, 1, 1;
L_0xa473970 .part L_0xa473040, 2, 1;
L_0xa473a10 .part L_0xa473dc0, 1, 1;
L_0xa473ab0 .part L_0xa4730b0, 2, 1;
L_0xa473dc0 .concat8 [ 1 1 1 1], L_0xa473460, L_0xa473860, L_0xa473c60, L_0xa474300;
L_0xa473f50 .part L_0xa473040, 3, 1;
L_0xa474050 .part L_0xa473dc0, 2, 1;
L_0xa474180 .part L_0xa4730b0, 3, 1;
L_0xa474460 .part L_0xa476ef0, 0, 1;
L_0xa474500 .part L_0xa476f90, 0, 1;
L_0xa4747f0 .part L_0xa476ef0, 1, 1;
L_0xa474920 .part L_0xa476f90, 1, 1;
L_0xa474b50 .part L_0xa473dc0, 0, 1;
L_0xa474d00 .part L_0xa476ef0, 2, 1;
L_0xa474e70 .part L_0xa476f90, 2, 1;
L_0xa474fb0 .part L_0xa473dc0, 1, 1;
L_0xa475230 .concat8 [ 1 1 1 1], L_0xa474670, L_0xa474bf0, L_0xa474dd0, L_0xa475460;
L_0xa4753c0 .part L_0xa476ef0, 3, 1;
L_0xa475050 .part L_0xa476f90, 3, 1;
L_0xa475630 .part L_0xa473dc0, 2, 1;
L_0xa4758e0 .part L_0xa473dc0, 3, 1;
L_0xa475a90 .reduce/and L_0xa4730b0;
L_0xa4756d0 .part L_0xa473040, 3, 1;
L_0xa475c10 .part L_0xa4730b0, 3, 1;
L_0xa475b30 .part L_0xa473040, 2, 1;
L_0xa475840 .part L_0xa4730b0, 3, 1;
L_0xa475cb0 .part L_0xa4730b0, 2, 1;
L_0xa476340 .part L_0xa473040, 1, 1;
L_0xa4767b0 .part L_0xa4730b0, 3, 1;
L_0xa476850 .part L_0xa4730b0, 2, 1;
L_0xa476650 .part L_0xa4730b0, 1, 1;
L_0xa476bf0 .part L_0xa473040, 0, 1;
S_0xa41b1b0 .scope module, "programCounter" "pc" 19 25, 20 3 0, S_0xa3d3310;
 .timescale -9 -12;
    .port_info 0 /INPUT 1 "i_clk";
    .port_info 1 /INPUT 1 "i_rst";
    .port_info 2 /INPUT 1 "i_stall";
    .port_info 3 /INPUT 32 "i_next";
    .port_info 4 /OUTPUT 32 "o_current";
P_0xa41b3b0 .param/l "RESET_ADDR" 0 20 4, C4<00000000000000000000000000000000>;
v0xa41b480_0 .net "i_clk", 0 0, v0xa43dc90_0;  alias, 1 drivers
v0xa41b520_0 .net "i_next", 31 0, L_0xa4537e0;  alias, 1 drivers
v0xa41b600_0 .net "i_rst", 0 0, v0xa453440_0;  alias, 1 drivers
v0xa41b6d0_0 .net "i_stall", 0 0, L_0xa491960;  alias, 1 drivers
v0xa41b770_0 .net "o_current", 31 0, v0xa41b810_0;  alias, 1 drivers
v0xa41b810_0 .var "register", 31 0;
S_0xa41c670 .scope module, "mem_wr_register" "mem_wr_reg" 3 376, 21 3 0, S_0x9ef1840;
 .timescale -9 -12;
    .port_info 0 /INPUT 1 "i_clk";
    .port_info 1 /INPUT 32 "i_instr";
    .port_info 2 /INPUT 32 "i_imem_raddr";
    .port_info 3 /INPUT 32 "i_pc";
    .port_info 4 /INPUT 5 "i_reg_rd_addr";
    .port_info 5 /INPUT 5 "i_reg_rs1_addr";
    .port_info 6 /INPUT 5 "i_reg_rs2_addr";
    .port_info 7 /INPUT 32 "i_reg_rs1_data";
    .port_info 8 /INPUT 32 "i_reg_rs2_data";
    .port_info 9 /INPUT 32 "i_immed";
    .port_info 10 /INPUT 3 "i_reg_wr_sel";
    .port_info 11 /INPUT 1 "i_reg_wr_en";
    .port_info 12 /INPUT 1 "i_halt_signal";
    .port_info 13 /INPUT 1 "i_trap_signal";
    .port_info 14 /INPUT 1 "i_stall";
    .port_info 15 /INPUT 6 "i_instr_format";
    .port_info 16 /INPUT 32 "i_alu_result";
    .port_info 17 /INPUT 32 "i_pc_immed";
    .port_info 18 /INPUT 32 "i_next_instr_addr";
    .port_info 19 /INPUT 32 "i_dmem_addr";
    .port_info 20 /INPUT 1 "i_dmem_ren";
    .port_info 21 /INPUT 1 "i_dmem_wen";
    .port_info 22 /INPUT 4 "i_dmem_mask";
    .port_info 23 /INPUT 32 "i_dmem_wdata";
    .port_info 24 /INPUT 32 "i_dmem_rdata";
    .port_info 25 /INPUT 32 "i_dmem_out";
    .port_info 26 /OUTPUT 32 "o_instr";
    .port_info 27 /OUTPUT 32 "o_imem_raddr";
    .port_info 28 /OUTPUT 32 "o_pc";
    .port_info 29 /OUTPUT 5 "o_reg_rd_addr";
    .port_info 30 /OUTPUT 5 "o_reg_rs1_addr";
    .port_info 31 /OUTPUT 5 "o_reg_rs2_addr";
    .port_info 32 /OUTPUT 32 "o_reg_rs1_data";
    .port_info 33 /OUTPUT 32 "o_reg_rs2_data";
    .port_info 34 /OUTPUT 32 "o_immed";
    .port_info 35 /OUTPUT 3 "o_reg_wr_sel";
    .port_info 36 /OUTPUT 1 "o_reg_wr_en";
    .port_info 37 /OUTPUT 1 "o_halt_signal";
    .port_info 38 /OUTPUT 1 "o_trap_signal";
    .port_info 39 /OUTPUT 1 "o_stall";
    .port_info 40 /OUTPUT 6 "o_instr_format";
    .port_info 41 /OUTPUT 32 "o_alu_result";
    .port_info 42 /OUTPUT 32 "o_pc_immed";
    .port_info 43 /OUTPUT 32 "o_next_instr_addr";
    .port_info 44 /OUTPUT 32 "o_dmem_addr";
    .port_info 45 /OUTPUT 1 "o_dmem_ren";
    .port_info 46 /OUTPUT 1 "o_dmem_wen";
    .port_info 47 /OUTPUT 4 "o_dmem_mask";
    .port_info 48 /OUTPUT 32 "o_dmem_wdata";
    .port_info 49 /OUTPUT 32 "o_dmem_rdata";
    .port_info 50 /OUTPUT 32 "o_dmem_out";
v0xa41ce70_0 .var "alu_result", 31 0;
v0xa41cf70_0 .var "dmem_addr", 31 0;
v0xa41d050_0 .var "dmem_mask", 3 0;
v0xa41d140_0 .var "dmem_out", 31 0;
v0xa41d220_0 .var "dmem_rdata", 31 0;
v0xa41d350_0 .var "dmem_ren", 0 0;
v0xa41d410_0 .var "dmem_wdata", 31 0;
v0xa41d4f0_0 .var "dmem_wen", 0 0;
v0xa41d5b0_0 .var "halt_signal", 0 0;
v0xa41d700_0 .net "i_alu_result", 31 0, v0xa367070_0;  alias, 1 drivers
v0xa41d7c0_0 .net "i_clk", 0 0, v0xa43dc90_0;  alias, 1 drivers
v0xa41d860_0 .net "i_dmem_addr", 31 0, L_0xa53ef20;  alias, 1 drivers
v0xa41d920_0 .net "i_dmem_mask", 3 0, L_0xa539ce0;  alias, 1 drivers
v0xa41da00_0 .net "i_dmem_out", 31 0, L_0xa545d90;  alias, 1 drivers
v0xa41dae0_0 .net "i_dmem_rdata", 31 0, v0xa448090_0;  alias, 1 drivers
v0xa41dbc0_0 .net "i_dmem_ren", 0 0, L_0xa53a890;  alias, 1 drivers
v0xa41dc80_0 .net "i_dmem_wdata", 31 0, L_0xa54bcf0;  alias, 1 drivers
v0xa41de70_0 .net "i_dmem_wen", 0 0, L_0xa53ed80;  alias, 1 drivers
v0xa41df30_0 .net "i_halt_signal", 0 0, L_0xa537770;  alias, 1 drivers
v0xa41e000_0 .net "i_imem_raddr", 31 0, L_0xa5370e0;  alias, 1 drivers
v0xa41e0d0_0 .net "i_immed", 31 0, L_0xa537440;  alias, 1 drivers
v0xa41e1a0_0 .net "i_instr", 31 0, L_0xa536870;  alias, 1 drivers
v0xa41e270_0 .net "i_instr_format", 5 0, L_0xa537a70;  alias, 1 drivers
v0xa41e340_0 .net "i_next_instr_addr", 31 0, L_0xa537ae0;  alias, 1 drivers
v0xa41e410_0 .net "i_pc", 31 0, L_0xa537150;  alias, 1 drivers
v0xa41e4e0_0 .net "i_pc_immed", 31 0, L_0xa537c10;  alias, 1 drivers
v0xa41e5b0_0 .net "i_reg_rd_addr", 4 0, v0x9d75d80_0;  alias, 1 drivers
v0xa41e650_0 .net "i_reg_rs1_addr", 4 0, L_0xa537230;  alias, 1 drivers
v0xa41e740_0 .net "i_reg_rs1_data", 31 0, L_0xa537310;  alias, 1 drivers
v0xa41e810_0 .net "i_reg_rs2_addr", 4 0, L_0xa5372a0;  alias, 1 drivers
v0xa41e8e0_0 .net "i_reg_rs2_data", 31 0, v0xa364410_0;  alias, 1 drivers
v0xa41e9b0_0 .net "i_reg_wr_en", 0 0, v0x9d05fb0_0;  alias, 1 drivers
v0xa41ea50_0 .net "i_reg_wr_sel", 2 0, L_0xa537620;  alias, 1 drivers
v0xa41ed30_0 .net "i_stall", 0 0, v0x9d38060_0;  alias, 1 drivers
v0xa41ee00_0 .net "i_trap_signal", 0 0, L_0xa537690;  alias, 1 drivers
v0xa41eed0_0 .var "imem_raddr", 31 0;
v0xa41ef70_0 .var "immed", 31 0;
v0xa41f030_0 .var "instr", 31 0;
v0xa41f110_0 .var "instr_format", 5 0;
v0xa41f1f0_0 .var "next_instr_addr", 31 0;
v0xa41f2d0_0 .net "o_alu_result", 31 0, v0xa41ce70_0;  alias, 1 drivers
v0xa41f3b0_0 .net "o_dmem_addr", 31 0, v0xa41cf70_0;  alias, 1 drivers
v0xa41f490_0 .net "o_dmem_mask", 3 0, v0xa41d050_0;  alias, 1 drivers
v0xa41f570_0 .net "o_dmem_out", 31 0, v0xa41d140_0;  alias, 1 drivers
v0xa41f650_0 .net "o_dmem_rdata", 31 0, v0xa41d220_0;  alias, 1 drivers
v0xa41f730_0 .net "o_dmem_ren", 0 0, v0xa41d350_0;  alias, 1 drivers
v0xa41f7f0_0 .net "o_dmem_wdata", 31 0, v0xa41d410_0;  alias, 1 drivers
v0xa41f8d0_0 .net "o_dmem_wen", 0 0, v0xa41d4f0_0;  alias, 1 drivers
v0xa41f990_0 .net "o_halt_signal", 0 0, v0xa41d5b0_0;  alias, 1 drivers
v0xa41fa50_0 .net8 "o_imem_raddr", 31 0, RS_0x7f41ebe83748;  alias, 2 drivers
v0xa41fb30_0 .net "o_immed", 31 0, v0xa41ef70_0;  alias, 1 drivers
v0xa41fc10_0 .net "o_instr", 31 0, v0xa41f030_0;  alias, 1 drivers
v0xa41fcf0_0 .net "o_instr_format", 5 0, v0xa41f110_0;  alias, 1 drivers
v0xa41fdd0_0 .net "o_next_instr_addr", 31 0, v0xa41f1f0_0;  alias, 1 drivers
v0xa41feb0_0 .net8 "o_pc", 31 0, RS_0x7f41ebe83748;  alias, 2 drivers
v0xa41ffa0_0 .net "o_pc_immed", 31 0, v0xa420cb0_0;  alias, 1 drivers
v0xa420060_0 .net "o_reg_rd_addr", 4 0, v0xa420d90_0;  alias, 1 drivers
v0xa420140_0 .net "o_reg_rs1_addr", 4 0, v0xa420e70_0;  alias, 1 drivers
v0xa420220_0 .net "o_reg_rs1_data", 31 0, v0xa420f50_0;  alias, 1 drivers
v0xa420300_0 .net "o_reg_rs2_addr", 4 0, v0xa421030_0;  alias, 1 drivers
v0xa4203e0_0 .net "o_reg_rs2_data", 31 0, v0xa421110_0;  alias, 1 drivers
v0xa4204c0_0 .net "o_reg_wr_en", 0 0, v0xa4211f0_0;  alias, 1 drivers
v0xa420560_0 .net "o_reg_wr_sel", 2 0, v0xa4212b0_0;  alias, 1 drivers
v0xa420640_0 .net "o_stall", 0 0, v0xa421390_0;  alias, 1 drivers
v0xa420700_0 .net "o_trap_signal", 0 0, v0xa421450_0;  alias, 1 drivers
v0xa420bd0_0 .var "pc", 31 0;
v0xa420cb0_0 .var "pc_immed", 31 0;
v0xa420d90_0 .var "reg_rd_addr", 4 0;
v0xa420e70_0 .var "reg_rs1_addr", 4 0;
v0xa420f50_0 .var "reg_rs1_data", 31 0;
v0xa421030_0 .var "reg_rs2_addr", 4 0;
v0xa421110_0 .var "reg_rs2_data", 31 0;
v0xa4211f0_0 .var "reg_wr_en", 0 0;
v0xa4212b0_0 .var "reg_wr_sel", 2 0;
v0xa421390_0 .var "stall", 0 0;
v0xa421450_0 .var "trap_signal", 0 0;
S_0xa421b70 .scope module, "memory" "mem" 3 332, 22 3 0, S_0x9ef1840;
 .timescale -9 -12;
    .port_info 0 /INPUT 1 "i_clk";
    .port_info 1 /INPUT 1 "i_rst";
    .port_info 2 /INPUT 1 "i_stall";
    .port_info 3 /OUTPUT 32 "o_dmem_addr";
    .port_info 4 /OUTPUT 1 "o_dmem_ren";
    .port_info 5 /OUTPUT 1 "o_dmem_wen";
    .port_info 6 /OUTPUT 32 "o_dmem_wdata";
    .port_info 7 /OUTPUT 4 "o_dmem_mask";
    .port_info 8 /INPUT 32 "i_dmem_rdata";
    .port_info 9 /INPUT 1 "i_dmem_rd_en";
    .port_info 10 /INPUT 1 "i_dmem_wr_en";
    .port_info 11 /INPUT 3 "i_funct3";
    .port_info 12 /INPUT 32 "i_alu_result";
    .port_info 13 /INPUT 32 "i_reg_rs2_data";
    .port_info 14 /OUTPUT 32 "o_dmem_out";
L_0xa539ce0 .functor BUFZ 4, L_0xa539330, C4<0000>, C4<0000>, C4<0000>;
L_0xa53a890 .functor AND 1, v0xa300d30_0, L_0xa53ec40, C4<1>, C4<1>;
L_0xa53ed80 .functor AND 1, v0x9ecb600_0, L_0xa53ece0, C4<1>, C4<1>;
L_0xa53fbe0 .functor AND 1, v0xa300d30_0, L_0xa544110, C4<1>, C4<1>;
L_0xa544360 .functor AND 1, v0xa300d30_0, L_0xa544200, C4<1>, C4<1>;
L_0xa544510 .functor AND 1, v0xa300d30_0, L_0xa544420, C4<1>, C4<1>;
L_0xa5442f0 .functor AND 1, v0xa300d30_0, L_0xa5445d0, C4<1>, C4<1>;
L_0xa544800 .functor AND 1, v0xa300d30_0, L_0xa544710, C4<1>, C4<1>;
v0xa42e970_0 .net *"_ivl_100", 31 0, L_0xa545710;  1 drivers
v0xa42ea70_0 .net *"_ivl_102", 31 0, L_0xa5458a0;  1 drivers
v0xa42eb50_0 .net *"_ivl_104", 31 0, L_0xa545c50;  1 drivers
v0xa42ec10_0 .net *"_ivl_15", 0 0, L_0xa53ec40;  1 drivers
v0xa42ecd0_0 .net *"_ivl_19", 0 0, L_0xa53ece0;  1 drivers
v0xa42ede0_0 .net *"_ivl_23", 29 0, L_0xa53ee80;  1 drivers
L_0x7f41eb9c5c38 .functor BUFT 1, C4<00>, C4<0>, C4<0>, C4<0>;
v0xa42eec0_0 .net/2u *"_ivl_24", 1 0, L_0x7f41eb9c5c38;  1 drivers
v0xa42efa0_0 .net *"_ivl_29", 1 0, L_0xa543ad0;  1 drivers
L_0x7f41eb9c5f50 .functor BUFT 1, C4<000>, C4<0>, C4<0>, C4<0>;
v0xa42f080_0 .net/2u *"_ivl_30", 2 0, L_0x7f41eb9c5f50;  1 drivers
L_0x7f41eb9c5fe0 .functor BUFT 1, C4<000>, C4<0>, C4<0>, C4<0>;
v0xa42f160_0 .net/2u *"_ivl_38", 2 0, L_0x7f41eb9c5fe0;  1 drivers
v0xa42f240_0 .net *"_ivl_40", 0 0, L_0xa544110;  1 drivers
L_0x7f41eb9c6028 .functor BUFT 1, C4<001>, C4<0>, C4<0>, C4<0>;
v0xa42f300_0 .net/2u *"_ivl_44", 2 0, L_0x7f41eb9c6028;  1 drivers
v0xa42f3e0_0 .net *"_ivl_46", 0 0, L_0xa544200;  1 drivers
v0xa42f4a0_0 .net *"_ivl_5", 1 0, L_0xa53e590;  1 drivers
L_0x7f41eb9c6070 .functor BUFT 1, C4<010>, C4<0>, C4<0>, C4<0>;
v0xa42f580_0 .net/2u *"_ivl_50", 2 0, L_0x7f41eb9c6070;  1 drivers
v0xa42f660_0 .net *"_ivl_52", 0 0, L_0xa544420;  1 drivers
L_0x7f41eb9c60b8 .functor BUFT 1, C4<100>, C4<0>, C4<0>, C4<0>;
v0xa42f720_0 .net/2u *"_ivl_56", 2 0, L_0x7f41eb9c60b8;  1 drivers
v0xa42f800_0 .net *"_ivl_58", 0 0, L_0xa5445d0;  1 drivers
L_0x7f41eb9c5b60 .functor BUFT 1, C4<000>, C4<0>, C4<0>, C4<0>;
v0xa42f8c0_0 .net/2u *"_ivl_6", 2 0, L_0x7f41eb9c5b60;  1 drivers
L_0x7f41eb9c6100 .functor BUFT 1, C4<101>, C4<0>, C4<0>, C4<0>;
v0xa42f9a0_0 .net/2u *"_ivl_62", 2 0, L_0x7f41eb9c6100;  1 drivers
v0xa42fa80_0 .net *"_ivl_64", 0 0, L_0xa544710;  1 drivers
v0xa42fb40_0 .net *"_ivl_69", 0 0, L_0xa544910;  1 drivers
v0xa42fc20_0 .net *"_ivl_71", 23 0, L_0xa544a90;  1 drivers
v0xa42fd00_0 .net *"_ivl_73", 7 0, L_0xa544b80;  1 drivers
v0xa42fde0_0 .net *"_ivl_74", 31 0, L_0xa544cc0;  1 drivers
v0xa42fec0_0 .net *"_ivl_77", 0 0, L_0xa544db0;  1 drivers
v0xa42ffa0_0 .net *"_ivl_79", 15 0, L_0xa544c20;  1 drivers
v0xa430080_0 .net *"_ivl_81", 15 0, L_0xa544f00;  1 drivers
v0xa430160_0 .net *"_ivl_82", 31 0, L_0xa544e50;  1 drivers
L_0x7f41eb9c6148 .functor BUFT 1, C4<000000000000000000000000>, C4<0>, C4<0>, C4<0>;
v0xa430240_0 .net/2u *"_ivl_84", 23 0, L_0x7f41eb9c6148;  1 drivers
v0xa430320_0 .net *"_ivl_87", 7 0, L_0xa545100;  1 drivers
v0xa430400_0 .net *"_ivl_88", 31 0, L_0xa544fa0;  1 drivers
L_0x7f41eb9c6190 .functor BUFT 1, C4<0000000000000000>, C4<0>, C4<0>, C4<0>;
v0xa4304e0_0 .net/2u *"_ivl_90", 15 0, L_0x7f41eb9c6190;  1 drivers
v0xa4305c0_0 .net *"_ivl_93", 15 0, L_0xa545310;  1 drivers
v0xa4306a0_0 .net *"_ivl_94", 31 0, L_0xa5451a0;  1 drivers
L_0x7f41eb9c61d8 .functor BUFT 1, C4<00000000000000000000000000000000>, C4<0>, C4<0>, C4<0>;
v0xa430780_0 .net/2u *"_ivl_96", 31 0, L_0x7f41eb9c61d8;  1 drivers
v0xa430860_0 .net *"_ivl_98", 31 0, L_0xa545530;  1 drivers
v0xa430940_0 .net "dmem_shifted_data", 31 0, L_0xa54bdb0;  1 drivers
v0xa430a00_0 .net "i_alu_result", 31 0, v0xa367070_0;  alias, 1 drivers
v0xa430aa0_0 .net "i_clk", 0 0, v0xa43dc90_0;  alias, 1 drivers
v0xa430b40_0 .net "i_dmem_rd_en", 0 0, v0xa300d30_0;  alias, 1 drivers
v0xa430be0_0 .net "i_dmem_rdata", 31 0, v0xa448090_0;  alias, 1 drivers
v0xa430cd0_0 .net "i_dmem_wr_en", 0 0, v0x9ecb600_0;  alias, 1 drivers
v0xa430dc0_0 .net "i_funct3", 2 0, v0x9f8e080_0;  alias, 1 drivers
v0xa430ed0_0 .net "i_reg_rs2_data", 31 0, v0xa364410_0;  alias, 1 drivers
v0xa430f90_0 .net "i_rst", 0 0, v0xa453440_0;  alias, 1 drivers
v0xa431030_0 .net "i_stall", 0 0, v0x9d38060_0;  alias, 1 drivers
v0xa431120_0 .net "mask", 3 0, L_0xa539330;  1 drivers
v0xa4311e0_0 .net "o_dmem_addr", 31 0, L_0xa53ef20;  alias, 1 drivers
v0xa431280_0 .net "o_dmem_mask", 3 0, L_0xa539ce0;  alias, 1 drivers
v0xa431320_0 .net "o_dmem_out", 31 0, L_0xa545d90;  alias, 1 drivers
v0xa4313c0_0 .net "o_dmem_ren", 0 0, L_0xa53a890;  alias, 1 drivers
v0xa431490_0 .net "o_dmem_wdata", 31 0, L_0xa54bcf0;  alias, 1 drivers
v0xa431580_0 .net "o_dmem_wen", 0 0, L_0xa53ed80;  alias, 1 drivers
v0xa431620_0 .net "sign_byte", 0 0, L_0xa53fbe0;  1 drivers
v0xa4316c0_0 .net "sign_half", 0 0, L_0xa544360;  1 drivers
v0xa431760_0 .net "word", 0 0, L_0xa544510;  1 drivers
v0xa431820_0 .net "zero_byte", 0 0, L_0xa5442f0;  1 drivers
v0xa4318e0_0 .net "zero_half", 0 0, L_0xa544800;  1 drivers
L_0xa539c40 .part v0xa367070_0, 0, 2;
L_0xa53e590 .part v0xa367070_0, 0, 2;
L_0xa53e8f0 .concat [ 3 2 0 0], L_0x7f41eb9c5b60, L_0xa53e590;
L_0xa53ec40 .reduce/nor v0x9d38060_0;
L_0xa53ece0 .reduce/nor v0x9d38060_0;
L_0xa53ee80 .part v0xa367070_0, 2, 30;
L_0xa53ef20 .concat [ 2 30 0 0], L_0x7f41eb9c5c38, L_0xa53ee80;
L_0xa543ad0 .part v0xa367070_0, 0, 2;
L_0xa543cd0 .concat [ 3 2 0 0], L_0x7f41eb9c5f50, L_0xa543ad0;
L_0xa544020 .part v0x9f8e080_0, 2, 1;
L_0xa544110 .cmp/eq 3, v0x9f8e080_0, L_0x7f41eb9c5fe0;
L_0xa544200 .cmp/eq 3, v0x9f8e080_0, L_0x7f41eb9c6028;
L_0xa544420 .cmp/eq 3, v0x9f8e080_0, L_0x7f41eb9c6070;
L_0xa5445d0 .cmp/eq 3, v0x9f8e080_0, L_0x7f41eb9c60b8;
L_0xa544710 .cmp/eq 3, v0x9f8e080_0, L_0x7f41eb9c6100;
L_0xa544910 .part L_0xa54bdb0, 7, 1;
L_0xa544a90 .repeat 24, 24, L_0xa544910;
L_0xa544b80 .part L_0xa54bdb0, 0, 8;
L_0xa544cc0 .concat [ 8 24 0 0], L_0xa544b80, L_0xa544a90;
L_0xa544db0 .part L_0xa54bdb0, 15, 1;
L_0xa544c20 .repeat 16, 16, L_0xa544db0;
L_0xa544f00 .part L_0xa54bdb0, 0, 16;
L_0xa544e50 .concat [ 16 16 0 0], L_0xa544f00, L_0xa544c20;
L_0xa545100 .part L_0xa54bdb0, 0, 8;
L_0xa544fa0 .concat [ 8 24 0 0], L_0xa545100, L_0x7f41eb9c6148;
L_0xa545310 .part L_0xa54bdb0, 0, 16;
L_0xa5451a0 .concat [ 16 16 0 0], L_0xa545310, L_0x7f41eb9c6190;
L_0xa545530 .functor MUXZ 32, L_0x7f41eb9c61d8, L_0xa5451a0, L_0xa544800, C4<>;
L_0xa545710 .functor MUXZ 32, L_0xa545530, L_0xa544fa0, L_0xa5442f0, C4<>;
L_0xa5458a0 .functor MUXZ 32, L_0xa545710, v0xa448090_0, L_0xa544510, C4<>;
L_0xa545c50 .functor MUXZ 32, L_0xa5458a0, L_0xa544e50, L_0xa544360, C4<>;
L_0xa545d90 .functor MUXZ 32, L_0xa545c50, L_0xa544cc0, L_0xa53fbe0, C4<>;
S_0xa421d50 .scope module, "memoryControl" "memCntr" 22 31, 23 3 0, S_0xa421b70;
 .timescale -9 -12;
    .port_info 0 /INPUT 3 "i_funct3";
    .port_info 1 /INPUT 2 "i_pos";
    .port_info 2 /INPUT 1 "is_store";
    .port_info 3 /OUTPUT 4 "o_dmem_mask";
L_0xa537fb0 .functor AND 1, L_0xa537dd0, L_0xa537f10, C4<1>, C4<1>;
L_0xa538310 .functor AND 1, L_0xa538020, L_0xa538270, C4<1>, C4<1>;
L_0xa5383d0 .functor OR 1, L_0xa5380c0, L_0xa538310, C4<0>, C4<0>;
L_0xa538670 .functor AND 1, L_0xa537fb0, L_0xa5384e0, C4<1>, C4<1>;
L_0xa538780 .functor OR 1, L_0xa5383d0, L_0xa538670, C4<0>, C4<0>;
L_0xa538980 .functor AND 1, L_0xa538020, L_0xa538890, C4<1>, C4<1>;
L_0xa538a40 .functor OR 1, L_0xa5380c0, L_0xa538980, C4<0>, C4<0>;
L_0xa538ba0 .functor AND 1, L_0xa537fb0, L_0xa538b00, C4<1>, C4<1>;
L_0xa538c60 .functor OR 1, L_0xa538a40, L_0xa538ba0, C4<0>, C4<0>;
L_0xa538e60 .functor AND 1, L_0xa538020, L_0xa538d70, C4<1>, C4<1>;
L_0xa538f60 .functor OR 1, L_0xa5380c0, L_0xa538e60, C4<0>, C4<0>;
L_0xa539100 .functor AND 1, L_0xa537fb0, L_0xa539060, C4<1>, C4<1>;
L_0xa539270 .functor OR 1, L_0xa538f60, L_0xa539100, C4<0>, C4<0>;
L_0xa539600 .functor AND 1, L_0xa538020, L_0xa539510, C4<1>, C4<1>;
L_0xa539200 .functor OR 1, L_0xa5380c0, L_0xa539600, C4<0>, C4<0>;
L_0xa539990 .functor AND 1, L_0xa537fb0, L_0xa539790, C4<1>, C4<1>;
L_0xa539ae0 .functor OR 1, L_0xa539200, L_0xa539990, C4<0>, C4<0>;
v0xa421f50_0 .net *"_ivl_1", 0 0, L_0xa537d30;  1 drivers
L_0x7f41eb9c5650 .functor BUFT 1, C4<00>, C4<0>, C4<0>, C4<0>;
v0xa422050_0 .net/2u *"_ivl_16", 1 0, L_0x7f41eb9c5650;  1 drivers
v0xa422130_0 .net *"_ivl_18", 0 0, L_0xa538270;  1 drivers
v0xa422200_0 .net *"_ivl_20", 0 0, L_0xa538310;  1 drivers
v0xa4222e0_0 .net *"_ivl_22", 0 0, L_0xa5383d0;  1 drivers
L_0x7f41eb9c5698 .functor BUFT 1, C4<00>, C4<0>, C4<0>, C4<0>;
v0xa422410_0 .net/2u *"_ivl_24", 1 0, L_0x7f41eb9c5698;  1 drivers
v0xa4224f0_0 .net *"_ivl_26", 0 0, L_0xa5384e0;  1 drivers
v0xa4225b0_0 .net *"_ivl_28", 0 0, L_0xa538670;  1 drivers
v0xa422690_0 .net *"_ivl_3", 0 0, L_0xa537dd0;  1 drivers
v0xa4227e0_0 .net *"_ivl_30", 0 0, L_0xa538780;  1 drivers
L_0x7f41eb9c56e0 .functor BUFT 1, C4<00>, C4<0>, C4<0>, C4<0>;
v0xa4228c0_0 .net/2u *"_ivl_34", 1 0, L_0x7f41eb9c56e0;  1 drivers
v0xa4229a0_0 .net *"_ivl_36", 0 0, L_0xa538890;  1 drivers
v0xa422a60_0 .net *"_ivl_38", 0 0, L_0xa538980;  1 drivers
v0xa422b40_0 .net *"_ivl_40", 0 0, L_0xa538a40;  1 drivers
L_0x7f41eb9c5728 .functor BUFT 1, C4<01>, C4<0>, C4<0>, C4<0>;
v0xa422c20_0 .net/2u *"_ivl_42", 1 0, L_0x7f41eb9c5728;  1 drivers
v0xa422d00_0 .net *"_ivl_44", 0 0, L_0xa538b00;  1 drivers
v0xa422dc0_0 .net *"_ivl_46", 0 0, L_0xa538ba0;  1 drivers
v0xa422ea0_0 .net *"_ivl_48", 0 0, L_0xa538c60;  1 drivers
v0xa422f80_0 .net *"_ivl_5", 0 0, L_0xa537e70;  1 drivers
L_0x7f41eb9c5770 .functor BUFT 1, C4<10>, C4<0>, C4<0>, C4<0>;
v0xa423060_0 .net/2u *"_ivl_52", 1 0, L_0x7f41eb9c5770;  1 drivers
v0xa423140_0 .net *"_ivl_54", 0 0, L_0xa538d70;  1 drivers
v0xa423200_0 .net *"_ivl_56", 0 0, L_0xa538e60;  1 drivers
v0xa4232e0_0 .net *"_ivl_58", 0 0, L_0xa538f60;  1 drivers
L_0x7f41eb9c57b8 .functor BUFT 1, C4<10>, C4<0>, C4<0>, C4<0>;
v0xa4233c0_0 .net/2u *"_ivl_60", 1 0, L_0x7f41eb9c57b8;  1 drivers
v0xa4234a0_0 .net *"_ivl_62", 0 0, L_0xa539060;  1 drivers
v0xa423560_0 .net *"_ivl_64", 0 0, L_0xa539100;  1 drivers
v0xa423640_0 .net *"_ivl_66", 0 0, L_0xa539270;  1 drivers
v0xa423720_0 .net *"_ivl_7", 0 0, L_0xa537f10;  1 drivers
L_0x7f41eb9c5800 .functor BUFT 1, C4<10>, C4<0>, C4<0>, C4<0>;
v0xa4237e0_0 .net/2u *"_ivl_71", 1 0, L_0x7f41eb9c5800;  1 drivers
v0xa4238c0_0 .net *"_ivl_73", 0 0, L_0xa539510;  1 drivers
v0xa423980_0 .net *"_ivl_75", 0 0, L_0xa539600;  1 drivers
v0xa423a60_0 .net *"_ivl_77", 0 0, L_0xa539200;  1 drivers
L_0x7f41eb9c5848 .functor BUFT 1, C4<11>, C4<0>, C4<0>, C4<0>;
v0xa423b40_0 .net/2u *"_ivl_79", 1 0, L_0x7f41eb9c5848;  1 drivers
v0xa423c20_0 .net *"_ivl_81", 0 0, L_0xa539790;  1 drivers
v0xa423ce0_0 .net *"_ivl_83", 0 0, L_0xa539990;  1 drivers
v0xa423dc0_0 .net *"_ivl_85", 0 0, L_0xa539ae0;  1 drivers
v0xa423ea0_0 .net "i_funct3", 2 0, v0x9f8e080_0;  alias, 1 drivers
v0xa423f60_0 .net "i_pos", 1 0, L_0xa539c40;  1 drivers
v0xa424020_0 .net "is_byte", 0 0, L_0xa537fb0;  1 drivers
v0xa4240e0_0 .net "is_half", 0 0, L_0xa538020;  1 drivers
v0xa4241a0_0 .net "is_store", 0 0, v0x9ecb600_0;  alias, 1 drivers
v0xa424270_0 .net "is_word", 0 0, L_0xa5380c0;  1 drivers
v0xa424310_0 .net "o_dmem_mask", 3 0, L_0xa539330;  alias, 1 drivers
L_0xa537d30 .part v0x9f8e080_0, 0, 1;
L_0xa537dd0 .reduce/nor L_0xa537d30;
L_0xa537e70 .part v0x9f8e080_0, 1, 1;
L_0xa537f10 .reduce/nor L_0xa537e70;
L_0xa538020 .part v0x9f8e080_0, 0, 1;
L_0xa5380c0 .part v0x9f8e080_0, 1, 1;
L_0xa538270 .cmp/eq 2, L_0xa539c40, L_0x7f41eb9c5650;
L_0xa5384e0 .cmp/eq 2, L_0xa539c40, L_0x7f41eb9c5698;
L_0xa538890 .cmp/eq 2, L_0xa539c40, L_0x7f41eb9c56e0;
L_0xa538b00 .cmp/eq 2, L_0xa539c40, L_0x7f41eb9c5728;
L_0xa538d70 .cmp/eq 2, L_0xa539c40, L_0x7f41eb9c5770;
L_0xa539060 .cmp/eq 2, L_0xa539c40, L_0x7f41eb9c57b8;
L_0xa539330 .concat8 [ 1 1 1 1], L_0xa538780, L_0xa538c60, L_0xa539270, L_0xa539ae0;
L_0xa539510 .cmp/eq 2, L_0xa539c40, L_0x7f41eb9c5800;
L_0xa539790 .cmp/eq 2, L_0xa539c40, L_0x7f41eb9c5848;
S_0xa4244a0 .scope module, "memoryLoadShifter" "shifter" 22 56, 10 3 0, S_0xa421b70;
 .timescale -9 -12;
    .port_info 0 /INPUT 32 "val";
    .port_info 1 /INPUT 5 "shamt";
    .port_info 2 /INPUT 1 "shift_right";
    .port_info 3 /INPUT 1 "shift_arith";
    .port_info 4 /OUTPUT 32 "shifted_val";
L_0xa54bdb0 .functor BUFT 32, L_0xa5436c0, C4<00000000000000000000000000000000>, C4<00000000000000000000000000000000>, C4<00000000000000000000000000000000>;
v0xa424700_0 .net *"_ivl_1", 0 0, L_0xa53f050;  1 drivers
v0xa4247e0_0 .net *"_ivl_101", 0 0, L_0xa5419e0;  1 drivers
v0xa4248c0_0 .net *"_ivl_103", 0 0, L_0xa541cc0;  1 drivers
v0xa4249b0_0 .net *"_ivl_105", 30 0, L_0xa541b70;  1 drivers
v0xa424a90_0 .net *"_ivl_106", 31 0, L_0xa541c10;  1 drivers
v0xa424bc0_0 .net *"_ivl_11", 0 0, L_0xa53f410;  1 drivers
v0xa424ca0_0 .net *"_ivl_111", 0 0, L_0xa5420d0;  1 drivers
v0xa424d80_0 .net *"_ivl_113", 0 0, L_0xa541f60;  1 drivers
v0xa424e60_0 .net *"_ivl_115", 1 0, L_0xa542000;  1 drivers
v0xa424f40_0 .net *"_ivl_117", 29 0, L_0xa542170;  1 drivers
v0xa425020_0 .net *"_ivl_118", 31 0, L_0xa5424d0;  1 drivers
v0xa425100_0 .net *"_ivl_123", 0 0, L_0xa542760;  1 drivers
v0xa4251e0_0 .net *"_ivl_125", 0 0, L_0xa5425c0;  1 drivers
v0xa4252c0_0 .net *"_ivl_127", 3 0, L_0xa542660;  1 drivers
v0xa4253a0_0 .net *"_ivl_129", 27 0, L_0xa5429c0;  1 drivers
v0xa425480_0 .net *"_ivl_13", 29 0, L_0xa53f500;  1 drivers
v0xa425560_0 .net *"_ivl_130", 31 0, L_0xa542a60;  1 drivers
v0xa425640_0 .net *"_ivl_135", 0 0, L_0xa542d70;  1 drivers
v0xa425720_0 .net *"_ivl_137", 0 0, L_0xa542ba0;  1 drivers
v0xa425800_0 .net *"_ivl_139", 7 0, L_0xa542c40;  1 drivers
L_0x7f41eb9c5cc8 .functor BUFT 1, C4<00>, C4<0>, C4<0>, C4<0>;
v0xa4258e0_0 .net/2u *"_ivl_14", 1 0, L_0x7f41eb9c5cc8;  1 drivers
v0xa4259c0_0 .net *"_ivl_141", 23 0, L_0xa543000;  1 drivers
v0xa425aa0_0 .net *"_ivl_142", 31 0, L_0xa5430a0;  1 drivers
v0xa425b80_0 .net *"_ivl_147", 0 0, L_0xa542f50;  1 drivers
v0xa425c60_0 .net *"_ivl_149", 0 0, L_0xa5433f0;  1 drivers
v0xa425d40_0 .net *"_ivl_151", 15 0, L_0xa543490;  1 drivers
v0xa425e20_0 .net *"_ivl_153", 15 0, L_0xa5431e0;  1 drivers
v0xa425f00_0 .net *"_ivl_154", 31 0, L_0xa5432d0;  1 drivers
v0xa425fe0_0 .net *"_ivl_16", 31 0, L_0xa53f5f0;  1 drivers
v0xa4260c0_0 .net *"_ivl_21", 0 0, L_0xa53f8c0;  1 drivers
v0xa4261a0_0 .net *"_ivl_23", 27 0, L_0xa53f960;  1 drivers
L_0x7f41eb9c5d10 .functor BUFT 1, C4<0000>, C4<0>, C4<0>, C4<0>;
v0xa426280_0 .net/2u *"_ivl_24", 3 0, L_0x7f41eb9c5d10;  1 drivers
v0xa426360_0 .net *"_ivl_26", 31 0, L_0xa53fa50;  1 drivers
v0xa426650_0 .net *"_ivl_3", 30 0, L_0xa53f0f0;  1 drivers
v0xa426730_0 .net *"_ivl_31", 0 0, L_0xa53fcf0;  1 drivers
v0xa426810_0 .net *"_ivl_33", 23 0, L_0xa53fe20;  1 drivers
L_0x7f41eb9c5d58 .functor BUFT 1, C4<00000000>, C4<0>, C4<0>, C4<0>;
v0xa4268f0_0 .net/2u *"_ivl_34", 7 0, L_0x7f41eb9c5d58;  1 drivers
v0xa4269d0_0 .net *"_ivl_36", 31 0, L_0xa53fec0;  1 drivers
L_0x7f41eb9c5c80 .functor BUFT 1, C4<0>, C4<0>, C4<0>, C4<0>;
v0xa426ab0_0 .net/2u *"_ivl_4", 0 0, L_0x7f41eb9c5c80;  1 drivers
v0xa426b90_0 .net *"_ivl_41", 0 0, L_0xa5401d0;  1 drivers
v0xa426c70_0 .net *"_ivl_43", 15 0, L_0xa540270;  1 drivers
L_0x7f41eb9c5da0 .functor BUFT 1, C4<0000000000000000>, C4<0>, C4<0>, C4<0>;
v0xa426d50_0 .net/2u *"_ivl_44", 15 0, L_0x7f41eb9c5da0;  1 drivers
v0xa426e30_0 .net *"_ivl_46", 31 0, L_0xa540400;  1 drivers
v0xa426f10_0 .net *"_ivl_51", 0 0, L_0xa540640;  1 drivers
L_0x7f41eb9c5de8 .functor BUFT 1, C4<0>, C4<0>, C4<0>, C4<0>;
v0xa426ff0_0 .net/2u *"_ivl_52", 0 0, L_0x7f41eb9c5de8;  1 drivers
v0xa4270d0_0 .net *"_ivl_55", 30 0, L_0xa5406e0;  1 drivers
v0xa4271b0_0 .net *"_ivl_56", 31 0, L_0xa540590;  1 drivers
v0xa427290_0 .net *"_ivl_6", 31 0, L_0xa53f190;  1 drivers
v0xa427370_0 .net *"_ivl_61", 0 0, L_0xa540a50;  1 drivers
L_0x7f41eb9c5e30 .functor BUFT 1, C4<00>, C4<0>, C4<0>, C4<0>;
v0xa427450_0 .net/2u *"_ivl_62", 1 0, L_0x7f41eb9c5e30;  1 drivers
v0xa427530_0 .net *"_ivl_65", 29 0, L_0xa540af0;  1 drivers
v0xa427610_0 .net *"_ivl_66", 31 0, L_0xa540980;  1 drivers
v0xa4276f0_0 .net *"_ivl_71", 0 0, L_0xa540ef0;  1 drivers
L_0x7f41eb9c5e78 .functor BUFT 1, C4<0000>, C4<0>, C4<0>, C4<0>;
v0xa4277d0_0 .net/2u *"_ivl_72", 3 0, L_0x7f41eb9c5e78;  1 drivers
v0xa4278b0_0 .net *"_ivl_75", 27 0, L_0xa540f90;  1 drivers
v0xa427990_0 .net *"_ivl_76", 31 0, L_0xa540e00;  1 drivers
v0xa427a70_0 .net *"_ivl_81", 0 0, L_0xa541380;  1 drivers
L_0x7f41eb9c5ec0 .functor BUFT 1, C4<00000000>, C4<0>, C4<0>, C4<0>;
v0xa427b50_0 .net/2u *"_ivl_82", 7 0, L_0x7f41eb9c5ec0;  1 drivers
v0xa427c30_0 .net *"_ivl_85", 23 0, L_0xa541420;  1 drivers
v0xa427d10_0 .net *"_ivl_86", 31 0, L_0xa541270;  1 drivers
v0xa427df0_0 .net *"_ivl_91", 0 0, L_0xa541800;  1 drivers
L_0x7f41eb9c5f08 .functor BUFT 1, C4<0000000000000000>, C4<0>, C4<0>, C4<0>;
v0xa427ed0_0 .net/2u *"_ivl_92", 15 0, L_0x7f41eb9c5f08;  1 drivers
v0xa427fb0_0 .net *"_ivl_95", 15 0, L_0xa5418a0;  1 drivers
v0xa428090_0 .net *"_ivl_96", 31 0, L_0xa5416d0;  1 drivers
v0xa428170_0 .net "shamt", 4 0, L_0xa543cd0;  1 drivers
v0xa428660_0 .net "shift_arith", 0 0, L_0xa544020;  1 drivers
v0xa428720_0 .net "shift_l1", 31 0, L_0xa53f2d0;  1 drivers
v0xa428800_0 .net "shift_l2", 31 0, L_0xa53f730;  1 drivers
v0xa4288e0_0 .net "shift_l3", 31 0, L_0xa53fb40;  1 drivers
v0xa4289c0_0 .net "shift_l4", 31 0, L_0xa540000;  1 drivers
v0xa428aa0_0 .net "shift_l5", 31 0, L_0xa5404f0;  1 drivers
v0xa428b80_0 .net "shift_ra1", 31 0, L_0xa541d60;  1 drivers
v0xa428c60_0 .net "shift_ra2", 31 0, L_0xa542340;  1 drivers
v0xa428d40_0 .net "shift_ra3", 31 0, L_0xa542800;  1 drivers
v0xa428e20_0 .net "shift_ra4", 31 0, L_0xa542e10;  1 drivers
v0xa428f00_0 .net "shift_ra5", 31 0, L_0xa543580;  1 drivers
v0xa428fe0_0 .net "shift_rf", 31 0, L_0xa5436c0;  1 drivers
L_0x7f41eb9c5f98 .functor BUFT 1, C4<1>, C4<0>, C4<0>, C4<0>;
v0xa4290c0_0 .net "shift_right", 0 0, L_0x7f41eb9c5f98;  1 drivers
v0xa429180_0 .net "shift_rl1", 31 0, L_0xa5408e0;  1 drivers
v0xa429260_0 .net "shift_rl2", 31 0, L_0xa540d60;  1 drivers
v0xa429340_0 .net "shift_rl3", 31 0, L_0xa5411d0;  1 drivers
v0xa429420_0 .net "shift_rl4", 31 0, L_0xa541630;  1 drivers
v0xa429500_0 .net "shift_rl5", 31 0, L_0xa541ad0;  1 drivers
v0xa4295e0_0 .net "shifted_val", 31 0, L_0xa54bdb0;  alias, 1 drivers
v0xa4296c0_0 .net "val", 31 0, v0xa448090_0;  alias, 1 drivers
L_0xa53f050 .part L_0xa543cd0, 0, 1;
L_0xa53f0f0 .part v0xa448090_0, 0, 31;
L_0xa53f190 .concat [ 1 31 0 0], L_0x7f41eb9c5c80, L_0xa53f0f0;
L_0xa53f2d0 .functor MUXZ 32, v0xa448090_0, L_0xa53f190, L_0xa53f050, C4<>;
L_0xa53f410 .part L_0xa543cd0, 1, 1;
L_0xa53f500 .part L_0xa53f2d0, 0, 30;
L_0xa53f5f0 .concat [ 2 30 0 0], L_0x7f41eb9c5cc8, L_0xa53f500;
L_0xa53f730 .functor MUXZ 32, L_0xa53f2d0, L_0xa53f5f0, L_0xa53f410, C4<>;
L_0xa53f8c0 .part L_0xa543cd0, 2, 1;
L_0xa53f960 .part L_0xa53f730, 0, 28;
L_0xa53fa50 .concat [ 4 28 0 0], L_0x7f41eb9c5d10, L_0xa53f960;
L_0xa53fb40 .functor MUXZ 32, L_0xa53f730, L_0xa53fa50, L_0xa53f8c0, C4<>;
L_0xa53fcf0 .part L_0xa543cd0, 3, 1;
L_0xa53fe20 .part L_0xa53fb40, 0, 24;
L_0xa53fec0 .concat [ 8 24 0 0], L_0x7f41eb9c5d58, L_0xa53fe20;
L_0xa540000 .functor MUXZ 32, L_0xa53fb40, L_0xa53fec0, L_0xa53fcf0, C4<>;
L_0xa5401d0 .part L_0xa543cd0, 4, 1;
L_0xa540270 .part L_0xa540000, 0, 16;
L_0xa540400 .concat [ 16 16 0 0], L_0x7f41eb9c5da0, L_0xa540270;
L_0xa5404f0 .functor MUXZ 32, L_0xa540000, L_0xa540400, L_0xa5401d0, C4<>;
L_0xa540640 .part L_0xa543cd0, 0, 1;
L_0xa5406e0 .part v0xa448090_0, 1, 31;
L_0xa540590 .concat [ 31 1 0 0], L_0xa5406e0, L_0x7f41eb9c5de8;
L_0xa5408e0 .functor MUXZ 32, v0xa448090_0, L_0xa540590, L_0xa540640, C4<>;
L_0xa540a50 .part L_0xa543cd0, 1, 1;
L_0xa540af0 .part L_0xa5408e0, 2, 30;
L_0xa540980 .concat [ 30 2 0 0], L_0xa540af0, L_0x7f41eb9c5e30;
L_0xa540d60 .functor MUXZ 32, L_0xa5408e0, L_0xa540980, L_0xa540a50, C4<>;
L_0xa540ef0 .part L_0xa543cd0, 2, 1;
L_0xa540f90 .part L_0xa540d60, 4, 28;
L_0xa540e00 .concat [ 28 4 0 0], L_0xa540f90, L_0x7f41eb9c5e78;
L_0xa5411d0 .functor MUXZ 32, L_0xa540d60, L_0xa540e00, L_0xa540ef0, C4<>;
L_0xa541380 .part L_0xa543cd0, 3, 1;
L_0xa541420 .part L_0xa5411d0, 8, 24;
L_0xa541270 .concat [ 24 8 0 0], L_0xa541420, L_0x7f41eb9c5ec0;
L_0xa541630 .functor MUXZ 32, L_0xa5411d0, L_0xa541270, L_0xa541380, C4<>;
L_0xa541800 .part L_0xa543cd0, 4, 1;
L_0xa5418a0 .part L_0xa541630, 16, 16;
L_0xa5416d0 .concat [ 16 16 0 0], L_0xa5418a0, L_0x7f41eb9c5f08;
L_0xa541ad0 .functor MUXZ 32, L_0xa541630, L_0xa5416d0, L_0xa541800, C4<>;
L_0xa5419e0 .part L_0xa543cd0, 0, 1;
L_0xa541cc0 .part v0xa448090_0, 31, 1;
L_0xa541b70 .part v0xa448090_0, 1, 31;
L_0xa541c10 .concat [ 31 1 0 0], L_0xa541b70, L_0xa541cc0;
L_0xa541d60 .functor MUXZ 32, v0xa448090_0, L_0xa541c10, L_0xa5419e0, C4<>;
L_0xa5420d0 .part L_0xa543cd0, 1, 1;
L_0xa541f60 .part v0xa448090_0, 31, 1;
L_0xa542000 .repeat 2, 2, L_0xa541f60;
L_0xa542170 .part L_0xa541d60, 2, 30;
L_0xa5424d0 .concat [ 30 2 0 0], L_0xa542170, L_0xa542000;
L_0xa542340 .functor MUXZ 32, L_0xa541d60, L_0xa5424d0, L_0xa5420d0, C4<>;
L_0xa542760 .part L_0xa543cd0, 2, 1;
L_0xa5425c0 .part v0xa448090_0, 31, 1;
L_0xa542660 .repeat 4, 4, L_0xa5425c0;
L_0xa5429c0 .part L_0xa542340, 4, 28;
L_0xa542a60 .concat [ 28 4 0 0], L_0xa5429c0, L_0xa542660;
L_0xa542800 .functor MUXZ 32, L_0xa542340, L_0xa542a60, L_0xa542760, C4<>;
L_0xa542d70 .part L_0xa543cd0, 3, 1;
L_0xa542ba0 .part v0xa448090_0, 31, 1;
L_0xa542c40 .repeat 8, 8, L_0xa542ba0;
L_0xa543000 .part L_0xa542800, 8, 24;
L_0xa5430a0 .concat [ 24 8 0 0], L_0xa543000, L_0xa542c40;
L_0xa542e10 .functor MUXZ 32, L_0xa542800, L_0xa5430a0, L_0xa542d70, C4<>;
L_0xa542f50 .part L_0xa543cd0, 4, 1;
L_0xa5433f0 .part v0xa448090_0, 31, 1;
L_0xa543490 .repeat 16, 16, L_0xa5433f0;
L_0xa5431e0 .part L_0xa542e10, 16, 16;
L_0xa5432d0 .concat [ 16 16 0 0], L_0xa5431e0, L_0xa543490;
L_0xa543580 .functor MUXZ 32, L_0xa542e10, L_0xa5432d0, L_0xa542f50, C4<>;
L_0xa5436c0 .functor MUXZ 32, L_0xa541ad0, L_0xa543580, L_0xa544020, C4<>;
S_0xa429830 .scope module, "memoryWriteShifter" "shifter" 22 41, 10 3 0, S_0xa421b70;
 .timescale -9 -12;
    .port_info 0 /INPUT 32 "val";
    .port_info 1 /INPUT 5 "shamt";
    .port_info 2 /INPUT 1 "shift_right";
    .port_info 3 /INPUT 1 "shift_arith";
    .port_info 4 /OUTPUT 32 "shifted_val";
L_0xa54b950 .functor BUFT 32, L_0xa53c9a0, C4<00000000000000000000000000000000>, C4<00000000000000000000000000000000>, C4<00000000000000000000000000000000>;
L_0xa54bcf0 .functor BUFT 32, L_0xa53b1a0, C4<00000000000000000000000000000000>, C4<00000000000000000000000000000000>, C4<00000000000000000000000000000000>;
v0xa429aa0_0 .net *"_ivl_1", 0 0, L_0xa539d50;  1 drivers
v0xa429b80_0 .net *"_ivl_101", 0 0, L_0xa53c8b0;  1 drivers
v0xa429c60_0 .net *"_ivl_103", 0 0, L_0xa53cb90;  1 drivers
v0xa429d50_0 .net *"_ivl_105", 30 0, L_0xa53ca40;  1 drivers
v0xa429e30_0 .net *"_ivl_106", 31 0, L_0xa53cae0;  1 drivers
v0xa429f60_0 .net *"_ivl_11", 0 0, L_0xa53a0c0;  1 drivers
v0xa42a040_0 .net *"_ivl_111", 0 0, L_0xa53cfa0;  1 drivers
v0xa42a120_0 .net *"_ivl_113", 0 0, L_0xa53ce30;  1 drivers
v0xa42a200_0 .net *"_ivl_115", 1 0, L_0xa53ced0;  1 drivers
v0xa42a2e0_0 .net *"_ivl_117", 29 0, L_0xa53d040;  1 drivers
v0xa42a3c0_0 .net *"_ivl_118", 31 0, L_0xa53d3a0;  1 drivers
v0xa42a4a0_0 .net *"_ivl_123", 0 0, L_0xa53d630;  1 drivers
v0xa42a580_0 .net *"_ivl_125", 0 0, L_0xa53d490;  1 drivers
v0xa42a660_0 .net *"_ivl_127", 3 0, L_0xa53d530;  1 drivers
v0xa42a740_0 .net *"_ivl_129", 27 0, L_0xa53d890;  1 drivers
v0xa42a820_0 .net *"_ivl_13", 29 0, L_0xa53a1b0;  1 drivers
v0xa42a900_0 .net *"_ivl_130", 31 0, L_0xa53d930;  1 drivers
v0xa42a9e0_0 .net *"_ivl_135", 0 0, L_0xa53dc40;  1 drivers
v0xa42aac0_0 .net *"_ivl_137", 0 0, L_0xa53da70;  1 drivers
v0xa42aba0_0 .net *"_ivl_139", 7 0, L_0xa53db10;  1 drivers
L_0x7f41eb9c58d8 .functor BUFT 1, C4<00>, C4<0>, C4<0>, C4<0>;
v0xa42ac80_0 .net/2u *"_ivl_14", 1 0, L_0x7f41eb9c58d8;  1 drivers
v0xa42ad60_0 .net *"_ivl_141", 23 0, L_0xa53ded0;  1 drivers
v0xa42ae40_0 .net *"_ivl_142", 31 0, L_0xa53df70;  1 drivers
v0xa42af20_0 .net *"_ivl_147", 0 0, L_0xa53de20;  1 drivers
v0xa42b000_0 .net *"_ivl_149", 0 0, L_0xa53e2c0;  1 drivers
v0xa42b0e0_0 .net *"_ivl_151", 15 0, L_0xa53e360;  1 drivers
v0xa42b1c0_0 .net *"_ivl_153", 15 0, L_0xa53e0b0;  1 drivers
v0xa42b2a0_0 .net *"_ivl_154", 31 0, L_0xa53e1a0;  1 drivers
v0xa42b380_0 .net *"_ivl_16", 31 0, L_0xa53a2a0;  1 drivers
v0xa42b460_0 .net *"_ivl_21", 0 0, L_0xa53a570;  1 drivers
v0xa42b540_0 .net *"_ivl_23", 27 0, L_0xa53a610;  1 drivers
L_0x7f41eb9c5920 .functor BUFT 1, C4<0000>, C4<0>, C4<0>, C4<0>;
v0xa42b620_0 .net/2u *"_ivl_24", 3 0, L_0x7f41eb9c5920;  1 drivers
v0xa42b700_0 .net *"_ivl_26", 31 0, L_0xa53a700;  1 drivers
v0xa42b7e0_0 .net *"_ivl_3", 30 0, L_0xa539df0;  1 drivers
v0xa42b8c0_0 .net *"_ivl_31", 0 0, L_0xa53a9a0;  1 drivers
v0xa42b9a0_0 .net *"_ivl_33", 23 0, L_0xa53aad0;  1 drivers
L_0x7f41eb9c5968 .functor BUFT 1, C4<00000000>, C4<0>, C4<0>, C4<0>;
v0xa42ba80_0 .net/2u *"_ivl_34", 7 0, L_0x7f41eb9c5968;  1 drivers
v0xa42bb60_0 .net *"_ivl_36", 31 0, L_0xa53ab70;  1 drivers
L_0x7f41eb9c5890 .functor BUFT 1, C4<0>, C4<0>, C4<0>, C4<0>;
v0xa42bc40_0 .net/2u *"_ivl_4", 0 0, L_0x7f41eb9c5890;  1 drivers
v0xa42bd20_0 .net *"_ivl_41", 0 0, L_0xa53ae80;  1 drivers
v0xa42be00_0 .net *"_ivl_43", 15 0, L_0xa53af20;  1 drivers
L_0x7f41eb9c59b0 .functor BUFT 1, C4<0000000000000000>, C4<0>, C4<0>, C4<0>;
v0xa42bee0_0 .net/2u *"_ivl_44", 15 0, L_0x7f41eb9c59b0;  1 drivers
v0xa42bfc0_0 .net *"_ivl_46", 31 0, L_0xa53b0b0;  1 drivers
v0xa42c0a0_0 .net *"_ivl_51", 0 0, L_0xa53b2f0;  1 drivers
L_0x7f41eb9c59f8 .functor BUFT 1, C4<0>, C4<0>, C4<0>, C4<0>;
v0xa42c180_0 .net/2u *"_ivl_52", 0 0, L_0x7f41eb9c59f8;  1 drivers
v0xa42c260_0 .net *"_ivl_55", 30 0, L_0xa53b390;  1 drivers
v0xa42c340_0 .net *"_ivl_56", 31 0, L_0xa53b240;  1 drivers
v0xa42c420_0 .net *"_ivl_6", 31 0, L_0xa539e90;  1 drivers
v0xa42c500_0 .net *"_ivl_61", 0 0, L_0xa53b810;  1 drivers
L_0x7f41eb9c5a40 .functor BUFT 1, C4<00>, C4<0>, C4<0>, C4<0>;
v0xa42c5e0_0 .net/2u *"_ivl_62", 1 0, L_0x7f41eb9c5a40;  1 drivers
v0xa42c6c0_0 .net *"_ivl_65", 29 0, L_0xa53b8b0;  1 drivers
v0xa42c7a0_0 .net *"_ivl_66", 31 0, L_0xa53b740;  1 drivers
v0xa42c880_0 .net *"_ivl_71", 0 0, L_0xa53bcb0;  1 drivers
L_0x7f41eb9c5a88 .functor BUFT 1, C4<0000>, C4<0>, C4<0>, C4<0>;
v0xa42c960_0 .net/2u *"_ivl_72", 3 0, L_0x7f41eb9c5a88;  1 drivers
v0xa42ca40_0 .net *"_ivl_75", 27 0, L_0xa53be60;  1 drivers
v0xa42cb20_0 .net *"_ivl_76", 31 0, L_0xa53bbc0;  1 drivers
v0xa42cc00_0 .net *"_ivl_81", 0 0, L_0xa53c250;  1 drivers
L_0x7f41eb9c5ad0 .functor BUFT 1, C4<00000000>, C4<0>, C4<0>, C4<0>;
v0xa42cce0_0 .net/2u *"_ivl_82", 7 0, L_0x7f41eb9c5ad0;  1 drivers
v0xa42cdc0_0 .net *"_ivl_85", 23 0, L_0xa53c2f0;  1 drivers
v0xa42cea0_0 .net *"_ivl_86", 31 0, L_0xa53c140;  1 drivers
v0xa42cf80_0 .net *"_ivl_91", 0 0, L_0xa53c6d0;  1 drivers
L_0x7f41eb9c5b18 .functor BUFT 1, C4<0000000000000000>, C4<0>, C4<0>, C4<0>;
v0xa42d060_0 .net/2u *"_ivl_92", 15 0, L_0x7f41eb9c5b18;  1 drivers
v0xa42d140_0 .net *"_ivl_95", 15 0, L_0xa53c770;  1 drivers
v0xa42d220_0 .net *"_ivl_96", 31 0, L_0xa53c5a0;  1 drivers
v0xa42d300_0 .net "shamt", 4 0, L_0xa53e8f0;  1 drivers
L_0x7f41eb9c5bf0 .functor BUFT 1, C4<0>, C4<0>, C4<0>, C4<0>;
v0xa42d7f0_0 .net "shift_arith", 0 0, L_0x7f41eb9c5bf0;  1 drivers
v0xa42d8b0_0 .net "shift_l1", 31 0, L_0xa539f80;  1 drivers
v0xa42d990_0 .net "shift_l2", 31 0, L_0xa53a3e0;  1 drivers
v0xa42da70_0 .net "shift_l3", 31 0, L_0xa53a7f0;  1 drivers
v0xa42db50_0 .net "shift_l4", 31 0, L_0xa53acb0;  1 drivers
v0xa42dc30_0 .net "shift_l5", 31 0, L_0xa53b1a0;  1 drivers
v0xa42dd10_0 .net "shift_ra1", 31 0, L_0xa53cc30;  1 drivers
v0xa42ddf0_0 .net "shift_ra2", 31 0, L_0xa53d210;  1 drivers
v0xa42ded0_0 .net "shift_ra3", 31 0, L_0xa53d6d0;  1 drivers
v0xa42dfb0_0 .net "shift_ra4", 31 0, L_0xa53dce0;  1 drivers
v0xa42e090_0 .net "shift_ra5", 31 0, L_0xa53e450;  1 drivers
v0xa42e170_0 .net "shift_rf", 31 0, L_0xa54b950;  1 drivers
L_0x7f41eb9c5ba8 .functor BUFT 1, C4<0>, C4<0>, C4<0>, C4<0>;
v0xa42e250_0 .net "shift_right", 0 0, L_0x7f41eb9c5ba8;  1 drivers
v0xa42e310_0 .net "shift_rl1", 31 0, L_0xa53b6a0;  1 drivers
v0xa42e3f0_0 .net "shift_rl2", 31 0, L_0xa53bb20;  1 drivers
v0xa42e4d0_0 .net "shift_rl3", 31 0, L_0xa53c0a0;  1 drivers
v0xa42e5b0_0 .net "shift_rl4", 31 0, L_0xa53c500;  1 drivers
v0xa42e690_0 .net "shift_rl5", 31 0, L_0xa53c9a0;  1 drivers
v0xa42e770_0 .net "shifted_val", 31 0, L_0xa54bcf0;  alias, 1 drivers
v0xa42e830_0 .net "val", 31 0, v0xa364410_0;  alias, 1 drivers
L_0xa539d50 .part L_0xa53e8f0, 0, 1;
L_0xa539df0 .part v0xa364410_0, 0, 31;
L_0xa539e90 .concat [ 1 31 0 0], L_0x7f41eb9c5890, L_0xa539df0;
L_0xa539f80 .functor MUXZ 32, v0xa364410_0, L_0xa539e90, L_0xa539d50, C4<>;
L_0xa53a0c0 .part L_0xa53e8f0, 1, 1;
L_0xa53a1b0 .part L_0xa539f80, 0, 30;
L_0xa53a2a0 .concat [ 2 30 0 0], L_0x7f41eb9c58d8, L_0xa53a1b0;
L_0xa53a3e0 .functor MUXZ 32, L_0xa539f80, L_0xa53a2a0, L_0xa53a0c0, C4<>;
L_0xa53a570 .part L_0xa53e8f0, 2, 1;
L_0xa53a610 .part L_0xa53a3e0, 0, 28;
L_0xa53a700 .concat [ 4 28 0 0], L_0x7f41eb9c5920, L_0xa53a610;
L_0xa53a7f0 .functor MUXZ 32, L_0xa53a3e0, L_0xa53a700, L_0xa53a570, C4<>;
L_0xa53a9a0 .part L_0xa53e8f0, 3, 1;
L_0xa53aad0 .part L_0xa53a7f0, 0, 24;
L_0xa53ab70 .concat [ 8 24 0 0], L_0x7f41eb9c5968, L_0xa53aad0;
L_0xa53acb0 .functor MUXZ 32, L_0xa53a7f0, L_0xa53ab70, L_0xa53a9a0, C4<>;
L_0xa53ae80 .part L_0xa53e8f0, 4, 1;
L_0xa53af20 .part L_0xa53acb0, 0, 16;
L_0xa53b0b0 .concat [ 16 16 0 0], L_0x7f41eb9c59b0, L_0xa53af20;
L_0xa53b1a0 .functor MUXZ 32, L_0xa53acb0, L_0xa53b0b0, L_0xa53ae80, C4<>;
L_0xa53b2f0 .part L_0xa53e8f0, 0, 1;
L_0xa53b390 .part v0xa364410_0, 1, 31;
L_0xa53b240 .concat [ 31 1 0 0], L_0xa53b390, L_0x7f41eb9c59f8;
L_0xa53b6a0 .functor MUXZ 32, v0xa364410_0, L_0xa53b240, L_0xa53b2f0, C4<>;
L_0xa53b810 .part L_0xa53e8f0, 1, 1;
L_0xa53b8b0 .part L_0xa53b6a0, 2, 30;
L_0xa53b740 .concat [ 30 2 0 0], L_0xa53b8b0, L_0x7f41eb9c5a40;
L_0xa53bb20 .functor MUXZ 32, L_0xa53b6a0, L_0xa53b740, L_0xa53b810, C4<>;
L_0xa53bcb0 .part L_0xa53e8f0, 2, 1;
L_0xa53be60 .part L_0xa53bb20, 4, 28;
L_0xa53bbc0 .concat [ 28 4 0 0], L_0xa53be60, L_0x7f41eb9c5a88;
L_0xa53c0a0 .functor MUXZ 32, L_0xa53bb20, L_0xa53bbc0, L_0xa53bcb0, C4<>;
L_0xa53c250 .part L_0xa53e8f0, 3, 1;
L_0xa53c2f0 .part L_0xa53c0a0, 8, 24;
L_0xa53c140 .concat [ 24 8 0 0], L_0xa53c2f0, L_0x7f41eb9c5ad0;
L_0xa53c500 .functor MUXZ 32, L_0xa53c0a0, L_0xa53c140, L_0xa53c250, C4<>;
L_0xa53c6d0 .part L_0xa53e8f0, 4, 1;
L_0xa53c770 .part L_0xa53c500, 16, 16;
L_0xa53c5a0 .concat [ 16 16 0 0], L_0xa53c770, L_0x7f41eb9c5b18;
L_0xa53c9a0 .functor MUXZ 32, L_0xa53c500, L_0xa53c5a0, L_0xa53c6d0, C4<>;
L_0xa53c8b0 .part L_0xa53e8f0, 0, 1;
L_0xa53cb90 .part v0xa364410_0, 31, 1;
L_0xa53ca40 .part v0xa364410_0, 1, 31;
L_0xa53cae0 .concat [ 31 1 0 0], L_0xa53ca40, L_0xa53cb90;
L_0xa53cc30 .functor MUXZ 32, v0xa364410_0, L_0xa53cae0, L_0xa53c8b0, C4<>;
L_0xa53cfa0 .part L_0xa53e8f0, 1, 1;
L_0xa53ce30 .part v0xa364410_0, 31, 1;
L_0xa53ced0 .repeat 2, 2, L_0xa53ce30;
L_0xa53d040 .part L_0xa53cc30, 2, 30;
L_0xa53d3a0 .concat [ 30 2 0 0], L_0xa53d040, L_0xa53ced0;
L_0xa53d210 .functor MUXZ 32, L_0xa53cc30, L_0xa53d3a0, L_0xa53cfa0, C4<>;
L_0xa53d630 .part L_0xa53e8f0, 2, 1;
L_0xa53d490 .part v0xa364410_0, 31, 1;
L_0xa53d530 .repeat 4, 4, L_0xa53d490;
L_0xa53d890 .part L_0xa53d210, 4, 28;
L_0xa53d930 .concat [ 28 4 0 0], L_0xa53d890, L_0xa53d530;
L_0xa53d6d0 .functor MUXZ 32, L_0xa53d210, L_0xa53d930, L_0xa53d630, C4<>;
L_0xa53dc40 .part L_0xa53e8f0, 3, 1;
L_0xa53da70 .part v0xa364410_0, 31, 1;
L_0xa53db10 .repeat 8, 8, L_0xa53da70;
L_0xa53ded0 .part L_0xa53d6d0, 8, 24;
L_0xa53df70 .concat [ 24 8 0 0], L_0xa53ded0, L_0xa53db10;
L_0xa53dce0 .functor MUXZ 32, L_0xa53d6d0, L_0xa53df70, L_0xa53dc40, C4<>;
L_0xa53de20 .part L_0xa53e8f0, 4, 1;
L_0xa53e2c0 .part v0xa364410_0, 31, 1;
L_0xa53e360 .repeat 16, 16, L_0xa53e2c0;
L_0xa53e0b0 .part L_0xa53dce0, 16, 16;
L_0xa53e1a0 .concat [ 16 16 0 0], L_0xa53e0b0, L_0xa53e360;
L_0xa53e450 .functor MUXZ 32, L_0xa53dce0, L_0xa53e1a0, L_0xa53de20, C4<>;
S_0xa431c00 .scope module, "writeBack" "wrBack" 3 441, 24 3 0, S_0x9ef1840;
 .timescale -9 -12;
    .port_info 0 /INPUT 1 "i_clk";
    .port_info 1 /INPUT 1 "i_rst";
    .port_info 2 /INPUT 3 "i_reg_wr_sel";
    .port_info 3 /INPUT 32 "i_alu_result";
    .port_info 4 /INPUT 32 "i_shifted_mem_data";
    .port_info 5 /INPUT 32 "i_pc_immed";
    .port_info 6 /INPUT 32 "i_immed";
    .port_info 7 /INPUT 32 "i_next_pc_addr";
    .port_info 8 /OUTPUT 32 "o_wr_back_data";
L_0x7f41eb9c6220 .functor BUFT 1, C4<000>, C4<0>, C4<0>, C4<0>;
v0xa431de0_0 .net/2u *"_ivl_0", 2 0, L_0x7f41eb9c6220;  1 drivers
v0xa431ee0_0 .net *"_ivl_10", 0 0, L_0xa5471d0;  1 drivers
L_0x7f41eb9c62f8 .functor BUFT 1, C4<011>, C4<0>, C4<0>, C4<0>;
v0xa431fa0_0 .net/2u *"_ivl_12", 2 0, L_0x7f41eb9c62f8;  1 drivers
v0xa432090_0 .net *"_ivl_14", 0 0, L_0xa5472c0;  1 drivers
L_0x7f41eb9c6340 .functor BUFT 1, C4<100>, C4<0>, C4<0>, C4<0>;
v0xa432150_0 .net/2u *"_ivl_16", 2 0, L_0x7f41eb9c6340;  1 drivers
v0xa432280_0 .net *"_ivl_18", 0 0, L_0xa5473b0;  1 drivers
v0xa432340_0 .net *"_ivl_2", 0 0, L_0xa547090;  1 drivers
L_0x7f41eb9c6388 .functor BUFT 1, C4<00000000000000000000000000000000>, C4<0>, C4<0>, C4<0>;
v0xa432400_0 .net/2u *"_ivl_20", 31 0, L_0x7f41eb9c6388;  1 drivers
v0xa4324e0_0 .net *"_ivl_22", 31 0, L_0xa5474a0;  1 drivers
v0xa432650_0 .net *"_ivl_24", 31 0, L_0xa5475e0;  1 drivers
v0xa432730_0 .net *"_ivl_26", 31 0, L_0xa5476d0;  1 drivers
v0xa432810_0 .net *"_ivl_28", 31 0, L_0xa5478a0;  1 drivers
L_0x7f41eb9c6268 .functor BUFT 1, C4<001>, C4<0>, C4<0>, C4<0>;
v0xa4328f0_0 .net/2u *"_ivl_4", 2 0, L_0x7f41eb9c6268;  1 drivers
v0xa4329d0_0 .net *"_ivl_6", 0 0, L_0xa547130;  1 drivers
L_0x7f41eb9c62b0 .functor BUFT 1, C4<010>, C4<0>, C4<0>, C4<0>;
v0xa432a90_0 .net/2u *"_ivl_8", 2 0, L_0x7f41eb9c62b0;  1 drivers
v0xa432b70_0 .net "i_alu_result", 31 0, v0xa41ce70_0;  alias, 1 drivers
v0xa432c30_0 .net "i_clk", 0 0, v0xa43dc90_0;  alias, 1 drivers
v0xa432cd0_0 .net "i_immed", 31 0, v0xa41ef70_0;  alias, 1 drivers
v0xa432da0_0 .net "i_next_pc_addr", 31 0, v0xa41f1f0_0;  alias, 1 drivers
v0xa432e70_0 .net "i_pc_immed", 31 0, v0xa420cb0_0;  alias, 1 drivers
v0xa432f40_0 .net "i_reg_wr_sel", 2 0, v0xa4212b0_0;  alias, 1 drivers
v0xa433010_0 .net "i_rst", 0 0, v0xa453440_0;  alias, 1 drivers
v0xa4330b0_0 .net "i_shifted_mem_data", 31 0, v0xa41d140_0;  alias, 1 drivers
v0xa433180_0 .net "o_wr_back_data", 31 0, L_0xa547a20;  alias, 1 drivers
L_0xa547090 .cmp/eq 3, v0xa4212b0_0, L_0x7f41eb9c6220;
L_0xa547130 .cmp/eq 3, v0xa4212b0_0, L_0x7f41eb9c6268;
L_0xa5471d0 .cmp/eq 3, v0xa4212b0_0, L_0x7f41eb9c62b0;
L_0xa5472c0 .cmp/eq 3, v0xa4212b0_0, L_0x7f41eb9c62f8;
L_0xa5473b0 .cmp/eq 3, v0xa4212b0_0, L_0x7f41eb9c6340;
L_0xa5474a0 .functor MUXZ 32, L_0x7f41eb9c6388, v0xa41f1f0_0, L_0xa5473b0, C4<>;
L_0xa5475e0 .functor MUXZ 32, L_0xa5474a0, v0xa420cb0_0, L_0xa5472c0, C4<>;
L_0xa5476d0 .functor MUXZ 32, L_0xa5475e0, v0xa41ef70_0, L_0xa5471d0, C4<>;
L_0xa5478a0 .functor MUXZ 32, L_0xa5476d0, v0xa41d140_0, L_0xa547130, C4<>;
L_0xa547a20 .functor MUXZ 32, L_0xa5478a0, v0xa41ce70_0, L_0xa547090, C4<>;
    .scope S_0xa41b1b0;
T_0 ;
    %wait E_0x9d2f2b0;
    %load/vec4 v0xa41b600_0;
    %flag_set/vec4 8;
    %jmp/0xz  T_0.0, 8;
    %pushi/vec4 0, 0, 32;
    %assign/vec4 v0xa41b810_0, 0;
    %jmp T_0.1;
T_0.0 ;
    %load/vec4 v0xa41b6d0_0;
    %nor/r;
    %flag_set/vec4 8;
    %jmp/0xz  T_0.2, 8;
    %load/vec4 v0xa41b520_0;
    %assign/vec4 v0xa41b810_0, 0;
T_0.2 ;
T_0.1 ;
    %jmp T_0;
    .thread T_0;
    .scope S_0xa3c3b00;
T_1 ;
    %wait E_0x9d2f2b0;
    %load/vec4 v0xa3c3ed0_0;
    %assign/vec4 v0xa3c42b0_0, 0;
    %load/vec4 v0xa3c3df0_0;
    %assign/vec4 v0xa3c41d0_0, 0;
    %load/vec4 v0xa3c3fc0_0;
    %assign/vec4 v0xa3c46c0_0, 0;
    %load/vec4 v0xa3c40a0_0;
    %assign/vec4 v0xa3c4780_0, 0;
    %jmp T_1;
    .thread T_1;
    .scope S_0xa3cea30;
T_2 ;
    %wait E_0x9d2f2b0;
    %load/vec4 v0xa3d06d0_0;
    %flag_set/vec4 8;
    %jmp/0xz  T_2.0, 8;
    %pushi/vec4 0, 0, 32;
    %ix/load 3, 0, 0;
    %flag_set/imm 4, 0;
    %ix/load 4, 0, 0; Constant delay
    %assign/vec4/a/d v0xa3d0af0, 0, 4;
    %pushi/vec4 0, 0, 32;
    %ix/load 3, 1, 0;
    %flag_set/imm 4, 0;
    %ix/load 4, 0, 0; Constant delay
    %assign/vec4/a/d v0xa3d0af0, 0, 4;
    %pushi/vec4 0, 0, 32;
    %ix/load 3, 2, 0;
    %flag_set/imm 4, 0;
    %ix/load 4, 0, 0; Constant delay
    %assign/vec4/a/d v0xa3d0af0, 0, 4;
    %pushi/vec4 0, 0, 32;
    %ix/load 3, 3, 0;
    %flag_set/imm 4, 0;
    %ix/load 4, 0, 0; Constant delay
    %assign/vec4/a/d v0xa3d0af0, 0, 4;
    %pushi/vec4 0, 0, 32;
    %ix/load 3, 4, 0;
    %flag_set/imm 4, 0;
    %ix/load 4, 0, 0; Constant delay
    %assign/vec4/a/d v0xa3d0af0, 0, 4;
    %pushi/vec4 0, 0, 32;
    %ix/load 3, 5, 0;
    %flag_set/imm 4, 0;
    %ix/load 4, 0, 0; Constant delay
    %assign/vec4/a/d v0xa3d0af0, 0, 4;
    %pushi/vec4 0, 0, 32;
    %ix/load 3, 6, 0;
    %flag_set/imm 4, 0;
    %ix/load 4, 0, 0; Constant delay
    %assign/vec4/a/d v0xa3d0af0, 0, 4;
    %pushi/vec4 0, 0, 32;
    %ix/load 3, 7, 0;
    %flag_set/imm 4, 0;
    %ix/load 4, 0, 0; Constant delay
    %assign/vec4/a/d v0xa3d0af0, 0, 4;
    %pushi/vec4 0, 0, 32;
    %ix/load 3, 8, 0;
    %flag_set/imm 4, 0;
    %ix/load 4, 0, 0; Constant delay
    %assign/vec4/a/d v0xa3d0af0, 0, 4;
    %pushi/vec4 0, 0, 32;
    %ix/load 3, 9, 0;
    %flag_set/imm 4, 0;
    %ix/load 4, 0, 0; Constant delay
    %assign/vec4/a/d v0xa3d0af0, 0, 4;
    %pushi/vec4 0, 0, 32;
    %ix/load 3, 10, 0;
    %flag_set/imm 4, 0;
    %ix/load 4, 0, 0; Constant delay
    %assign/vec4/a/d v0xa3d0af0, 0, 4;
    %pushi/vec4 0, 0, 32;
    %ix/load 3, 11, 0;
    %flag_set/imm 4, 0;
    %ix/load 4, 0, 0; Constant delay
    %assign/vec4/a/d v0xa3d0af0, 0, 4;
    %pushi/vec4 0, 0, 32;
    %ix/load 3, 12, 0;
    %flag_set/imm 4, 0;
    %ix/load 4, 0, 0; Constant delay
    %assign/vec4/a/d v0xa3d0af0, 0, 4;
    %pushi/vec4 0, 0, 32;
    %ix/load 3, 13, 0;
    %flag_set/imm 4, 0;
    %ix/load 4, 0, 0; Constant delay
    %assign/vec4/a/d v0xa3d0af0, 0, 4;
    %pushi/vec4 0, 0, 32;
    %ix/load 3, 14, 0;
    %flag_set/imm 4, 0;
    %ix/load 4, 0, 0; Constant delay
    %assign/vec4/a/d v0xa3d0af0, 0, 4;
    %pushi/vec4 0, 0, 32;
    %ix/load 3, 15, 0;
    %flag_set/imm 4, 0;
    %ix/load 4, 0, 0; Constant delay
    %assign/vec4/a/d v0xa3d0af0, 0, 4;
    %pushi/vec4 0, 0, 32;
    %ix/load 3, 16, 0;
    %flag_set/imm 4, 0;
    %ix/load 4, 0, 0; Constant delay
    %assign/vec4/a/d v0xa3d0af0, 0, 4;
    %pushi/vec4 0, 0, 32;
    %ix/load 3, 17, 0;
    %flag_set/imm 4, 0;
    %ix/load 4, 0, 0; Constant delay
    %assign/vec4/a/d v0xa3d0af0, 0, 4;
    %pushi/vec4 0, 0, 32;
    %ix/load 3, 18, 0;
    %flag_set/imm 4, 0;
    %ix/load 4, 0, 0; Constant delay
    %assign/vec4/a/d v0xa3d0af0, 0, 4;
    %pushi/vec4 0, 0, 32;
    %ix/load 3, 19, 0;
    %flag_set/imm 4, 0;
    %ix/load 4, 0, 0; Constant delay
    %assign/vec4/a/d v0xa3d0af0, 0, 4;
    %pushi/vec4 0, 0, 32;
    %ix/load 3, 20, 0;
    %flag_set/imm 4, 0;
    %ix/load 4, 0, 0; Constant delay
    %assign/vec4/a/d v0xa3d0af0, 0, 4;
    %pushi/vec4 0, 0, 32;
    %ix/load 3, 21, 0;
    %flag_set/imm 4, 0;
    %ix/load 4, 0, 0; Constant delay
    %assign/vec4/a/d v0xa3d0af0, 0, 4;
    %pushi/vec4 0, 0, 32;
    %ix/load 3, 22, 0;
    %flag_set/imm 4, 0;
    %ix/load 4, 0, 0; Constant delay
    %assign/vec4/a/d v0xa3d0af0, 0, 4;
    %pushi/vec4 0, 0, 32;
    %ix/load 3, 23, 0;
    %flag_set/imm 4, 0;
    %ix/load 4, 0, 0; Constant delay
    %assign/vec4/a/d v0xa3d0af0, 0, 4;
    %pushi/vec4 0, 0, 32;
    %ix/load 3, 24, 0;
    %flag_set/imm 4, 0;
    %ix/load 4, 0, 0; Constant delay
    %assign/vec4/a/d v0xa3d0af0, 0, 4;
    %pushi/vec4 0, 0, 32;
    %ix/load 3, 25, 0;
    %flag_set/imm 4, 0;
    %ix/load 4, 0, 0; Constant delay
    %assign/vec4/a/d v0xa3d0af0, 0, 4;
    %pushi/vec4 0, 0, 32;
    %ix/load 3, 26, 0;
    %flag_set/imm 4, 0;
    %ix/load 4, 0, 0; Constant delay
    %assign/vec4/a/d v0xa3d0af0, 0, 4;
    %pushi/vec4 0, 0, 32;
    %ix/load 3, 27, 0;
    %flag_set/imm 4, 0;
    %ix/load 4, 0, 0; Constant delay
    %assign/vec4/a/d v0xa3d0af0, 0, 4;
    %pushi/vec4 0, 0, 32;
    %ix/load 3, 28, 0;
    %flag_set/imm 4, 0;
    %ix/load 4, 0, 0; Constant delay
    %assign/vec4/a/d v0xa3d0af0, 0, 4;
    %pushi/vec4 0, 0, 32;
    %ix/load 3, 29, 0;
    %flag_set/imm 4, 0;
    %ix/load 4, 0, 0; Constant delay
    %assign/vec4/a/d v0xa3d0af0, 0, 4;
    %pushi/vec4 0, 0, 32;
    %ix/load 3, 30, 0;
    %flag_set/imm 4, 0;
    %ix/load 4, 0, 0; Constant delay
    %assign/vec4/a/d v0xa3d0af0, 0, 4;
    %pushi/vec4 0, 0, 32;
    %ix/load 3, 31, 0;
    %flag_set/imm 4, 0;
    %ix/load 4, 0, 0; Constant delay
    %assign/vec4/a/d v0xa3d0af0, 0, 4;
    %jmp T_2.1;
T_2.0 ;
    %load/vec4 v0xa3d0480_0;
    %load/vec4 v0xa3d02c0_0;
    %pushi/vec4 0, 0, 5;
    %cmp/ne;
    %flag_get/vec4 4;
    %and;
    %flag_set/vec4 8;
    %jmp/0xz  T_2.2, 8;
    %load/vec4 v0xa3d03a0_0;
    %load/vec4 v0xa3d02c0_0;
    %pad/u 7;
    %ix/vec4 3;
    %ix/load 4, 0, 0; Constant delay
    %assign/vec4/a/d v0xa3d0af0, 0, 4;
T_2.2 ;
T_2.1 ;
    %jmp T_2;
    .thread T_2;
    .scope S_0xa3be3d0;
T_3 ;
    %wait E_0x9d2f2b0;
    %load/vec4 v0xa3c0000_0;
    %assign/vec4 v0xa3c1050_0, 0;
    %load/vec4 v0xa3bfe40_0;
    %assign/vec4 v0xa3c0e90_0, 0;
    %load/vec4 v0xa3c0340_0;
    %assign/vec4 v0xa3c2b40_0, 0;
    %load/vec4 v0xa3c0420_0;
    %assign/vec4 v0xa3c2be0_0, 0;
    %load/vec4 v0xa3c0500_0;
    %assign/vec4 v0xa3c2ca0_0, 0;
    %load/vec4 v0xa3c05e0_0;
    %assign/vec4 v0xa3c2d80_0, 0;
    %load/vec4 v0xa3c07a0_0;
    %assign/vec4 v0xa3c2f40_0, 0;
    %load/vec4 v0xa3c06c0_0;
    %assign/vec4 v0xa3c2e60_0, 0;
    %load/vec4 v0xa3c0a90_0;
    %assign/vec4 v0xa3c3020_0, 0;
    %load/vec4 v0xa3bff20_0;
    %assign/vec4 v0xa3c0f70_0, 0;
    %load/vec4 v0xa3bf630_0;
    %assign/vec4 v0xa3bee20_0, 0;
    %load/vec4 v0xa3bf570_0;
    %assign/vec4 v0xa3bed60_0, 0;
    %load/vec4 v0xa3bf7d0_0;
    %assign/vec4 v0xa3befa0_0, 0;
    %load/vec4 v0xa3bf710_0;
    %assign/vec4 v0xa3beee0_0, 0;
    %load/vec4 v0xa3bf4b0_0;
    %assign/vec4 v0xa3beca0_0, 0;
    %load/vec4 v0xa3c0280_0;
    %assign/vec4 v0xa3c12d0_0, 0;
    %load/vec4 v0xa3c01c0_0;
    %assign/vec4 v0xa3c1210_0, 0;
    %load/vec4 v0xa3bfb00_0;
    %assign/vec4 v0xa3bf170_0, 0;
    %load/vec4 v0xa3bf930_0;
    %assign/vec4 v0xa3bf0b0_0, 0;
    %load/vec4 v0xa3c0c30_0;
    %assign/vec4 v0xa3c31c0_0, 0;
    %load/vec4 v0xa3c0b70_0;
    %assign/vec4 v0xa3c3100_0, 0;
    %load/vec4 v0xa3bfd80_0;
    %assign/vec4 v0xa3bf3f0_0, 0;
    %load/vec4 v0xa3c0dd0_0;
    %assign/vec4 v0xa3c3360_0, 0;
    %load/vec4 v0xa3c0d10_0;
    %assign/vec4 v0xa3c32a0_0, 0;
    %load/vec4 v0xa3bfbc0_0;
    %assign/vec4 v0xa3bf230_0, 0;
    %load/vec4 v0xa3bfca0_0;
    %assign/vec4 v0xa3bf310_0, 0;
    %load/vec4 v0xa3c00e0_0;
    %assign/vec4 v0xa3c1130_0, 0;
    %jmp T_3;
    .thread T_3;
    .scope S_0x9f05a70;
T_4 ;
    %wait E_0x9d2f2b0;
    %load/vec4 v0xa369570_0;
    %assign/vec4 v0xa286a90_0, 0;
    %load/vec4 v0xa365ba0_0;
    %assign/vec4 v0xa243340_0, 0;
    %load/vec4 v0x9f7e040_0;
    %assign/vec4 v0xa00d1c0_0, 0;
    %load/vec4 v0x9f04f80_0;
    %assign/vec4 v0x9d75d80_0, 0;
    %load/vec4 v0x9f191b0_0;
    %assign/vec4 v0x9e14450_0, 0;
    %load/vec4 v0x9f5c7f0_0;
    %assign/vec4 v0x9e06520_0, 0;
    %load/vec4 v0x9f485c0_0;
    %assign/vec4 v0x9e20c80_0, 0;
    %load/vec4 v0x9f70a20_0;
    %assign/vec4 v0xa364410_0, 0;
    %load/vec4 v0xa369250_0;
    %assign/vec4 v0xa272860_0, 0;
    %load/vec4 v0x9f7d4c0_0;
    %assign/vec4 v0x9ecb600_0, 0;
    %load/vec4 v0xa347f30_0;
    %assign/vec4 v0xa300d30_0, 0;
    %load/vec4 v0xa11ea70_0;
    %assign/vec4 v0x9d3da00_0, 0;
    %load/vec4 v0xa2a2b30_0;
    %assign/vec4 v0x9d05fb0_0, 0;
    %load/vec4 v0xa2b13b0_0;
    %assign/vec4 v0x9f7f520_0, 0;
    %load/vec4 v0xa22f110_0;
    %assign/vec4 v0xa2af550_0, 0;
    %load/vec4 v0xa21aee0_0;
    %assign/vec4 v0x9d38060_0, 0;
    %load/vec4 v0xa2f90a0_0;
    %assign/vec4 v0x9f8e080_0, 0;
    %load/vec4 v0xa369730_0;
    %assign/vec4 v0xa29acc0_0, 0;
    %load/vec4 v0x9fbe6a0_0;
    %assign/vec4 v0xa367070_0, 0;
    %load/vec4 v0x9ef0d50_0;
    %assign/vec4 v0xa03c5d0_0, 0;
    %load/vec4 v0x9f78890_0;
    %assign/vec4 v0xa116c00_0, 0;
    %jmp T_4;
    .thread T_4;
    .scope S_0xa41c670;
T_5 ;
    %wait E_0x9d2f2b0;
    %load/vec4 v0xa41e1a0_0;
    %assign/vec4 v0xa41f030_0, 0;
    %load/vec4 v0xa41e000_0;
    %assign/vec4 v0xa41eed0_0, 0;
    %load/vec4 v0xa41e410_0;
    %assign/vec4 v0xa420bd0_0, 0;
    %load/vec4 v0xa41e5b0_0;
    %assign/vec4 v0xa420d90_0, 0;
    %load/vec4 v0xa41e650_0;
    %assign/vec4 v0xa420e70_0, 0;
    %load/vec4 v0xa41e810_0;
    %assign/vec4 v0xa421030_0, 0;
    %load/vec4 v0xa41e740_0;
    %assign/vec4 v0xa420f50_0, 0;
    %load/vec4 v0xa41e8e0_0;
    %assign/vec4 v0xa421110_0, 0;
    %load/vec4 v0xa41e0d0_0;
    %assign/vec4 v0xa41ef70_0, 0;
    %load/vec4 v0xa41ea50_0;
    %assign/vec4 v0xa4212b0_0, 0;
    %load/vec4 v0xa41e9b0_0;
    %assign/vec4 v0xa4211f0_0, 0;
    %load/vec4 v0xa41df30_0;
    %assign/vec4 v0xa41d5b0_0, 0;
    %load/vec4 v0xa41ee00_0;
    %assign/vec4 v0xa421450_0, 0;
    %load/vec4 v0xa41ed30_0;
    %assign/vec4 v0xa421390_0, 0;
    %load/vec4 v0xa41e270_0;
    %assign/vec4 v0xa41f110_0, 0;
    %load/vec4 v0xa41d700_0;
    %assign/vec4 v0xa41ce70_0, 0;
    %load/vec4 v0xa41e4e0_0;
    %assign/vec4 v0xa420cb0_0, 0;
    %load/vec4 v0xa41e340_0;
    %assign/vec4 v0xa41f1f0_0, 0;
    %load/vec4 v0xa41d860_0;
    %assign/vec4 v0xa41cf70_0, 0;
    %load/vec4 v0xa41dbc0_0;
    %assign/vec4 v0xa41d350_0, 0;
    %load/vec4 v0xa41de70_0;
    %assign/vec4 v0xa41d4f0_0, 0;
    %load/vec4 v0xa41d920_0;
    %assign/vec4 v0xa41d050_0, 0;
    %load/vec4 v0xa41dc80_0;
    %assign/vec4 v0xa41d410_0, 0;
    %load/vec4 v0xa41dae0_0;
    %assign/vec4 v0xa41d220_0, 0;
    %load/vec4 v0xa41da00_0;
    %assign/vec4 v0xa41d140_0, 0;
    %jmp T_5;
    .thread T_5;
    .scope S_0x9fb59a0;
T_6 ;
    %wait E_0x9d2eb00;
    %load/vec4 v0xa452670_0;
    %addi 3, 0, 32;
    %ix/vec4 4;
    %load/vec4a v0xa4485a0, 4;
    %load/vec4 v0xa452670_0;
    %addi 2, 0, 32;
    %ix/vec4 4;
    %load/vec4a v0xa4485a0, 4;
    %concat/vec4; draw_concat_vec4
    %load/vec4 v0xa452670_0;
    %addi 1, 0, 32;
    %ix/vec4 4;
    %load/vec4a v0xa4485a0, 4;
    %concat/vec4; draw_concat_vec4
    %load/vec4 v0xa452670_0;
    %addi 0, 0, 32;
    %ix/vec4 4;
    %load/vec4a v0xa4485a0, 4;
    %concat/vec4; draw_concat_vec4
    %store/vec4 v0xa452730_0, 0, 32;
    %jmp T_6;
    .thread T_6, $push;
    .scope S_0x9fb59a0;
T_7 ;
    %wait E_0x9d2e430;
    %pushi/vec4 4294967295, 4294967295, 32;
    %store/vec4 v0xa448090_0, 0, 32;
    %load/vec4 v0xa4481e0_0;
    %load/vec4 v0xa447f80_0;
    %parti/s 1, 0, 2;
    %and;
    %flag_set/vec4 8;
    %jmp/0xz  T_7.0, 8;
    %load/vec4 v0xa447ec0_0;
    %addi 0, 0, 32;
    %ix/vec4 4;
    %load/vec4a v0xa43de30, 4;
    %ix/load 4, 0, 0;
    %flag_set/imm 4, 0;
    %store/vec4 v0xa448090_0, 4, 8;
T_7.0 ;
    %load/vec4 v0xa4481e0_0;
    %load/vec4 v0xa447f80_0;
    %parti/s 1, 1, 2;
    %and;
    %flag_set/vec4 8;
    %jmp/0xz  T_7.2, 8;
    %load/vec4 v0xa447ec0_0;
    %addi 1, 0, 32;
    %ix/vec4 4;
    %load/vec4a v0xa43de30, 4;
    %ix/load 4, 8, 0;
    %flag_set/imm 4, 0;
    %store/vec4 v0xa448090_0, 4, 8;
T_7.2 ;
    %load/vec4 v0xa4481e0_0;
    %load/vec4 v0xa447f80_0;
    %parti/s 1, 2, 3;
    %and;
    %flag_set/vec4 8;
    %jmp/0xz  T_7.4, 8;
    %load/vec4 v0xa447ec0_0;
    %addi 2, 0, 32;
    %ix/vec4 4;
    %load/vec4a v0xa43de30, 4;
    %ix/load 4, 16, 0;
    %flag_set/imm 4, 0;
    %store/vec4 v0xa448090_0, 4, 8;
T_7.4 ;
    %load/vec4 v0xa4481e0_0;
    %load/vec4 v0xa447f80_0;
    %parti/s 1, 3, 3;
    %and;
    %flag_set/vec4 8;
    %jmp/0xz  T_7.6, 8;
    %load/vec4 v0xa447ec0_0;
    %addi 3, 0, 32;
    %ix/vec4 4;
    %load/vec4a v0xa43de30, 4;
    %ix/load 4, 24, 0;
    %flag_set/imm 4, 0;
    %store/vec4 v0xa448090_0, 4, 8;
T_7.6 ;
    %jmp T_7;
    .thread T_7, $push;
    .scope S_0x9fb59a0;
T_8 ;
    %wait E_0x9d2f2b0;
    %load/vec4 v0xa4483d0_0;
    %load/vec4 v0xa447f80_0;
    %parti/s 1, 0, 2;
    %and;
    %flag_set/vec4 8;
    %jmp/0xz  T_8.0, 8;
    %load/vec4 v0xa448280_0;
    %parti/s 8, 0, 2;
    %load/vec4 v0xa447ec0_0;
    %addi 0, 0, 32;
    %ix/vec4 3;
    %ix/load 4, 0, 0; Constant delay
    %assign/vec4/a/d v0xa43de30, 0, 4;
T_8.0 ;
    %load/vec4 v0xa4483d0_0;
    %load/vec4 v0xa447f80_0;
    %parti/s 1, 1, 2;
    %and;
    %flag_set/vec4 8;
    %jmp/0xz  T_8.2, 8;
    %load/vec4 v0xa448280_0;
    %parti/s 8, 8, 5;
    %load/vec4 v0xa447ec0_0;
    %addi 1, 0, 32;
    %ix/vec4 3;
    %ix/load 4, 0, 0; Constant delay
    %assign/vec4/a/d v0xa43de30, 0, 4;
T_8.2 ;
    %load/vec4 v0xa4483d0_0;
    %load/vec4 v0xa447f80_0;
    %parti/s 1, 2, 3;
    %and;
    %flag_set/vec4 8;
    %jmp/0xz  T_8.4, 8;
    %load/vec4 v0xa448280_0;
    %parti/s 8, 16, 6;
    %load/vec4 v0xa447ec0_0;
    %addi 2, 0, 32;
    %ix/vec4 3;
    %ix/load 4, 0, 0; Constant delay
    %assign/vec4/a/d v0xa43de30, 0, 4;
T_8.4 ;
    %load/vec4 v0xa4483d0_0;
    %load/vec4 v0xa447f80_0;
    %parti/s 1, 3, 3;
    %and;
    %flag_set/vec4 8;
    %jmp/0xz  T_8.6, 8;
    %load/vec4 v0xa448280_0;
    %parti/s 8, 24, 6;
    %load/vec4 v0xa447ec0_0;
    %addi 3, 0, 32;
    %ix/vec4 3;
    %ix/load 4, 0, 0; Constant delay
    %assign/vec4/a/d v0xa43de30, 0, 4;
T_8.6 ;
    %jmp T_8;
    .thread T_8;
    .scope S_0x9fb59a0;
T_9 ;
    %pushi/vec4 1, 0, 1;
    %store/vec4 v0xa43dc90_0, 0, 1;
    %pushi/vec4 0, 0, 1;
    %store/vec4 v0xa453440_0, 0, 1;
    %vpi_call 2 110 "$display", "Loading program." {0 0 0};
    %vpi_call 2 111 "$readmemh", "program.mem", v0xa4485a0 {0 0 0};
    %vpi_call 2 114 "$display", "Resetting hart." {0 0 0};
    %wait E_0x9d2df80;
    %pushi/vec4 1, 0, 1;
    %store/vec4 v0xa453440_0, 0, 1;
    %wait E_0x9d2df80;
    %wait E_0x9d2df80;
    %wait E_0x9d2df80;
    %pushi/vec4 0, 0, 1;
    %store/vec4 v0xa453440_0, 0, 1;
    %vpi_call 2 120 "$display", "%-10s %-8s %-14s %-14s %s", "PC", "Inst", "rs1", "rs2", "[rd, load, store]" {0 0 0};
    %pushi/vec4 0, 0, 32;
    %store/vec4 v0xa43dd50_0, 0, 32;
    %pushi/vec4 1, 0, 32;
    %store/vec4 v0xa4534e0_0, 0, 32;
    %pushi/vec4 0, 0, 32;
    %store/vec4 v0xa452970_0, 0, 32;
T_9.0 ;
    %load/vec4 v0xa4534e0_0;
    %or/r;
    %flag_set/vec4 8;
    %jmp/0xz T_9.1, 8;
    %wait E_0x9d2f2b0;
    %load/vec4 v0xa43dd50_0;
    %addi 1, 0, 32;
    %store/vec4 v0xa43dd50_0, 0, 32;
    %load/vec4 v0xa453670_0;
    %flag_set/vec4 8;
    %jmp/0xz  T_9.2, 8;
    %load/vec4 v0xa452970_0;
    %addi 1, 0, 32;
    %store/vec4 v0xa452970_0, 0, 32;
    %load/vec4 v0xa4527f0_0;
    %parti/s 4, 0, 2;
    %cmpi/e 7, 0, 4;
    %jmp/1 T_9.7, 4;
    %flag_mov 8, 4;
    %load/vec4 v0xa4527f0_0;
    %parti/s 7, 0, 2;
    %cmpi/e 115, 0, 7;
    %flag_or 4, 8;
T_9.7;
    %jmp/1 T_9.6, 4;
    %flag_mov 8, 4;
    %load/vec4 v0xa4527f0_0;
    %parti/s 7, 0, 2;
    %cmpi/e 111, 0, 7;
    %flag_or 4, 8;
T_9.6;
    %jmp/0xz  T_9.4, 4;
    %vpi_call 2 133 "$write", "[%08h] %08h r[--]=-------- r[--]=--------", v0xa452a50_0, v0xa4527f0_0 {0 0 0};
    %jmp T_9.5;
T_9.4 ;
    %load/vec4 v0xa4527f0_0;
    %parti/s 7, 0, 2;
    %cmpi/e 19, 0, 7;
    %jmp/1 T_9.11, 4;
    %flag_mov 8, 4;
    %load/vec4 v0xa4527f0_0;
    %parti/s 7, 0, 2;
    %cmpi/e 3, 0, 7;
    %flag_or 4, 8;
T_9.11;
    %jmp/1 T_9.10, 4;
    %flag_mov 8, 4;
    %load/vec4 v0xa4527f0_0;
    %parti/s 7, 0, 2;
    %cmpi/e 103, 0, 7;
    %flag_or 4, 8;
T_9.10;
    %jmp/0xz  T_9.8, 4;
    %vpi_call 2 136 "$write", "[%08h] %08h r[%d]=%08h r[--]=--------", v0xa452a50_0, v0xa4527f0_0, v0xa4531a0_0, v0xa453260_0 {0 0 0};
    %jmp T_9.9;
T_9.8 ;
    %vpi_call 2 138 "$write", "[%08h] %08h r[%d]=%08h r[%d]=%08h", v0xa452a50_0, v0xa4527f0_0, v0xa4531a0_0, v0xa453260_0, v0xa453300_0, v0xa4533a0_0 {0 0 0};
T_9.9 ;
T_9.5 ;
    %load/vec4 v0xa452c20_0;
    %cmpi/ne 0, 0, 5;
    %jmp/0xz  T_9.12, 4;
    %vpi_call 2 142 "$write", " w[%d]=%08h", v0xa452c20_0, v0xa452ce0_0 {0 0 0};
T_9.12 ;
    %load/vec4 v0xa452fa0_0;
    %flag_set/vec4 8;
    %jmp/0xz  T_9.14, 8;
    %vpi_call 2 145 "$write", " l[%08h,%04b]=%08h", v0xa452d80_0, v0xa452e20_0, v0xa452ee0_0 {0 0 0};
T_9.14 ;
    %load/vec4 v0xa453100_0;
    %flag_set/vec4 8;
    %jmp/0xz  T_9.16, 8;
    %vpi_call 2 147 "$write", " s[%08h,%04b]=%08h", v0xa452d80_0, v0xa452e20_0, v0xa453040_0 {0 0 0};
T_9.16 ;
    %load/vec4 v0xa4535a0_0;
    %flag_set/vec4 8;
    %jmp/0xz  T_9.18, 8;
    %vpi_call 2 150 "$write", " TRAP" {0 0 0};
T_9.18 ;
    %vpi_call 2 151 "$display" {0 0 0};
    %load/vec4 v0xa448500_0;
    %flag_set/vec4 8;
    %jmp/0xz  T_9.20, 8;
    %pushi/vec4 0, 0, 32;
    %store/vec4 v0xa4534e0_0, 0, 32;
T_9.20 ;
T_9.2 ;
    %load/vec4 v0xa43dd50_0;
    %cmpi/s 40000, 0, 32;
    %flag_or 5, 4; GT is !LE
    %flag_inv 5;
    %jmp/0xz  T_9.22, 5;
    %vpi_call 2 158 "$display", "Program did not halt after 40000 cycles, aborting." {0 0 0};
    %pushi/vec4 0, 0, 32;
    %store/vec4 v0xa4534e0_0, 0, 32;
T_9.22 ;
    %jmp T_9.0;
T_9.1 ;
    %vpi_call 2 163 "$display", "Program halted after %d cycles.", v0xa43dd50_0 {0 0 0};
    %vpi_call 2 164 "$display", "Total instructions retired: %d", v0xa452970_0 {0 0 0};
    %load/vec4 v0xa452970_0;
    %cmpi/e 0, 0, 32;
    %jmp/0xz  T_9.24, 4;
    %vpi_call 2 166 "$display", "CPI: invalid (no instructions retired)" {0 0 0};
    %jmp T_9.25;
T_9.24 ;
    %load/vec4 v0xa43dd50_0;
    %cvt/rv/s;
    %pushi/real 1073741824, 4066; load=1.00000
    %load/vec4 v0xa452970_0;
    %cvt/rv/s;
    %mul/wr;
    %div/wr;
    %vpi_call 2 168 "$display", "CPI: %f", W<0,r> {0 1 0};
T_9.25 ;
    %vpi_call 2 169 "$finish" {0 0 0};
    %end;
    .thread T_9;
    .scope S_0x9fb59a0;
T_10 ;
    %pushi/vec4 0, 0, 32;
    %store/vec4 v0xa453740_0, 0, 32;
T_10.0 ; Top of for-loop
    %load/vec4 v0xa453740_0;
    %cmpi/s 40000, 0, 32;
	  %jmp/0xz T_10.1, 5;
    %wait E_0x9d2f2b0;
T_10.2 ; for-loop step statement
    %load/vec4 v0xa453740_0;
    %addi 1, 0, 32;
    %store/vec4 v0xa453740_0, 0, 32;
    %jmp T_10.0;
T_10.1 ; for-loop exit label
    %vpi_call 2 178 "$finish" {0 0 0};
    %end;
    .thread T_10;
    .scope S_0x9fb59a0;
T_11 ;
    %delay 5000, 0;
    %load/vec4 v0xa43dc90_0;
    %inv;
    %store/vec4 v0xa43dc90_0, 0, 1;
    %jmp T_11;
    .thread T_11;
# The file index is used to find the file name in the following table.
:file_names 25;
    "N/A";
    "<interactive>";
    "tb.v";
    "../rtl/hart.v";
    "../rtl/exe_mem_reg.v";
    "../rtl/execute.v";
    "../rtl/alu.v";
    "../rtl/add_pg_32.v";
    "../rtl/add_pg_16.v";
    "../rtl/add_pg_4.v";
    "../rtl/shifter.v";
    "../rtl/slt.v";
    "../rtl/branch_control.v";
    "../rtl/id_exe_reg.v";
    "../rtl/if_id_reg.v";
    "../rtl/instruction_decode.v";
    "../rtl/control_unit.v";
    "../rtl/imm.v";
    "../rtl/rf.v";
    "../rtl/instruction_fetch.v";
    "../rtl/pc.v";
    "../rtl/mem_wr_reg.v";
    "../rtl/memory.v";
    "../rtl/mem_mask_control.v";
    "../rtl/write_back.v";
